(Var "oz4")	oz1,oz2,oz3,oz4,oz5,oz6,oz7,oz8,oz9,oz10,oz11,oz12,oz13,oz14,oz15,oz16,oz17,oz18,oz19,oz20,oz21,oz22,oz23,oz24,oz25,oz26,oz27,oz28,oz29,oz30,oz31,oz32,oz33,oz34,oz35,oz36,oz37,oz38,oz39,oz40,oz41,oz42,oz43,oz44,oz45,oz46,oz47,oz48,oz49,oz50
(Num -1.0)	LOW,AGE,LWT,RACE,SMOKE,PTL,HT,UI,FTV
(Var "oz1")	oz1,oz2,oz3,oz4,oz5,oz6,oz7,oz8,oz9,oz10,oz11,oz12,oz13,oz14,oz15,oz16,oz17,oz18,oz19,oz20,oz21,oz22,oz23,oz24,oz25,oz26,oz27,oz28,oz29,oz30,oz31,oz32,oz33,oz34,oz35,oz36,oz37,oz38,oz39,oz40,oz41,oz42,oz43,oz44,oz45,oz46,oz47,oz48,oz49,oz50
(Var "cars_per_hour")	cars_per_hour,temperature_at_2m,wind_speed,temperature_diff_2m_25m,wind_direction,hour_of_day,day
(Num 0.0)	absorbance_1,absorbance_2,absorbance_3,absorbance_4,absorbance_5,absorbance_6,absorbance_7,absorbance_8,absorbance_9,absorbance_10,absorbance_11,absorbance_12,absorbance_13,absorbance_14,absorbance_15,absorbance_16,absorbance_17,absorbance_18,absorbance_19,absorbance_20,absorbance_21,absorbance_22,absorbance_23,absorbance_24,absorbance_25,absorbance_26,absorbance_27,absorbance_28,absorbance_29,absorbance_30,absorbance_31,absorbance_32,absorbance_33,absorbance_34,absorbance_35,absorbance_36,absorbance_37,absorbance_38,absorbance_39,absorbance_40,absorbance_41,absorbance_42,absorbance_43,absorbance_44,absorbance_45,absorbance_46,absorbance_47,absorbance_48,absorbance_49,absorbance_50,absorbance_51,absorbance_52,absorbance_53,absorbance_54,absorbance_55,absorbance_56,absorbance_57,absorbance_58,absorbance_59,absorbance_60,absorbance_61,absorbance_62,absorbance_63,absorbance_64,absorbance_65,absorbance_66,absorbance_67,absorbance_68,absorbance_69,absorbance_70,absorbance_71,absorbance_72,absorbance_73,absorbance_74,absorbance_75,absorbance_76,absorbance_77,absorbance_78,absorbance_79,absorbance_80,absorbance_81,absorbance_82,absorbance_83,absorbance_84,absorbance_85,absorbance_86,absorbance_87,absorbance_88,absorbance_89,absorbance_90,absorbance_91,absorbance_92,absorbance_93,absorbance_94,absorbance_95,absorbance_96,absorbance_97,absorbance_98,absorbance_99,absorbance_100,principal_component_1,principal_component_2,principal_component_3,principal_component_4,principal_component_5,principal_component_6,principal_component_7,principal_component_8,principal_component_9,principal_component_10,principal_component_11,principal_component_12,principal_component_13,principal_component_14,principal_component_15,principal_component_16,principal_component_17,principal_component_18,principal_component_19,principal_component_20,principal_component_21,principal_component_22,moisture,protein
(Var "oz2")	oz1,oz2,oz3,oz4,oz5,oz6,oz7,oz8,oz9,oz10,oz11,oz12,oz13,oz14,oz15,oz16,oz17,oz18,oz19,oz20,oz21,oz22,oz23,oz24,oz25,oz26,oz27,oz28,oz29,oz30,oz31,oz32,oz33,oz34,oz35,oz36,oz37,oz38,oz39,oz40,oz41,oz42,oz43,oz44,oz45,oz46,oz47,oz48,oz49,oz50
(Abs (Var "oz3"))	oz1,oz2,oz3,oz4,oz5,oz6,oz7,oz8,oz9,oz10
(Num 1.0)	lread,lwrite,scall,sread,swrite,fork,exec,rchar,wchar,pgout,ppgout,pgfree,pgscan,atch,pgin,ppgin,pflt,vflt,runqsz,freemem,freeswap
(Var "in3")	in1,in2,in3,in4
(Var "In2")	In1,In2,In3,In4
(Var "in2")	in1,in2,in3,in4
(Pow2 (Var "oz3"))	oz1,oz2,oz3,oz4,oz5,oz6,oz7,oz8,oz9,oz10,oz11,oz12,oz13,oz14,oz15,oz16,oz17,oz18,oz19,oz20,oz21,oz22,oz23,oz24,oz25
(Var "Total00")	Bush00,Buchanan00,Nader00,Browne00,Hagelin00,Harris00,McReynolds00,Moorehead00,Phillips00,Total00,Clinton96,Dole96,Perot96,Total96
(Tanh (Var "oz2"))	oz1,oz2,oz3,oz4,oz5,oz6,oz7,oz8,oz9,oz10,oz11,oz12,oz13,oz14,oz15,oz16,oz17,oz18,oz19,oz20,oz21,oz22,oz23,oz24,oz25,oz26,oz27,oz28,oz29,oz30,oz31,oz32,oz33,oz34,oz35,oz36,oz37,oz38,oz39,oz40,oz41,oz42,oz43,oz44,oz45,oz46,oz47,oz48,oz49,oz50
(Var "in1")	in1,in2,in3,in4
(Var "Ed")	R,Age,S,Ed,Ex0,Ex1,LF,M,N,NW,U1,U2,W
(Var "W")	R,Age,S,Ed,Ex0,Ex1,LF,M,N,NW,U1,U2,W
(Var "Party")	Party,Bills
(Neg (Var "Bush00"))	Bush00,Buchanan00,Nader00,Browne00,Hagelin00,Harris00,McReynolds00,Moorehead00,Phillips00,Total00,Clinton96,Dole96,Perot96,Total96
(Var "col_1")	col_1,col_2
(Var "median_income")	median_income,housing_median_age,total_rooms,total_bedrooms,population,households,latitude,longitude
(Var "protein")	absorbance_1,absorbance_2,absorbance_3,absorbance_4,absorbance_5,absorbance_6,absorbance_7,absorbance_8,absorbance_9,absorbance_10,absorbance_11,absorbance_12,absorbance_13,absorbance_14,absorbance_15,absorbance_16,absorbance_17,absorbance_18,absorbance_19,absorbance_20,absorbance_21,absorbance_22,absorbance_23,absorbance_24,absorbance_25,absorbance_26,absorbance_27,absorbance_28,absorbance_29,absorbance_30,absorbance_31,absorbance_32,absorbance_33,absorbance_34,absorbance_35,absorbance_36,absorbance_37,absorbance_38,absorbance_39,absorbance_40,absorbance_41,absorbance_42,absorbance_43,absorbance_44,absorbance_45,absorbance_46,absorbance_47,absorbance_48,absorbance_49,absorbance_50,absorbance_51,absorbance_52,absorbance_53,absorbance_54,absorbance_55,absorbance_56,absorbance_57,absorbance_58,absorbance_59,absorbance_60,absorbance_61,absorbance_62,absorbance_63,absorbance_64,absorbance_65,absorbance_66,absorbance_67,absorbance_68,absorbance_69,absorbance_70,absorbance_71,absorbance_72,absorbance_73,absorbance_74,absorbance_75,absorbance_76,absorbance_77,absorbance_78,absorbance_79,absorbance_80,absorbance_81,absorbance_82,absorbance_83,absorbance_84,absorbance_85,absorbance_86,absorbance_87,absorbance_88,absorbance_89,absorbance_90,absorbance_91,absorbance_92,absorbance_93,absorbance_94,absorbance_95,absorbance_96,absorbance_97,absorbance_98,absorbance_99,absorbance_100,principal_component_1,principal_component_2,principal_component_3,principal_component_4,principal_component_5,principal_component_6,principal_component_7,principal_component_8,principal_component_9,principal_component_10,principal_component_11,principal_component_12,principal_component_13,principal_component_14,principal_component_15,principal_component_16,principal_component_17,principal_component_18,principal_component_19,principal_component_20,principal_component_21,principal_component_22,moisture,protein
(Var "X4")	X1,X2,X3,X4,X5,X6,X7,X8,X9,X10
(Tanh (Var "oz1"))	oz1,oz2,oz3,oz4,oz5,oz6,oz7,oz8,oz9,oz10,oz11,oz12,oz13,oz14,oz15,oz16,oz17,oz18,oz19,oz20,oz21,oz22,oz23,oz24,oz25,oz26,oz27,oz28,oz29,oz30,oz31,oz32,oz33,oz34,oz35,oz36,oz37,oz38,oz39,oz40,oz41,oz42,oz43,oz44,oz45,oz46,oz47,oz48,oz49,oz50
(Var "in4")	in1,in2,in3,in4
(Var "x6")	x1,x2,x3,x4,x5,x6,x7,x8,x9,x10
(Var "CHMAX")	MYCT,MMIN,MMAX,CACH,CHMIN,CHMAX
(Var "x1")	x1,x2,x3,x4,x5,x6,x7,x8,x9,x10
(Var "moisture")	absorbance_1,absorbance_2,absorbance_3,absorbance_4,absorbance_5,absorbance_6,absorbance_7,absorbance_8,absorbance_9,absorbance_10,absorbance_11,absorbance_12,absorbance_13,absorbance_14,absorbance_15,absorbance_16,absorbance_17,absorbance_18,absorbance_19,absorbance_20,absorbance_21,absorbance_22,absorbance_23,absorbance_24,absorbance_25,absorbance_26,absorbance_27,absorbance_28,absorbance_29,absorbance_30,absorbance_31,absorbance_32,absorbance_33,absorbance_34,absorbance_35,absorbance_36,absorbance_37,absorbance_38,absorbance_39,absorbance_40,absorbance_41,absorbance_42,absorbance_43,absorbance_44,absorbance_45,absorbance_46,absorbance_47,absorbance_48,absorbance_49,absorbance_50,absorbance_51,absorbance_52,absorbance_53,absorbance_54,absorbance_55,absorbance_56,absorbance_57,absorbance_58,absorbance_59,absorbance_60,absorbance_61,absorbance_62,absorbance_63,absorbance_64,absorbance_65,absorbance_66,absorbance_67,absorbance_68,absorbance_69,absorbance_70,absorbance_71,absorbance_72,absorbance_73,absorbance_74,absorbance_75,absorbance_76,absorbance_77,absorbance_78,absorbance_79,absorbance_80,absorbance_81,absorbance_82,absorbance_83,absorbance_84,absorbance_85,absorbance_86,absorbance_87,absorbance_88,absorbance_89,absorbance_90,absorbance_91,absorbance_92,absorbance_93,absorbance_94,absorbance_95,absorbance_96,absorbance_97,absorbance_98,absorbance_99,absorbance_100,principal_component_1,principal_component_2,principal_component_3,principal_component_4,principal_component_5,principal_component_6,principal_component_7,principal_component_8,principal_component_9,principal_component_10,principal_component_11,principal_component_12,principal_component_13,principal_component_14,principal_component_15,principal_component_16,principal_component_17,principal_component_18,principal_component_19,principal_component_20,principal_component_21,principal_component_22,moisture,protein
(Var "temperature_diff_2m_25m")	cars_per_hour,temperature_at_2m,wind_speed,temperature_diff_2m_25m,wind_direction,hour_of_day,day
(Var "Scorer_2")	Scorer_1,Scorer_2,Subject
(Pow3 (Tanh (Var "oz4")))	oz1,oz2,oz3,oz4,oz5,oz6,oz7,oz8,oz9,oz10,oz11,oz12,oz13,oz14,oz15,oz16,oz17,oz18,oz19,oz20,oz21,oz22,oz23,oz24,oz25
(Tanh (Var "oz5"))	oz1,oz2,oz3,oz4,oz5,oz6,oz7,oz8,oz9,oz10,oz11,oz12,oz13,oz14,oz15,oz16,oz17,oz18,oz19,oz20,oz21,oz22,oz23,oz24,oz25
(Cos (Var "oz2"))	oz1,oz2,oz3,oz4,oz5,oz6,oz7,oz8,oz9,oz10,oz11,oz12,oz13,oz14,oz15,oz16,oz17,oz18,oz19,oz20,oz21,oz22,oz23,oz24,oz25,oz26,oz27,oz28,oz29,oz30,oz31,oz32,oz33,oz34,oz35,oz36,oz37,oz38,oz39,oz40,oz41,oz42,oz43,oz44,oz45,oz46,oz47,oz48,oz49,oz50
(ProtectedExp (Var "oz4"))	oz1,oz2,oz3,oz4,oz5
(Sin (Var "oz1"))	oz1,oz2,oz3,oz4,oz5,oz6,oz7,oz8,oz9,oz10
(Var "northsouth")	eastwest,northsouth,angle,radialposition
(Var "Scorer_1")	Scorer_1,Scorer_2,Subject
(Var "col_2")	col_1,col_2
(Add (Sqrt (Pow2 (Sub (Sqrt (Add (Num 0.0) (Var "In1"))) (ProtectedInv (Add (Var "In2") (Pow2 (Var "In3"))))))) (Var "In4"))	In1,In2,In3,In4
(Inv (ProtectedInv (Var "In3")))	In1,In2,In3,In4
(Add (Add (Var "In1") (Var "In2")) (ProtectedLog (Cos (Pow (Pow (Var "In2") (Var "In3")) (ProtectedSqrt (Pow (ProtectedLog (Var "In1")) (Pow2 (Sub (Inv (Add (Cos (Num 0.0)) (Var "In1"))) (Var "In3")))))))))	In1,In2,In3,In4
(Var "x5")	x1,x2,x3,x4,x5,x6,x7,x8,x9,x10
(Cos (Exp (Var "oz1")))	oz1,oz2,oz3,oz4,oz5,oz6,oz7,oz8,oz9,oz10,oz11,oz12,oz13,oz14,oz15,oz16,oz17,oz18,oz19,oz20,oz21,oz22,oz23,oz24,oz25
(Neg (Var "oz2"))	oz1,oz2,oz3,oz4,oz5,oz6,oz7,oz8,oz9,oz10,oz11,oz12,oz13,oz14,oz15,oz16,oz17,oz18,oz19,oz20,oz21,oz22,oz23,oz24,oz25
(Add (Var "oz1") (Var "oz5"))	oz1,oz2,oz3,oz4,oz5,oz6,oz7,oz8,oz9,oz10,oz11,oz12,oz13,oz14,oz15,oz16,oz17,oz18,oz19,oz20,oz21,oz22,oz23,oz24,oz25
(ProtectedExp (Var "oz2"))	oz1,oz2,oz3,oz4,oz5,oz6,oz7,oz8,oz9,oz10,oz11,oz12,oz13,oz14,oz15,oz16,oz17,oz18,oz19,oz20,oz21,oz22,oz23,oz24,oz25,oz26,oz27,oz28,oz29,oz30,oz31,oz32,oz33,oz34,oz35,oz36,oz37,oz38,oz39,oz40,oz41,oz42,oz43,oz44,oz45,oz46,oz47,oz48,oz49,oz50
(Add (Var "oz4") (Var "oz1"))	oz1,oz2,oz3,oz4,oz5,oz6,oz7,oz8,oz9,oz10,oz11,oz12,oz13,oz14,oz15,oz16,oz17,oz18,oz19,oz20,oz21,oz22,oz23,oz24,oz25
(Tanh (Exp (Var "oz5")))	oz1,oz2,oz3,oz4,oz5,oz6,oz7,oz8,oz9,oz10
(Sin (Var "oz4"))	oz1,oz2,oz3,oz4,oz5,oz6,oz7,oz8,oz9,oz10
(Tanh (Tanh (Var "oz2")))	oz1,oz2,oz3,oz4,oz5,oz6,oz7,oz8,oz9,oz10,oz11,oz12,oz13,oz14,oz15,oz16,oz17,oz18,oz19,oz20,oz21,oz22,oz23,oz24,oz25
(Var "runqsz")	lread,lwrite,scall,sread,swrite,fork,exec,rchar,wchar,pgout,ppgout,pgfree,pgscan,atch,pgin,ppgin,pflt,vflt,runqsz,freemem,freeswap
(Var "f5")	f1,f2,f3,f4,f5,f6,f7,f8,f9,f10,f11,f12,f13,f14,f15,f16,f17,f18,f19,f20,f21,f22,f23,f24,f25,f26,f27,f28,f29,f30,f31,f32,f33,f34,f35,f36,f37,f38,f39,f40,f41,f42,f43,f44,f45,f46,f47,f48
(Var "MMAX")	MYCT,MMIN,MMAX,CACH,CHMIN,CHMAX
(Var "MMIN")	MYCT,MMIN,MMAX,CACH,CHMIN,CHMAX
(Var "x8")	x1,x2,x3,x4,x5,x6,x7,x8,x9,x10
(Var "CLO")	year,month,day,RPT,VAL,ROS,KIL,SHA,BIR,DUB,CLA,MUL,CLO,BEL
(Var "DUB")	year,month,day,RPT,VAL,ROS,KIL,SHA,BIR,DUB,CLA,MUL,CLO,BEL
(Var "principal_component_9")	absorbance_1,absorbance_2,absorbance_3,absorbance_4,absorbance_5,absorbance_6,absorbance_7,absorbance_8,absorbance_9,absorbance_10,absorbance_11,absorbance_12,absorbance_13,absorbance_14,absorbance_15,absorbance_16,absorbance_17,absorbance_18,absorbance_19,absorbance_20,absorbance_21,absorbance_22,absorbance_23,absorbance_24,absorbance_25,absorbance_26,absorbance_27,absorbance_28,absorbance_29,absorbance_30,absorbance_31,absorbance_32,absorbance_33,absorbance_34,absorbance_35,absorbance_36,absorbance_37,absorbance_38,absorbance_39,absorbance_40,absorbance_41,absorbance_42,absorbance_43,absorbance_44,absorbance_45,absorbance_46,absorbance_47,absorbance_48,absorbance_49,absorbance_50,absorbance_51,absorbance_52,absorbance_53,absorbance_54,absorbance_55,absorbance_56,absorbance_57,absorbance_58,absorbance_59,absorbance_60,absorbance_61,absorbance_62,absorbance_63,absorbance_64,absorbance_65,absorbance_66,absorbance_67,absorbance_68,absorbance_69,absorbance_70,absorbance_71,absorbance_72,absorbance_73,absorbance_74,absorbance_75,absorbance_76,absorbance_77,absorbance_78,absorbance_79,absorbance_80,absorbance_81,absorbance_82,absorbance_83,absorbance_84,absorbance_85,absorbance_86,absorbance_87,absorbance_88,absorbance_89,absorbance_90,absorbance_91,absorbance_92,absorbance_93,absorbance_94,absorbance_95,absorbance_96,absorbance_97,absorbance_98,absorbance_99,absorbance_100,principal_component_1,principal_component_2,principal_component_3,principal_component_4,principal_component_5,principal_component_6,principal_component_7,principal_component_8,principal_component_9,principal_component_10,principal_component_11,principal_component_12,principal_component_13,principal_component_14,principal_component_15,principal_component_16,principal_component_17,principal_component_18,principal_component_19,principal_component_20,principal_component_21,principal_component_22,moisture,protein
(Var "Bills")	Party,Bills
(Var "X1")	X1,X2,X3,X4,X5,X6,X7,X8,X9,X10
(Var "X2")	X1,X2,X3,X4,X5,X6,X7,X8,X9,X10
(Pow2 (Var "oz5"))	oz1,oz2,oz3,oz4,oz5,oz6,oz7,oz8,oz9,oz10,oz11,oz12,oz13,oz14,oz15,oz16,oz17,oz18,oz19,oz20,oz21,oz22,oz23,oz24,oz25
(Var "oz5")	oz1,oz2,oz3,oz4,oz5,oz6,oz7,oz8,oz9,oz10
(Exp (Var "oz2"))	oz1,oz2,oz3,oz4,oz5,oz6,oz7,oz8,oz9,oz10,oz11,oz12,oz13,oz14,oz15,oz16,oz17,oz18,oz19,oz20,oz21,oz22,oz23,oz24,oz25,oz26,oz27,oz28,oz29,oz30,oz31,oz32,oz33,oz34,oz35,oz36,oz37,oz38,oz39,oz40,oz41,oz42,oz43,oz44,oz45,oz46,oz47,oz48,oz49,oz50
(Neg (Var "col_2"))	col_1,col_2
(Var "angle")	eastwest,northsouth,angle,radialposition
(Var "x0")	x0,x1,x2,x3
(Sin (Var "oz2"))	oz1,oz2,oz3,oz4,oz5,oz6,oz7,oz8,oz9,oz10,oz11,oz12,oz13,oz14,oz15,oz16,oz17,oz18,oz19,oz20,oz21,oz22,oz23,oz24,oz25,oz26,oz27,oz28,oz29,oz30,oz31,oz32,oz33,oz34,oz35,oz36,oz37,oz38,oz39,oz40,oz41,oz42,oz43,oz44,oz45,oz46,oz47,oz48,oz49,oz50
(Cos (Var "oz1"))	oz1,oz2,oz3,oz4,oz5,oz6,oz7,oz8,oz9,oz10,oz11,oz12,oz13,oz14,oz15,oz16,oz17,oz18,oz19,oz20,oz21,oz22,oz23,oz24,oz25
(Sin (Add (Var "oz1") (Var "oz2")))	oz1,oz2,oz3,oz4,oz5,oz6,oz7,oz8,oz9,oz10
(Pow3 (Var "oz5"))	oz1,oz2,oz3,oz4,oz5,oz6,oz7,oz8,oz9,oz10,oz11,oz12,oz13,oz14,oz15,oz16,oz17,oz18,oz19,oz20,oz21,oz22,oz23,oz24,oz25,oz26,oz27,oz28,oz29,oz30,oz31,oz32,oz33,oz34,oz35,oz36,oz37,oz38,oz39,oz40,oz41,oz42,oz43,oz44,oz45,oz46,oz47,oz48,oz49,oz50
(Var "Ex1")	R,Age,S,Ed,Ex0,Ex1,LF,M,N,NW,U1,U2,W
(Neg (Var "R"))	R,Age,S,Ed,Ex0,Ex1,LF,M,N,NW,U1,U2,W
(Neg (Var "wind_speed"))	cars_per_hour,temperature_at_2m,wind_speed,temperature_diff_2m_25m,wind_direction,hour_of_day,day
(Pow (ProtectedSqrt (Pow3 (Var "oz1"))) (Var "oz2"))	oz1,oz2,oz3,oz4,oz5
(Var "year")	year,month,day,RPT,VAL,ROS,KIL,SHA,BIR,DUB,CLA,MUL,CLO,BEL
(Var "LOW")	LOW,AGE,LWT,RACE,SMOKE,PTL,HT,UI,FTV
(ProtectedSqrt (ProtectedExp (Var "oz4")))	oz1,oz2,oz3,oz4,oz5,oz6,oz7,oz8,oz9,oz10,oz11,oz12,oz13,oz14,oz15,oz16,oz17,oz18,oz19,oz20,oz21,oz22,oz23,oz24,oz25
(Var "total_bedrooms")	median_income,housing_median_age,total_rooms,total_bedrooms,population,households,latitude,longitude
(Var "MUL")	year,month,day,RPT,VAL,ROS,KIL,SHA,BIR,DUB,CLA,MUL,CLO,BEL
(Var "households")	median_income,housing_median_age,total_rooms,total_bedrooms,population,households,latitude,longitude
(Neg (Var "Nader00"))	Bush00,Buchanan00,Nader00,Browne00,Hagelin00,Harris00,McReynolds00,Moorehead00,Phillips00,Total00,Clinton96,Dole96,Perot96,Total96
(Sub (Var "Total00") (Var "Browne00"))	Bush00,Buchanan00,Nader00,Browne00,Hagelin00,Harris00,McReynolds00,Moorehead00,Phillips00,Total00,Clinton96,Dole96,Perot96,Total96
(Mul (Tanh (ProtectedInv (Pow3 (Sin (ProtectedSqrt (Log (Pow3 (Var "Clinton96")))))))) (Var "Buchanan00"))	Bush00,Buchanan00,Nader00,Browne00,Hagelin00,Harris00,McReynolds00,Moorehead00,Phillips00,Total00,Clinton96,Dole96,Perot96,Total96
(ProtectedDiv (Var "Nader00") (Num -1.0))	Bush00,Buchanan00,Nader00,Browne00,Hagelin00,Harris00,McReynolds00,Moorehead00,Phillips00,Total00,Clinton96,Dole96,Perot96,Total96
(Var "G")	m1,m2,G,x1,x2,y1,y2,z1,z2
(Sin (Div (Var "m1") (Pow2 (Sub (Var "y2") (Add (Var "z1") (Var "y1"))))))	m1,m2,G,x1,x2,y1,y2,z1,z2
(Add (Abs (Var "x2")) (Var "z2"))	m1,m2,G,x1,x2,y1,y2,z1,z2
(Add (Var "in2") (Var "in4"))	in1,in2,in3,in4
(ProtectedSqrt (Mul (Var "in1") (Var "in3")))	in1,in2,in3,in4
(Add (Var "in4") (ProtectedSqrt (Add (Num -1.0) (Var "in3"))))	in1,in2,in3,in4
(Inv (ProtectedInv (Var "in1")))	in1,in2,in3,in4
(Add (Exp (Sin (ProtectedInv (Pow2 (Var "x1"))))) (Pow2 (ProtectedExp (Cos (Neg (ProtectedExp (Pow (Var "x6") (Var "x6"))))))))	x0,x1,x2,x3,x4,x5,x6,x7,x8
(ProtectedSqrt (Mul (ProtectedExp (Tan (Exp (ProtectedDiv (Abs (Var "x3")) (ProtectedSqrt (Var "x0")))))) (Tanh (Var "x2"))))	x0,x1,x2,x3,x4,x5,x6,x7,x8
(ProtectedDiv (ProtectedLog (Sub (Abs (Var "x0")) (ProtectedExp (Var "x6")))) (Var "x4"))	x0,x1,x2,x3,x4,x5,x6,x7,x8
(Sqrt (Inv (Tanh (ProtectedInv (Add (Add (Var "pflt") (Var "swrite")) (Add (Var "exec") (Var "lread")))))))	lread,lwrite,scall,sread,swrite,fork,exec,rchar,wchar,pgout,ppgout,pgfree,pgscan,atch,pgin,ppgin,pflt,vflt,runqsz,freemem,freeswap
(Sqrt (Sub (Sqrt (Var "freeswap")) (Sin (Sub (Num -1.0) (Var "fork")))))	lread,lwrite,scall,sread,swrite,fork,exec,rchar,wchar,pgout,ppgout,pgfree,pgscan,atch,pgin,ppgin,pflt,vflt,runqsz,freemem,freeswap
(Tan (Tan (ProtectedInv (ProtectedSqrt (Var "freeswap")))))	lread,lwrite,scall,sread,swrite,fork,exec,rchar,wchar,pgout,ppgout,pgfree,pgscan,atch,pgin,ppgin,pflt,vflt,runqsz,freemem,freeswap
(Add (Var "f21") (ProtectedDiv (Sub (Neg (Var "f32")) (ProtectedExp (Sub (Tan (ProtectedExp (Tan (ProtectedSqrt (Sub (ProtectedLog (Var "f30")) (ProtectedSqrt (Var "f2"))))))) (Pow2 (Var "f29"))))) (Cos (ProtectedInv (Var "f28")))))	f1,f2,f3,f4,f5,f6,f7,f8,f9,f10,f11,f12,f13,f14,f15,f16,f17,f18,f19,f20,f21,f22,f23,f24,f25,f26,f27,f28,f29,f30,f31,f32,f33,f34,f35,f36,f37,f38,f39,f40,f41,f42,f43,f44,f45,f46,f47,f48
(Sub (Var "f19") (Var "f8"))	f1,f2,f3,f4,f5,f6,f7,f8,f9,f10,f11,f12,f13,f14,f15,f16,f17,f18,f19,f20,f21,f22,f23,f24,f25,f26,f27,f28,f29,f30,f31,f32,f33,f34,f35,f36,f37,f38,f39,f40,f41,f42,f43,f44,f45,f46,f47,f48
(Add (Num 1.0) (Pow (Var "f3") (Sin (ProtectedExp (ProtectedDiv (Sub (Var "f6") (Var "f27")) (Var "f5"))))))	f1,f2,f3,f4,f5,f6,f7,f8,f9,f10,f11,f12,f13,f14,f15,f16,f17,f18,f19,f20,f21,f22,f23,f24,f25,f26,f27,f28,f29,f30,f31,f32,f33,f34,f35,f36,f37,f38,f39,f40,f41,f42,f43,f44,f45,f46,f47,f48
(Add (Var "f7") (ProtectedInv (Inv (Var "f20"))))	f1,f2,f3,f4,f5,f6,f7,f8,f9,f10,f11,f12,f13,f14,f15,f16,f17,f18,f19,f20,f21,f22,f23,f24,f25,f26,f27,f28,f29,f30,f31,f32,f33,f34,f35,f36,f37,f38,f39,f40,f41,f42,f43,f44,f45,f46,f47,f48
(Sub (Exp (Sub (Tan (Pow3 (Var "x1"))) (Cos (Sub (Var "x3") (Num -1.0))))) (Num -1.0))	x1,x2,x3,x4,x5,x6,x7,x8,x9,x10
(Sin (Tanh (Var "x6")))	x1,x2,x3,x4,x5,x6,x7,x8,x9,x10
(Add (Num 1.0) (Add (ProtectedSqrt (Sub (ProtectedSqrt (Add (ProtectedDiv (Pow (Pow2 (Sub (Num -1.0) (Var "MYCT"))) (Sin (Var "MMAX"))) (ProtectedLog (Cos (Var "MYCT")))) (Var "MMIN"))) (Neg (Add (Var "CACH") (ProtectedLog (Var "CACH")))))) (Var "CHMAX")))	MYCT,MMIN,MMAX,CACH,CHMIN,CHMAX
(Sub (Var "MYCT") (Var "MMAX"))	MYCT,MMIN,MMAX,CACH,CHMIN,CHMAX
(Add (Num 1.0) (Add (Num 1.0) (Add (Cos (Abs (ProtectedSqrt (Var "x10")))) (ProtectedExp (Pow (Pow3 (Pow (Var "x10") (Div (Var "x6") (Var "x10")))) (Tanh (Sin (Sin (Var "x4")))))))))	x1,x2,x3,x4,x5,x6,x7,x8,x9,x10
(ProtectedSqrt (Var "x10"))	x1,x2,x3,x4,x5,x6,x7,x8,x9,x10
(ProtectedDiv (Add (Add (Var "x6") (ProtectedExp (Tanh (Abs (ProtectedInv (Var "x6")))))) (Var "x8")) (Exp (Add (Var "x8") (Var "x8"))))	x1,x2,x3,x4,x5,x6,x7,x8,x9,x10
(Tanh (Abs (ProtectedDiv (Inv (Var "x1")) (Var "x0"))))	x0,x1,x2,x3
(Mul (Var "CLO") (Sqrt (Var "BEL")))	year,month,day,RPT,VAL,ROS,KIL,SHA,BIR,DUB,CLA,MUL,CLO,BEL
(Sub (Sub (Var "BIR") (Mul (Var "month") (ProtectedDiv (Var "month") (Add (Tanh (Sqrt (Pow3 (Tanh (Var "CLO"))))) (Var "BIR"))))) (Var "year"))	year,month,day,RPT,VAL,ROS,KIL,SHA,BIR,DUB,CLA,MUL,CLO,BEL
(Sub (Sub (Var "VAL") (Var "year")) (ProtectedLog (Tan (Var "month"))))	year,month,day,RPT,VAL,ROS,KIL,SHA,BIR,DUB,CLA,MUL,CLO,BEL
(Sub (Num -1.0) (Add (Var "DUB") (ProtectedSqrt (Var "BEL"))))	year,month,day,RPT,VAL,ROS,KIL,SHA,BIR,DUB,CLA,MUL,CLO,BEL
(Add (Sub (Var "absorbance_82") (Var "absorbance_37")) (Var "moisture"))	absorbance_1,absorbance_2,absorbance_3,absorbance_4,absorbance_5,absorbance_6,absorbance_7,absorbance_8,absorbance_9,absorbance_10,absorbance_11,absorbance_12,absorbance_13,absorbance_14,absorbance_15,absorbance_16,absorbance_17,absorbance_18,absorbance_19,absorbance_20,absorbance_21,absorbance_22,absorbance_23,absorbance_24,absorbance_25,absorbance_26,absorbance_27,absorbance_28,absorbance_29,absorbance_30,absorbance_31,absorbance_32,absorbance_33,absorbance_34,absorbance_35,absorbance_36,absorbance_37,absorbance_38,absorbance_39,absorbance_40,absorbance_41,absorbance_42,absorbance_43,absorbance_44,absorbance_45,absorbance_46,absorbance_47,absorbance_48,absorbance_49,absorbance_50,absorbance_51,absorbance_52,absorbance_53,absorbance_54,absorbance_55,absorbance_56,absorbance_57,absorbance_58,absorbance_59,absorbance_60,absorbance_61,absorbance_62,absorbance_63,absorbance_64,absorbance_65,absorbance_66,absorbance_67,absorbance_68,absorbance_69,absorbance_70,absorbance_71,absorbance_72,absorbance_73,absorbance_74,absorbance_75,absorbance_76,absorbance_77,absorbance_78,absorbance_79,absorbance_80,absorbance_81,absorbance_82,absorbance_83,absorbance_84,absorbance_85,absorbance_86,absorbance_87,absorbance_88,absorbance_89,absorbance_90,absorbance_91,absorbance_92,absorbance_93,absorbance_94,absorbance_95,absorbance_96,absorbance_97,absorbance_98,absorbance_99,absorbance_100,principal_component_1,principal_component_2,principal_component_3,principal_component_4,principal_component_5,principal_component_6,principal_component_7,principal_component_8,principal_component_9,principal_component_10,principal_component_11,principal_component_12,principal_component_13,principal_component_14,principal_component_15,principal_component_16,principal_component_17,principal_component_18,principal_component_19,principal_component_20,principal_component_21,principal_component_22,moisture,protein
(ProtectedDiv (ProtectedSqrt (Abs (Var "principal_component_4"))) (Pow2 (Sub (ProtectedSqrt (Mul (Div (Inv (Var "principal_component_12")) (Var "absorbance_65")) (Exp (ProtectedDiv (Var "absorbance_2") (Log (Var "absorbance_86")))))) (Sin (Var "absorbance_36")))))	absorbance_1,absorbance_2,absorbance_3,absorbance_4,absorbance_5,absorbance_6,absorbance_7,absorbance_8,absorbance_9,absorbance_10,absorbance_11,absorbance_12,absorbance_13,absorbance_14,absorbance_15,absorbance_16,absorbance_17,absorbance_18,absorbance_19,absorbance_20,absorbance_21,absorbance_22,absorbance_23,absorbance_24,absorbance_25,absorbance_26,absorbance_27,absorbance_28,absorbance_29,absorbance_30,absorbance_31,absorbance_32,absorbance_33,absorbance_34,absorbance_35,absorbance_36,absorbance_37,absorbance_38,absorbance_39,absorbance_40,absorbance_41,absorbance_42,absorbance_43,absorbance_44,absorbance_45,absorbance_46,absorbance_47,absorbance_48,absorbance_49,absorbance_50,absorbance_51,absorbance_52,absorbance_53,absorbance_54,absorbance_55,absorbance_56,absorbance_57,absorbance_58,absorbance_59,absorbance_60,absorbance_61,absorbance_62,absorbance_63,absorbance_64,absorbance_65,absorbance_66,absorbance_67,absorbance_68,absorbance_69,absorbance_70,absorbance_71,absorbance_72,absorbance_73,absorbance_74,absorbance_75,absorbance_76,absorbance_77,absorbance_78,absorbance_79,absorbance_80,absorbance_81,absorbance_82,absorbance_83,absorbance_84,absorbance_85,absorbance_86,absorbance_87,absorbance_88,absorbance_89,absorbance_90,absorbance_91,absorbance_92,absorbance_93,absorbance_94,absorbance_95,absorbance_96,absorbance_97,absorbance_98,absorbance_99,absorbance_100,principal_component_1,principal_component_2,principal_component_3,principal_component_4,principal_component_5,principal_component_6,principal_component_7,principal_component_8,principal_component_9,principal_component_10,principal_component_11,principal_component_12,principal_component_13,principal_component_14,principal_component_15,principal_component_16,principal_component_17,principal_component_18,principal_component_19,principal_component_20,principal_component_21,principal_component_22,moisture,protein
(Tanh (ProtectedInv (ProtectedLog (Abs (Var "wind_speed")))))	cars_per_hour,temperature_at_2m,wind_speed,temperature_diff_2m_25m,wind_direction,hour_of_day,day
(Pow2 (Sub (Var "wind_speed") (Pow2 (Sub (Var "cars_per_hour") (ProtectedDiv (Abs (Sin (Div (Var "temperature_diff_2m_25m") (Tanh (ProtectedLog (Cos (ProtectedInv (Var "wind_direction")))))))) (Num -1.0))))))	cars_per_hour,temperature_at_2m,wind_speed,temperature_diff_2m_25m,wind_direction,hour_of_day,day
(ProtectedDiv (Var "cars_per_hour") (ProtectedInv (ProtectedSqrt (Var "temperature_diff_2m_25m"))))	cars_per_hour,temperature_at_2m,wind_speed,temperature_diff_2m_25m,wind_direction,hour_of_day,day
(Sub (Tanh (Mul (ProtectedExp (Var "temperature_at_2m")) (Tanh (Tanh (Sin (Var "temperature_diff_2m_25m")))))) (Log (Var "cars_per_hour")))	cars_per_hour,temperature_at_2m,wind_speed,temperature_diff_2m_25m,wind_direction,hour_of_day,day
(Tanh (Pow (Pow2 (Sub (Pow (Pow2 (Exp (Var "Party"))) (Tan (Var "Party"))) (Num 1.0))) (Var "Bills")))	Party,Bills
(Mul (ProtectedDiv (Num -1.0) (Sub (Pow (Add (Var "Bills") (Pow (Tanh (Var "Bills")) (Pow2 (Sub (Neg (Pow3 (Var "Party"))) (ProtectedDiv (Pow3 (Var "Bills")) (Sqrt (Var "Party"))))))) (Var "Party")) (Sqrt (Var "Bills")))) (Var "Bills"))	Party,Bills
(Pow2 (Sin (Mul (Mul (Mul (Mul (Var "Bills") (Var "Bills")) (Var "Bills")) (Var "Party")) (ProtectedInv (Add (Num -1.0) (Var "Bills"))))))	Party,Bills
(ProtectedInv (Sin (Pow2 (Var "Bills"))))	Party,Bills
(Neg (Add (Var "McReynolds00") (Add (Var "Moorehead00") (Var "Bush00"))))	Bush00,Buchanan00,Nader00,Browne00,Hagelin00,Harris00,McReynolds00,Moorehead00,Phillips00,Total00,Clinton96,Dole96,Perot96,Total96
(Neg (Add (Add (Var "Buchanan00") (Add (Var "Harris00") (Var "Phillips00"))) (Var "Browne00")))	Bush00,Buchanan00,Nader00,Browne00,Hagelin00,Harris00,McReynolds00,Moorehead00,Phillips00,Total00,Clinton96,Dole96,Perot96,Total96
(Neg (Add (Var "Hagelin00") (Var "Nader00")))	Bush00,Buchanan00,Nader00,Browne00,Hagelin00,Harris00,McReynolds00,Moorehead00,Phillips00,Total00,Clinton96,Dole96,Perot96,Total96
(Mul (Abs (ProtectedDiv (Var "total_bedrooms") (Var "latitude"))) (Var "longitude"))	median_income,housing_median_age,total_rooms,total_bedrooms,population,households,latitude,longitude
(Mul (Var "longitude") (Mul (Var "longitude") (Sub (Var "median_income") (Tan (Inv (Sub (Neg (Inv (Var "population"))) (ProtectedSqrt (Var "median_income"))))))))	median_income,housing_median_age,total_rooms,total_bedrooms,population,households,latitude,longitude
(Tanh (Neg (Tanh (Sub (Var "temperature_at_2m") (Abs (Sub (ProtectedSqrt (Var "temperature_at_2m")) (Pow2 (Sub (Tan (Var "cars_per_hour")) (ProtectedDiv (Pow (ProtectedDiv (Var "hour_of_day") (Var "day")) (Cos (Var "temperature_at_2m"))) (Sub (Var "temperature_at_2m") (Sub (Var "hour_of_day") (Var "temperature_at_2m"))))))))))))	cars_per_hour,temperature_at_2m,wind_speed,temperature_diff_2m_25m,wind_direction,hour_of_day,day
(Pow2 (Pow (Tanh (Tanh (Tanh (Tanh (Tanh (Tan (Var "X1"))))))) (Sin (Sin (Sin (Sin (Var "X3")))))))	X1,X2,X3,X4,X5,X6,X7,X8,X9,X10
(ProtectedSqrt (Add (Tan (Pow3 (Var "X3"))) (Var "X5")))	X1,X2,X3,X4,X5,X6,X7,X8,X9,X10
(Sin (ProtectedDiv (Var "X2") (Pow2 (Cos (Neg (Sqrt (Var "X1")))))))	X1,X2,X3,X4,X5,X6,X7,X8,X9,X10
(Tan (Tanh (Add (Var "oz1") (Cos (ProtectedExp (Var "oz2"))))))	oz1,oz2,oz3,oz4,oz5,oz6,oz7,oz8,oz9,oz10,oz11,oz12,oz13,oz14,oz15,oz16,oz17,oz18,oz19,oz20,oz21,oz22,oz23,oz24,oz25
(Add (Cos (Add (Var "oz3") (ProtectedExp (ProtectedSqrt (Var "oz2"))))) (Var "oz4"))	oz1,oz2,oz3,oz4,oz5,oz6,oz7,oz8,oz9,oz10,oz11,oz12,oz13,oz14,oz15,oz16,oz17,oz18,oz19,oz20,oz21,oz22,oz23,oz24,oz25
(Cos (ProtectedExp (Var "oz1")))	oz1,oz2,oz3,oz4,oz5,oz6,oz7,oz8,oz9,oz10,oz11,oz12,oz13,oz14,oz15,oz16,oz17,oz18,oz19,oz20,oz21,oz22,oz23,oz24,oz25
(Pow3 (Sin (Var "oz1")))	oz1,oz2,oz3,oz4,oz5,oz6,oz7,oz8,oz9,oz10,oz11,oz12,oz13,oz14,oz15,oz16,oz17,oz18,oz19,oz20,oz21,oz22,oz23,oz24,oz25
(Cos (Pow2 (Sub (Sin (Num -1.0)) (Var "oz2"))))	oz1,oz2,oz3,oz4,oz5,oz6,oz7,oz8,oz9,oz10,oz11,oz12,oz13,oz14,oz15,oz16,oz17,oz18,oz19,oz20,oz21,oz22,oz23,oz24,oz25
(Mul (ProtectedSqrt (Cos (Var "oz1"))) (Var "oz2"))	oz1,oz2,oz3,oz4,oz5,oz6,oz7,oz8,oz9,oz10,oz11,oz12,oz13,oz14,oz15,oz16,oz17,oz18,oz19,oz20,oz21,oz22,oz23,oz24,oz25,oz26,oz27,oz28,oz29,oz30,oz31,oz32,oz33,oz34,oz35,oz36,oz37,oz38,oz39,oz40,oz41,oz42,oz43,oz44,oz45,oz46,oz47,oz48,oz49,oz50
(Tanh (Add (Pow2 (Var "oz3")) (Sin (Var "oz5"))))	oz1,oz2,oz3,oz4,oz5,oz6,oz7,oz8,oz9,oz10,oz11,oz12,oz13,oz14,oz15,oz16,oz17,oz18,oz19,oz20,oz21,oz22,oz23,oz24,oz25,oz26,oz27,oz28,oz29,oz30,oz31,oz32,oz33,oz34,oz35,oz36,oz37,oz38,oz39,oz40,oz41,oz42,oz43,oz44,oz45,oz46,oz47,oz48,oz49,oz50
(Pow3 (Var "oz2"))	oz1,oz2,oz3,oz4,oz5,oz6,oz7,oz8,oz9,oz10,oz11,oz12,oz13,oz14,oz15,oz16,oz17,oz18,oz19,oz20,oz21,oz22,oz23,oz24,oz25
(Exp (Sqrt (ProtectedExp (Cos (Log (ProtectedSqrt (Neg (ProtectedExp (ProtectedExp (Tanh (Tanh (Sub (ProtectedSqrt (Sin (Var "oz2"))) (Pow3 (Var "oz4"))))))))))))))	oz1,oz2,oz3,oz4,oz5,oz6,oz7,oz8,oz9,oz10,oz11,oz12,oz13,oz14,oz15,oz16,oz17,oz18,oz19,oz20,oz21,oz22,oz23,oz24,oz25
(Sub (Var "oz4") (Pow2 (ProtectedSqrt (Var "oz2"))))	oz1,oz2,oz3,oz4,oz5,oz6,oz7,oz8,oz9,oz10
(Add (Pow3 (ProtectedSqrt (Var "oz3"))) (Var "oz1"))	oz1,oz2,oz3,oz4,oz5,oz6,oz7,oz8,oz9,oz10
(Sub (Var "oz2") (Pow3 (ProtectedSqrt (ProtectedSqrt (Sub (Var "oz4") (ProtectedExp (Div (Var "oz1") (Sin (Var "oz1")))))))))	oz1,oz2,oz3,oz4,oz5,oz6,oz7,oz8,oz9,oz10
(ProtectedDiv (Var "oz5") (Tan (Num 1.0)))	oz1,oz2,oz3,oz4,oz5,oz6,oz7,oz8,oz9,oz10
(ProtectedInv (Abs (ProtectedInv (ProtectedInv (Pow2 (Sub (Cos (Var "oz1")) (Tanh (Var "oz2"))))))))	oz1,oz2,oz3,oz4,oz5
(Tan (Add (Var "oz1") (Sin (Cos (Pow2 (Sub (Cos (Var "oz1")) (Tanh (Var "oz2"))))))))	oz1,oz2,oz3,oz4,oz5
(ProtectedInv (Exp (Add (Var "oz4") (Var "oz5"))))	oz1,oz2,oz3,oz4,oz5
(ProtectedInv (Pow2 (Sub (Var "oz2") (Sin (Cos (Var "oz2"))))))	oz1,oz2,oz3,oz4,oz5
(Sub (Var "oz2") (Abs (Mul (Var "oz1") (Var "oz2"))))	oz1,oz2,oz3,oz4,oz5,oz6,oz7,oz8,oz9,oz10,oz11,oz12,oz13,oz14,oz15,oz16,oz17,oz18,oz19,oz20,oz21,oz22,oz23,oz24,oz25
(Pow (Pow2 (Var "oz2")) (Var "oz1"))	oz1,oz2,oz3,oz4,oz5
(Pow (Pow2 (Sub (Abs (Sin (Sin (Abs (ProtectedInv (Var "oz2")))))) (Var "oz1"))) (Var "oz2"))	oz1,oz2,oz3,oz4,oz5
(Tan (Sqrt (Tanh (Abs (Var "oz2")))))	oz1,oz2,oz3,oz4,oz5,oz6,oz7,oz8,oz9,oz10,oz11,oz12,oz13,oz14,oz15,oz16,oz17,oz18,oz19,oz20,oz21,oz22,oz23,oz24,oz25,oz26,oz27,oz28,oz29,oz30,oz31,oz32,oz33,oz34,oz35,oz36,oz37,oz38,oz39,oz40,oz41,oz42,oz43,oz44,oz45,oz46,oz47,oz48,oz49,oz50
(ProtectedLog (Sqrt (Sin (Abs (Var "oz2")))))	oz1,oz2,oz3,oz4,oz5,oz6,oz7,oz8,oz9,oz10,oz11,oz12,oz13,oz14,oz15,oz16,oz17,oz18,oz19,oz20,oz21,oz22,oz23,oz24,oz25,oz26,oz27,oz28,oz29,oz30,oz31,oz32,oz33,oz34,oz35,oz36,oz37,oz38,oz39,oz40,oz41,oz42,oz43,oz44,oz45,oz46,oz47,oz48,oz49,oz50
(Pow (Pow2 (Var "oz2")) (Add (Tanh (Var "oz1")) (Var "oz2")))	oz1,oz2,oz3,oz4,oz5
(Pow2 (ProtectedExp (Var "oz4")))	oz1,oz2,oz3,oz4,oz5
(Pow (Pow2 (Mul (ProtectedSqrt (Pow2 (Sub (Cos (Var "oz1")) (Var "oz2")))) (Var "oz1"))) (Var "oz1"))	oz1,oz2,oz3,oz4,oz5
(Tanh (ProtectedLog (Pow2 (Var "oz3"))))	oz1,oz2,oz3,oz4,oz5,oz6,oz7,oz8,oz9,oz10,oz11,oz12,oz13,oz14,oz15,oz16,oz17,oz18,oz19,oz20,oz21,oz22,oz23,oz24,oz25
(Tan (Tanh (Var "oz2")))	oz1,oz2,oz3,oz4,oz5,oz6,oz7,oz8,oz9,oz10,oz11,oz12,oz13,oz14,oz15,oz16,oz17,oz18,oz19,oz20,oz21,oz22,oz23,oz24,oz25
(Sin (Tanh (Pow3 (Var "oz5"))))	oz1,oz2,oz3,oz4,oz5,oz6,oz7,oz8,oz9,oz10,oz11,oz12,oz13,oz14,oz15,oz16,oz17,oz18,oz19,oz20,oz21,oz22,oz23,oz24,oz25
(Abs (Neg (Div (Var "oz3") (Sub (Neg (Var "oz1")) (Exp (Neg (Var "oz1")))))))	oz1,oz2,oz3,oz4,oz5,oz6,oz7,oz8,oz9,oz10
(Tanh (Add (Var "oz1") (Var "oz2")))	oz1,oz2,oz3,oz4,oz5,oz6,oz7,oz8,oz9,oz10
(Pow (Pow2 (Inv (Var "oz1"))) (Pow2 (Mul (Abs (Var "oz2")) (Var "oz1"))))	oz1,oz2,oz3,oz4,oz5,oz6,oz7,oz8,oz9,oz10,oz11,oz12,oz13,oz14,oz15,oz16,oz17,oz18,oz19,oz20,oz21,oz22,oz23,oz24,oz25
(Add (Var "oz1") (Cos (Pow2 (Cos (Var "oz1")))))	oz1,oz2,oz3,oz4,oz5,oz6,oz7,oz8,oz9,oz10,oz11,oz12,oz13,oz14,oz15,oz16,oz17,oz18,oz19,oz20,oz21,oz22,oz23,oz24,oz25
(Pow2 (Sub (Var "oz5") (Sin (Var "oz5"))))	oz1,oz2,oz3,oz4,oz5,oz6,oz7,oz8,oz9,oz10,oz11,oz12,oz13,oz14,oz15,oz16,oz17,oz18,oz19,oz20,oz21,oz22,oz23,oz24,oz25,oz26,oz27,oz28,oz29,oz30,oz31,oz32,oz33,oz34,oz35,oz36,oz37,oz38,oz39,oz40,oz41,oz42,oz43,oz44,oz45,oz46,oz47,oz48,oz49,oz50
(Log (ProtectedSqrt (ProtectedSqrt (Var "oz1"))))	oz1,oz2,oz3,oz4,oz5,oz6,oz7,oz8,oz9,oz10,oz11,oz12,oz13,oz14,oz15,oz16,oz17,oz18,oz19,oz20,oz21,oz22,oz23,oz24,oz25,oz26,oz27,oz28,oz29,oz30,oz31,oz32,oz33,oz34,oz35,oz36,oz37,oz38,oz39,oz40,oz41,oz42,oz43,oz44,oz45,oz46,oz47,oz48,oz49,oz50
(Log (Tanh (ProtectedSqrt (ProtectedDiv (Var "oz2") (Exp (Cos (Pow2 (ProtectedDiv (Var "oz2") (Exp (Cos (Var "oz1")))))))))))	oz1,oz2,oz3,oz4,oz5,oz6,oz7,oz8,oz9,oz10,oz11,oz12,oz13,oz14,oz15,oz16,oz17,oz18,oz19,oz20,oz21,oz22,oz23,oz24,oz25,oz26,oz27,oz28,oz29,oz30,oz31,oz32,oz33,oz34,oz35,oz36,oz37,oz38,oz39,oz40,oz41,oz42,oz43,oz44,oz45,oz46,oz47,oz48,oz49,oz50
(Add (Pow3 (Var "oz2")) (ProtectedDiv (Pow2 (Sub (Var "oz2") (Num 1.0))) (Pow3 (Var "oz2"))))	oz1,oz2,oz3,oz4,oz5
(Mul (Sub (Var "oz4") (Pow (Pow2 (Sub (Num 1.0) (Cos (Var "oz2")))) (Var "oz1"))) (Pow3 (ProtectedInv (Var "oz1"))))	oz1,oz2,oz3,oz4,oz5
(Mul (Sub (Pow2 (Inv (Var "oz2"))) (Var "oz2")) (Pow3 (Pow (Pow2 (Sub (Num 1.0) (Cos (Var "oz2")))) (Var "oz2"))))	oz1,oz2,oz3,oz4,oz5
(Mul (Sub (Var "oz3") (Pow (Pow2 (Sub (Var "oz1") (Pow3 (ProtectedLog (Var "oz3"))))) (Var "oz4"))) (Pow3 (Sin (Div (Var "oz2") (Var "oz4")))))	oz1,oz2,oz3,oz4,oz5
(ProtectedInv (Mul (Tan (Var "col_1")) (Num -1.0)))	col_1,col_2
(Sub (Var "col_1") (Mul (ProtectedInv (Sub (Num 1.0) (Cos (Pow3 (ProtectedExp (Pow (Var "col_2") (Abs (Tanh (Inv (Var "col_2")))))))))) (Num -1.0)))	col_1,col_2
(ProtectedLog (Add (Mul (Var "northsouth") (Sin (Var "eastwest"))) (Add (Var "eastwest") (Var "angle"))))	eastwest,northsouth,angle,radialposition
(Add (Var "northsouth") (Tanh (Sin (Abs (Pow3 (Var "angle"))))))	eastwest,northsouth,angle,radialposition
(Add (Sub (Var "angle") (Div (Neg (Var "northsouth")) (Var "eastwest"))) (Var "angle"))	eastwest,northsouth,angle,radialposition
(ProtectedLog (Pow3 (Log (Add (Var "col_2") (ProtectedSqrt (Cos (Pow3 (Tan (Pow2 (ProtectedExp (ProtectedLog (Var "col_2"))))))))))))	col_1,col_2
(Abs (Add (ProtectedLog (Cos (Num 1.0))) (Pow (Sin (Var "col_2")) (Var "col_1"))))	col_1,col_2
(Add (Sin (ProtectedLog (Inv (Var "col_2")))) (Mul (Var "col_2") (Cos (Pow3 (Inv (Div (Var "col_2") (ProtectedExp (Pow2 (Sub (ProtectedDiv (Var "col_1") (Pow3 (ProtectedDiv (Pow3 (Var "col_2")) (Num -1.0)))) (Num -1.0))))))))))	col_1,col_2
(ProtectedInv (ProtectedExp (Pow3 (Pow3 (Div (Var "col_1") (Var "col_2"))))))	col_1,col_2
(Var "In4")	In1,In2,In3,In4
(Add (Var "In3") (Var "In2"))	In1,In2,In3,In4
(Var "In1")	In1,In2,In3,In4
(Var "AGE")	LOW,AGE,LWT,RACE,SMOKE,PTL,HT,UI,FTV
(Var "x4")	x0,x1,x2,x3,x4,x5,x6,x7,x8
(Add (Var "x8") (ProtectedSqrt (ProtectedSqrt (Var "x2"))))	x0,x1,x2,x3,x4,x5,x6,x7,x8
(ProtectedExp (Tan (Var "x4")))	x0,x1,x2,x3,x4,x5,x6,x7,x8
(ProtectedInv (Sin (Var "x6")))	x0,x1,x2,x3,x4,x5,x6,x7,x8
(Inv (Var "freeswap"))	lread,lwrite,scall,sread,swrite,fork,exec,rchar,wchar,pgout,ppgout,pgfree,pgscan,atch,pgin,ppgin,pflt,vflt,runqsz,freemem,freeswap
(Var "vflt")	lread,lwrite,scall,sread,swrite,fork,exec,rchar,wchar,pgout,ppgout,pgfree,pgscan,atch,pgin,ppgin,pflt,vflt,runqsz,freemem,freeswap
(Add (Var "f7") (Var "f6"))	f1,f2,f3,f4,f5,f6,f7,f8,f9,f10,f11,f12,f13,f14,f15,f16,f17,f18,f19,f20,f21,f22,f23,f24,f25,f26,f27,f28,f29,f30,f31,f32,f33,f34,f35,f36,f37,f38,f39,f40,f41,f42,f43,f44,f45,f46,f47,f48
(Add (Add (Var "f8") (Var "f6")) (Add (Var "f9") (Var "f24")))	f1,f2,f3,f4,f5,f6,f7,f8,f9,f10,f11,f12,f13,f14,f15,f16,f17,f18,f19,f20,f21,f22,f23,f24,f25,f26,f27,f28,f29,f30,f31,f32,f33,f34,f35,f36,f37,f38,f39,f40,f41,f42,f43,f44,f45,f46,f47,f48
(Var "f9")	f1,f2,f3,f4,f5,f6,f7,f8,f9,f10,f11,f12,f13,f14,f15,f16,f17,f18,f19,f20,f21,f22,f23,f24,f25,f26,f27,f28,f29,f30,f31,f32,f33,f34,f35,f36,f37,f38,f39,f40,f41,f42,f43,f44,f45,f46,f47,f48
(Pow2 (Exp (Var "x1")))	x1,x2,x3,x4,x5,x6,x7,x8,x9,x10
(Exp (ProtectedExp (Sin (Num -1.0))))	x1,x2,x3,x4,x5,x6,x7,x8,x9,x10
(Mul (Neg (Var "x6")) (Var "x8"))	x1,x2,x3,x4,x5,x6,x7,x8,x9,x10
(Pow (Var "x0") (Var "x3"))	x0,x1,x2,x3
(Pow (Var "x0") (ProtectedLog (Var "x3")))	x0,x1,x2,x3
(Exp (Pow (Var "x0") (Var "x1")))	x0,x1,x2,x3
(Pow (Var "x2") (ProtectedLog (Var "x3")))	x0,x1,x2,x3
(ProtectedExp (Var "cars_per_hour"))	cars_per_hour,temperature_at_2m,wind_speed,temperature_diff_2m_25m,wind_direction,hour_of_day,day
(ProtectedInv (Sub (Var "population") (Var "households")))	median_income,housing_median_age,total_rooms,total_bedrooms,population,households,latitude,longitude
(Sin (Var "wind_speed"))	cars_per_hour,temperature_at_2m,wind_speed,temperature_diff_2m_25m,wind_direction,hour_of_day,day
(ProtectedInv (Exp (Tan (Add (Var "Scorer_2") (Sqrt (Var "Scorer_1"))))))	Scorer_1,Scorer_2,Subject
(Tanh (Var "X5"))	X1,X2,X3,X4,X5,X6,X7,X8,X9,X10
(Pow3 (Cos (Sin (Add (Var "oz1") (ProtectedSqrt (Tan (Pow (Var "oz2") (Cos (Var "oz12")))))))))	oz1,oz2,oz3,oz4,oz5,oz6,oz7,oz8,oz9,oz10,oz11,oz12,oz13,oz14,oz15,oz16,oz17,oz18,oz19,oz20,oz21,oz22,oz23,oz24,oz25
(Add (Var "oz4") (Cos (Var "oz2")))	oz1,oz2,oz3,oz4,oz5,oz6,oz7,oz8,oz9,oz10,oz11,oz12,oz13,oz14,oz15,oz16,oz17,oz18,oz19,oz20,oz21,oz22,oz23,oz24,oz25
(Add (Neg (Var "oz3")) (Cos (ProtectedExp (Var "oz1"))))	oz1,oz2,oz3,oz4,oz5,oz6,oz7,oz8,oz9,oz10,oz11,oz12,oz13,oz14,oz15,oz16,oz17,oz18,oz19,oz20,oz21,oz22,oz23,oz24,oz25
(Add (Var "oz4") (Neg (Sin (Var "oz1"))))	oz1,oz2,oz3,oz4,oz5,oz6,oz7,oz8,oz9,oz10,oz11,oz12,oz13,oz14,oz15,oz16,oz17,oz18,oz19,oz20,oz21,oz22,oz23,oz24,oz25
(ProtectedSqrt (Sub (Var "oz13") (Pow3 (Var "oz5"))))	oz1,oz2,oz3,oz4,oz5,oz6,oz7,oz8,oz9,oz10,oz11,oz12,oz13,oz14,oz15,oz16,oz17,oz18,oz19,oz20,oz21,oz22,oz23,oz24,oz25
(Log (Pow2 (ProtectedLog (Mul (Mul (Var "oz1") (Exp (Var "oz2"))) (Var "oz2")))))	oz1,oz2,oz3,oz4,oz5,oz6,oz7,oz8,oz9,oz10,oz11,oz12,oz13,oz14,oz15,oz16,oz17,oz18,oz19,oz20,oz21,oz22,oz23,oz24,oz25
(Neg (Tanh (ProtectedInv (Var "oz2"))))	oz1,oz2,oz3,oz4,oz5,oz6,oz7,oz8,oz9,oz10,oz11,oz12,oz13,oz14,oz15,oz16,oz17,oz18,oz19,oz20,oz21,oz22,oz23,oz24,oz25
(Neg (Inv (ProtectedExp (Var "oz1"))))	oz1,oz2,oz3,oz4,oz5,oz6,oz7,oz8,oz9,oz10,oz11,oz12,oz13,oz14,oz15,oz16,oz17,oz18,oz19,oz20,oz21,oz22,oz23,oz24,oz25,oz26,oz27,oz28,oz29,oz30,oz31,oz32,oz33,oz34,oz35,oz36,oz37,oz38,oz39,oz40,oz41,oz42,oz43,oz44,oz45,oz46,oz47,oz48,oz49,oz50
(Add (Var "oz4") (Add (Var "oz4") (Var "oz5")))	oz1,oz2,oz3,oz4,oz5,oz6,oz7,oz8,oz9,oz10,oz11,oz12,oz13,oz14,oz15,oz16,oz17,oz18,oz19,oz20,oz21,oz22,oz23,oz24,oz25,oz26,oz27,oz28,oz29,oz30,oz31,oz32,oz33,oz34,oz35,oz36,oz37,oz38,oz39,oz40,oz41,oz42,oz43,oz44,oz45,oz46,oz47,oz48,oz49,oz50
(Neg (Inv (ProtectedExp (Var "oz2"))))	oz1,oz2,oz3,oz4,oz5,oz6,oz7,oz8,oz9,oz10,oz11,oz12,oz13,oz14,oz15,oz16,oz17,oz18,oz19,oz20,oz21,oz22,oz23,oz24,oz25,oz26,oz27,oz28,oz29,oz30,oz31,oz32,oz33,oz34,oz35,oz36,oz37,oz38,oz39,oz40,oz41,oz42,oz43,oz44,oz45,oz46,oz47,oz48,oz49,oz50
(Sin (Neg (Add (Var "oz2") (Pow2 (Var "oz1")))))	oz1,oz2,oz3,oz4,oz5,oz6,oz7,oz8,oz9,oz10,oz11,oz12,oz13,oz14,oz15,oz16,oz17,oz18,oz19,oz20,oz21,oz22,oz23,oz24,oz25
(Sin (Neg (Add (Var "oz1") (Pow2 (Var "oz2")))))	oz1,oz2,oz3,oz4,oz5,oz6,oz7,oz8,oz9,oz10,oz11,oz12,oz13,oz14,oz15,oz16,oz17,oz18,oz19,oz20,oz21,oz22,oz23,oz24,oz25
(Add (Var "oz1") (Var "oz4"))	oz1,oz2,oz3,oz4,oz5,oz6,oz7,oz8,oz9,oz10
(Add (Var "oz2") (Tanh (Pow3 (Var "oz4"))))	oz1,oz2,oz3,oz4,oz5,oz6,oz7,oz8,oz9,oz10
(Neg (Sub (Num 1.0) (Abs (Var "oz1"))))	oz1,oz2,oz3,oz4,oz5
(Neg (Sub (Num 1.0) (Abs (Var "oz2"))))	oz1,oz2,oz3,oz4,oz5
(Neg (Sub (Num 1.0) (Var "oz1")))	oz1,oz2,oz3,oz4,oz5
(Add (Var "oz4") (Pow2 (Var "oz3")))	oz1,oz2,oz3,oz4,oz5,oz6,oz7,oz8,oz9,oz10,oz11,oz12,oz13,oz14,oz15,oz16,oz17,oz18,oz19,oz20,oz21,oz22,oz23,oz24,oz25
(Add (Cos (Var "oz1")) (Var "oz2"))	oz1,oz2,oz3,oz4,oz5,oz6,oz7,oz8,oz9,oz10,oz11,oz12,oz13,oz14,oz15,oz16,oz17,oz18,oz19,oz20,oz21,oz22,oz23,oz24,oz25
(ProtectedDiv (ProtectedExp (Pow2 (Var "oz1"))) (Add (Exp (Num -1.0)) (Var "oz2")))	oz1,oz2,oz3,oz4,oz5
(ProtectedDiv (Pow2 (Sub (Var "oz2") (Num 1.0))) (Div (Var "oz1") (Var "oz3")))	oz1,oz2,oz3,oz4,oz5
(ProtectedExp (Add (Var "oz5") (Var "oz4")))	oz1,oz2,oz3,oz4,oz5
(Pow (Abs (Pow2 (Pow2 (Var "oz1")))) (Var "oz1"))	oz1,oz2,oz3,oz4,oz5
(Sin (Add (Var "oz2") (Var "oz1")))	oz1,oz2,oz3,oz4,oz5,oz6,oz7,oz8,oz9,oz10,oz11,oz12,oz13,oz14,oz15,oz16,oz17,oz18,oz19,oz20,oz21,oz22,oz23,oz24,oz25,oz26,oz27,oz28,oz29,oz30,oz31,oz32,oz33,oz34,oz35,oz36,oz37,oz38,oz39,oz40,oz41,oz42,oz43,oz44,oz45,oz46,oz47,oz48,oz49,oz50
(Pow (ProtectedSqrt (Abs (Pow3 (Var "oz1")))) (Var "oz2"))	oz1,oz2,oz3,oz4,oz5
(ProtectedExp (Abs (Var "oz3")))	oz1,oz2,oz3,oz4,oz5
(ProtectedDiv (Pow2 (Sub (Var "oz1") (Cos (Var "oz2")))) (ProtectedSqrt (Var "oz2")))	oz1,oz2,oz3,oz4,oz5
(Add (Tanh (Var "oz2")) (Tanh (Add (Var "oz5") (Cos (Pow3 (Var "oz1"))))))	oz1,oz2,oz3,oz4,oz5,oz6,oz7,oz8,oz9,oz10
(Exp (Cos (Pow2 (Var "oz1"))))	oz1,oz2,oz3,oz4,oz5,oz6,oz7,oz8,oz9,oz10,oz11,oz12,oz13,oz14,oz15,oz16,oz17,oz18,oz19,oz20,oz21,oz22,oz23,oz24,oz25
(ProtectedDiv (Var "oz23") (Pow2 (Sub (Sin (Num 1.0)) (Var "oz2"))))	oz1,oz2,oz3,oz4,oz5,oz6,oz7,oz8,oz9,oz10,oz11,oz12,oz13,oz14,oz15,oz16,oz17,oz18,oz19,oz20,oz21,oz22,oz23,oz24,oz25
(Inv (Var "oz23"))	oz1,oz2,oz3,oz4,oz5,oz6,oz7,oz8,oz9,oz10,oz11,oz12,oz13,oz14,oz15,oz16,oz17,oz18,oz19,oz20,oz21,oz22,oz23,oz24,oz25
(Cos (Exp (Var "oz2")))	oz1,oz2,oz3,oz4,oz5,oz6,oz7,oz8,oz9,oz10,oz11,oz12,oz13,oz14,oz15,oz16,oz17,oz18,oz19,oz20,oz21,oz22,oz23,oz24,oz25,oz26,oz27,oz28,oz29,oz30,oz31,oz32,oz33,oz34,oz35,oz36,oz37,oz38,oz39,oz40,oz41,oz42,oz43,oz44,oz45,oz46,oz47,oz48,oz49,oz50
(Pow3 (Var "oz4"))	oz1,oz2,oz3,oz4,oz5,oz6,oz7,oz8,oz9,oz10,oz11,oz12,oz13,oz14,oz15,oz16,oz17,oz18,oz19,oz20,oz21,oz22,oz23,oz24,oz25,oz26,oz27,oz28,oz29,oz30,oz31,oz32,oz33,oz34,oz35,oz36,oz37,oz38,oz39,oz40,oz41,oz42,oz43,oz44,oz45,oz46,oz47,oz48,oz49,oz50
(Pow3 (Var "oz1"))	oz1,oz2,oz3,oz4,oz5,oz6,oz7,oz8,oz9,oz10,oz11,oz12,oz13,oz14,oz15,oz16,oz17,oz18,oz19,oz20,oz21,oz22,oz23,oz24,oz25,oz26,oz27,oz28,oz29,oz30,oz31,oz32,oz33,oz34,oz35,oz36,oz37,oz38,oz39,oz40,oz41,oz42,oz43,oz44,oz45,oz46,oz47,oz48,oz49,oz50
(Neg (Var "oz1"))	oz1,oz2,oz3,oz4,oz5,oz6,oz7,oz8,oz9,oz10,oz11,oz12,oz13,oz14,oz15,oz16,oz17,oz18,oz19,oz20,oz21,oz22,oz23,oz24,oz25,oz26,oz27,oz28,oz29,oz30,oz31,oz32,oz33,oz34,oz35,oz36,oz37,oz38,oz39,oz40,oz41,oz42,oz43,oz44,oz45,oz46,oz47,oz48,oz49,oz50
(Tanh (Mul (Var "oz2") (Abs (Add (Var "oz5") (Num -1.0)))))	oz1,oz2,oz3,oz4,oz5
(Sin (Pow2 (Var "oz1")))	oz1,oz2,oz3,oz4,oz5
(Sin (Mul (Sin (Var "oz1")) (Pow2 (Var "oz2"))))	oz1,oz2,oz3,oz4,oz5
(Mul (Sin (Pow2 (Var "oz1"))) (Sin (Tanh (Var "oz1"))))	oz1,oz2,oz3,oz4,oz5
(Pow2 (Sub (Var "in3") (Cos (Pow3 (ProtectedSqrt (Sub (ProtectedLog (Var "in2")) (ProtectedDiv (Cos (Log (Var "in3"))) (Exp (Add (ProtectedInv (Var "in3")) (Exp (ProtectedLog (Pow3 (ProtectedDiv (Var "in3") (Var "in1"))))))))))))))	in1,in2,in3,in4
(ProtectedDiv (Sqrt (Var "in1")) (Exp (Inv (Mul (Var "in1") (Mul (Pow2 (Sub (Inv (Sin (Var "in2"))) (ProtectedSqrt (Add (Pow (Pow3 (Num -1.0)) (ProtectedDiv (Var "in4") (Var "in3"))) (Var "in3"))))) (Var "in1"))))))	in1,in2,in3,in4
(ProtectedLog (Sub (Sin (Var "in2")) (Pow2 (Sqrt (Pow2 (Sub (Var "in4") (Sqrt (ProtectedExp (ProtectedSqrt (Sub (Num 1.0) (ProtectedSqrt (Var "in3"))))))))))))	in1,in2,in3,in4
(ProtectedSqrt (Var "In3"))	In1,In2,In3,In4
(ProtectedSqrt (Pow2 (Sub (Sub (Sin (Var "In3")) (Var "In2")) (Var "In4"))))	In1,In2,In3,In4
(Sub (Var "in3") (Sqrt (Add (Var "in2") (Var "in2"))))	in1,in2,in3,in4
(Sub (Var "in2") (Sqrt (Var "in2")))	in1,in2,in3,in4
(Sub (ProtectedDiv (Var "Age") (ProtectedSqrt (Var "NW"))) (ProtectedSqrt (Mul (Var "N") (Tan (Add (Abs (Var "N")) (Pow2 (Pow3 (Sub (Pow2 (Sub (Sin (Var "N")) (Num 1.0))) (Div (Pow2 (Var "S")) (Var "M"))))))))))	R,Age,S,Ed,Ex0,Ex1,LF,M,N,NW,U1,U2,W
(Sub (Var "Ed") (Var "R"))	R,Age,S,Ed,Ex0,Ex1,LF,M,N,NW,U1,U2,W
(Sub (Var "x8") (Abs (Var "x4")))	x0,x1,x2,x3,x4,x5,x6,x7,x8
(Exp (Sqrt (Pow2 (Add (Var "x3") (Sin (ProtectedDiv (Sin (Pow2 (Sub (Tan (Var "x2")) (Var "x2")))) (Sin (ProtectedExp (Var "x7")))))))))	x0,x1,x2,x3,x4,x5,x6,x7,x8
(Tanh (Tan (Tanh (Inv (Sqrt (Var "freeswap"))))))	lread,lwrite,scall,sread,swrite,fork,exec,rchar,wchar,pgout,ppgout,pgfree,pgscan,atch,pgin,ppgin,pflt,vflt,runqsz,freemem,freeswap
(ProtectedSqrt (Sqrt (Add (Sqrt (Pow3 (ProtectedDiv (Var "freemem") (Abs (ProtectedSqrt (Var "swrite")))))) (Var "freeswap"))))	lread,lwrite,scall,sread,swrite,fork,exec,rchar,wchar,pgout,ppgout,pgfree,pgscan,atch,pgin,ppgin,pflt,vflt,runqsz,freemem,freeswap
(Add (Sqrt (Add (Sqrt (Mul (Var "swrite") (Var "scall"))) (Var "pgscan"))) (Var "exec"))	lread,lwrite,scall,sread,swrite,fork,exec,rchar,wchar,pgout,ppgout,pgfree,pgscan,atch,pgin,ppgin,pflt,vflt,runqsz,freemem,freeswap
(Sqrt (ProtectedInv (Tanh (Inv (Add (Var "vflt") (ProtectedDiv (Pow2 (ProtectedDiv (ProtectedLog (Var "rchar")) (Neg (Sqrt (ProtectedLog (Var "freeswap")))))) (Var "fork")))))))	lread,lwrite,scall,sread,swrite,fork,exec,rchar,wchar,pgout,ppgout,pgfree,pgscan,atch,pgin,ppgin,pflt,vflt,runqsz,freemem,freeswap
(Sub (ProtectedExp (Var "f36")) (Add (Var "f20") (Add (Var "f32") (Var "f21"))))	f1,f2,f3,f4,f5,f6,f7,f8,f9,f10,f11,f12,f13,f14,f15,f16,f17,f18,f19,f20,f21,f22,f23,f24,f25,f26,f27,f28,f29,f30,f31,f32,f33,f34,f35,f36,f37,f38,f39,f40,f41,f42,f43,f44,f45,f46,f47,f48
(Sub (Pow2 (Exp (Tanh (Div (Tan (Sqrt (Var "f5"))) (Var "f30"))))) (Var "f19"))	f1,f2,f3,f4,f5,f6,f7,f8,f9,f10,f11,f12,f13,f14,f15,f16,f17,f18,f19,f20,f21,f22,f23,f24,f25,f26,f27,f28,f29,f30,f31,f32,f33,f34,f35,f36,f37,f38,f39,f40,f41,f42,f43,f44,f45,f46,f47,f48
(Sqrt (Sub (ProtectedSqrt (ProtectedExp (Pow2 (ProtectedExp (Var "x1"))))) (Var "x1")))	x1,x2,x3,x4,x5,x6,x7,x8,x9,x10
(Pow3 (Sin (Var "x6")))	x1,x2,x3,x4,x5,x6,x7,x8,x9,x10
(Sin (Var "x5"))	x1,x2,x3,x4,x5,x6,x7,x8,x9,x10
(Tanh (Sub (ProtectedDiv (Pow2 (Var "CHMIN")) (Var "MYCT")) (Pow3 (Tan (Sqrt (Var "CACH"))))))	MYCT,MMIN,MMAX,CACH,CHMIN,CHMAX
(Add (Add (Var "CACH") (Add (Mul (Var "CACH") (Tan (Mul (Var "CACH") (Pow (Neg (Log (Var "MYCT"))) (Var "CHMAX"))))) (Var "MMIN"))) (Var "CACH"))	MYCT,MMIN,MMAX,CACH,CHMIN,CHMAX
(Add (Sub (Var "MMAX") (Var "CHMAX")) (Add (Num -1.0) (Pow2 (Sub (Var "CACH") (Sub (Var "CHMAX") (ProtectedDiv (Var "CACH") (Sqrt (Var "CHMIN"))))))))	MYCT,MMIN,MMAX,CACH,CHMIN,CHMAX
(Sub (Var "CHMAX") (ProtectedDiv (Num -1.0) (ProtectedSqrt (Mul (Tan (Sin (Var "MYCT"))) (Cos (Sqrt (Var "CHMAX")))))))	MYCT,MMIN,MMAX,CACH,CHMIN,CHMAX
(Sub (Var "x6") (ProtectedExp (Var "x4")))	x1,x2,x3,x4,x5,x6,x7,x8,x9,x10
(Sub (Log (Num 1.0)) (Mul (Var "x8") (Sub (Var "x6") (ProtectedExp (Var "x4")))))	x1,x2,x3,x4,x5,x6,x7,x8,x9,x10
(Neg (Pow3 (Tanh (Sub (Mul (Pow3 (Var "x8")) (Var "x1")) (Abs (ProtectedInv (Exp (Log (Add (Pow2 (Sub (Var "x4") (Add (Var "x4") (Var "x4")))) (Abs (ProtectedExp (Var "x1"))))))))))))	x1,x2,x3,x4,x5,x6,x7,x8,x9,x10
(Sin (Neg (ProtectedInv (Abs (Exp (Sub (Cos (Sqrt (Var "x3"))) (Var "x0")))))))	x0,x1,x2,x3
(Tan (ProtectedInv (Var "x3")))	x0,x1,x2,x3
(Add (Var "DUB") (Var "CLO"))	year,month,day,RPT,VAL,ROS,KIL,SHA,BIR,DUB,CLA,MUL,CLO,BEL
(Sqrt (Var "CLO"))	year,month,day,RPT,VAL,ROS,KIL,SHA,BIR,DUB,CLA,MUL,CLO,BEL
(Add (Var "MUL") (Add (Add (Var "year") (Mul (Sub (ProtectedDiv (Var "RPT") (Var "KIL")) (Neg (Add (Var "BEL") (Pow3 (ProtectedInv (Var "month")))))) (Sub (Var "year") (Var "BIR")))) (Tan (Var "year"))))	year,month,day,RPT,VAL,ROS,KIL,SHA,BIR,DUB,CLA,MUL,CLO,BEL
(Add (Var "DUB") (Add (Var "month") (Add (Var "month") (Add (Var "year") (Mul (Var "year") (Log (ProtectedLog (ProtectedDiv (Var "year") (Var "VAL")))))))))	year,month,day,RPT,VAL,ROS,KIL,SHA,BIR,DUB,CLA,MUL,CLO,BEL
(Inv (Pow3 (Pow3 (Div (Var "absorbance_36") (Var "absorbance_96")))))	absorbance_1,absorbance_2,absorbance_3,absorbance_4,absorbance_5,absorbance_6,absorbance_7,absorbance_8,absorbance_9,absorbance_10,absorbance_11,absorbance_12,absorbance_13,absorbance_14,absorbance_15,absorbance_16,absorbance_17,absorbance_18,absorbance_19,absorbance_20,absorbance_21,absorbance_22,absorbance_23,absorbance_24,absorbance_25,absorbance_26,absorbance_27,absorbance_28,absorbance_29,absorbance_30,absorbance_31,absorbance_32,absorbance_33,absorbance_34,absorbance_35,absorbance_36,absorbance_37,absorbance_38,absorbance_39,absorbance_40,absorbance_41,absorbance_42,absorbance_43,absorbance_44,absorbance_45,absorbance_46,absorbance_47,absorbance_48,absorbance_49,absorbance_50,absorbance_51,absorbance_52,absorbance_53,absorbance_54,absorbance_55,absorbance_56,absorbance_57,absorbance_58,absorbance_59,absorbance_60,absorbance_61,absorbance_62,absorbance_63,absorbance_64,absorbance_65,absorbance_66,absorbance_67,absorbance_68,absorbance_69,absorbance_70,absorbance_71,absorbance_72,absorbance_73,absorbance_74,absorbance_75,absorbance_76,absorbance_77,absorbance_78,absorbance_79,absorbance_80,absorbance_81,absorbance_82,absorbance_83,absorbance_84,absorbance_85,absorbance_86,absorbance_87,absorbance_88,absorbance_89,absorbance_90,absorbance_91,absorbance_92,absorbance_93,absorbance_94,absorbance_95,absorbance_96,absorbance_97,absorbance_98,absorbance_99,absorbance_100,principal_component_1,principal_component_2,principal_component_3,principal_component_4,principal_component_5,principal_component_6,principal_component_7,principal_component_8,principal_component_9,principal_component_10,principal_component_11,principal_component_12,principal_component_13,principal_component_14,principal_component_15,principal_component_16,principal_component_17,principal_component_18,principal_component_19,principal_component_20,principal_component_21,principal_component_22,moisture,protein
(Add (Mul (Pow2 (Sub (Var "absorbance_80") (Var "absorbance_35"))) (Var "principal_component_12")) (Var "protein"))	absorbance_1,absorbance_2,absorbance_3,absorbance_4,absorbance_5,absorbance_6,absorbance_7,absorbance_8,absorbance_9,absorbance_10,absorbance_11,absorbance_12,absorbance_13,absorbance_14,absorbance_15,absorbance_16,absorbance_17,absorbance_18,absorbance_19,absorbance_20,absorbance_21,absorbance_22,absorbance_23,absorbance_24,absorbance_25,absorbance_26,absorbance_27,absorbance_28,absorbance_29,absorbance_30,absorbance_31,absorbance_32,absorbance_33,absorbance_34,absorbance_35,absorbance_36,absorbance_37,absorbance_38,absorbance_39,absorbance_40,absorbance_41,absorbance_42,absorbance_43,absorbance_44,absorbance_45,absorbance_46,absorbance_47,absorbance_48,absorbance_49,absorbance_50,absorbance_51,absorbance_52,absorbance_53,absorbance_54,absorbance_55,absorbance_56,absorbance_57,absorbance_58,absorbance_59,absorbance_60,absorbance_61,absorbance_62,absorbance_63,absorbance_64,absorbance_65,absorbance_66,absorbance_67,absorbance_68,absorbance_69,absorbance_70,absorbance_71,absorbance_72,absorbance_73,absorbance_74,absorbance_75,absorbance_76,absorbance_77,absorbance_78,absorbance_79,absorbance_80,absorbance_81,absorbance_82,absorbance_83,absorbance_84,absorbance_85,absorbance_86,absorbance_87,absorbance_88,absorbance_89,absorbance_90,absorbance_91,absorbance_92,absorbance_93,absorbance_94,absorbance_95,absorbance_96,absorbance_97,absorbance_98,absorbance_99,absorbance_100,principal_component_1,principal_component_2,principal_component_3,principal_component_4,principal_component_5,principal_component_6,principal_component_7,principal_component_8,principal_component_9,principal_component_10,principal_component_11,principal_component_12,principal_component_13,principal_component_14,principal_component_15,principal_component_16,principal_component_17,principal_component_18,principal_component_19,principal_component_20,principal_component_21,principal_component_22,moisture,protein
(ProtectedExp (ProtectedDiv (Var "principal_component_9") (Add (Var "absorbance_22") (Neg (Div (Log (Pow (Var "absorbance_93") (Var "absorbance_88"))) (Var "absorbance_35"))))))	absorbance_1,absorbance_2,absorbance_3,absorbance_4,absorbance_5,absorbance_6,absorbance_7,absorbance_8,absorbance_9,absorbance_10,absorbance_11,absorbance_12,absorbance_13,absorbance_14,absorbance_15,absorbance_16,absorbance_17,absorbance_18,absorbance_19,absorbance_20,absorbance_21,absorbance_22,absorbance_23,absorbance_24,absorbance_25,absorbance_26,absorbance_27,absorbance_28,absorbance_29,absorbance_30,absorbance_31,absorbance_32,absorbance_33,absorbance_34,absorbance_35,absorbance_36,absorbance_37,absorbance_38,absorbance_39,absorbance_40,absorbance_41,absorbance_42,absorbance_43,absorbance_44,absorbance_45,absorbance_46,absorbance_47,absorbance_48,absorbance_49,absorbance_50,absorbance_51,absorbance_52,absorbance_53,absorbance_54,absorbance_55,absorbance_56,absorbance_57,absorbance_58,absorbance_59,absorbance_60,absorbance_61,absorbance_62,absorbance_63,absorbance_64,absorbance_65,absorbance_66,absorbance_67,absorbance_68,absorbance_69,absorbance_70,absorbance_71,absorbance_72,absorbance_73,absorbance_74,absorbance_75,absorbance_76,absorbance_77,absorbance_78,absorbance_79,absorbance_80,absorbance_81,absorbance_82,absorbance_83,absorbance_84,absorbance_85,absorbance_86,absorbance_87,absorbance_88,absorbance_89,absorbance_90,absorbance_91,absorbance_92,absorbance_93,absorbance_94,absorbance_95,absorbance_96,absorbance_97,absorbance_98,absorbance_99,absorbance_100,principal_component_1,principal_component_2,principal_component_3,principal_component_4,principal_component_5,principal_component_6,principal_component_7,principal_component_8,principal_component_9,principal_component_10,principal_component_11,principal_component_12,principal_component_13,principal_component_14,principal_component_15,principal_component_16,principal_component_17,principal_component_18,principal_component_19,principal_component_20,principal_component_21,principal_component_22,moisture,protein
(ProtectedExp (Mul (Var "cars_per_hour") (Pow2 (Pow3 (Tanh (Pow3 (Pow2 (Sub (Var "hour_of_day") (Inv (Sin (Tanh (Tanh (Log (Var "wind_direction"))))))))))))))	cars_per_hour,temperature_at_2m,wind_speed,temperature_diff_2m_25m,wind_direction,hour_of_day,day
(Div (Var "day") (Div (Pow2 (Var "hour_of_day")) (Exp (ProtectedInv (Var "hour_of_day")))))	cars_per_hour,temperature_at_2m,wind_speed,temperature_diff_2m_25m,wind_direction,hour_of_day,day
(ProtectedDiv (Pow2 (Sub (Pow2 (Sub (Pow3 (Cos (Var "temperature_diff_2m_25m"))) (Var "cars_per_hour"))) (Var "temperature_at_2m"))) (Var "wind_speed"))	cars_per_hour,temperature_at_2m,wind_speed,temperature_diff_2m_25m,wind_direction,hour_of_day,day
(Div (Pow2 (Sub (Pow2 (Sub (Var "cars_per_hour") (ProtectedDiv (Neg (Tan (Add (ProtectedInv (Var "wind_direction")) (Pow2 (Sub (Sin (Var "cars_per_hour")) (Var "temperature_at_2m")))))) (Var "wind_direction")))) (Tan (Tan (Num 1.0))))) (Var "wind_speed"))	cars_per_hour,temperature_at_2m,wind_speed,temperature_diff_2m_25m,wind_direction,hour_of_day,day
(ProtectedDiv (Exp (Var "Party")) (Add (Sin (ProtectedSqrt (ProtectedInv (Var "Party")))) (Var "Party")))	Party,Bills
(Div (Add (Var "Party") (Var "Bills")) (Pow2 (Sub (Num -1.0) (Pow (Pow2 (Pow2 (Inv (Var "Bills")))) (Var "Party")))))	Party,Bills
(ProtectedDiv (Add (Var "Party") (Var "Bills")) (Sub (Num -1.0) (Pow (Pow2 (Sub (Abs (Inv (Neg (Abs (Pow2 (Sub (Pow2 (Sub (Tan (Var "Bills")) (Num -1.0))) (Num -1.0))))))) (Var "Bills"))) (Var "Party"))))	Party,Bills
(Tanh (Var "Party"))	Party,Bills
(Neg (Add (Add (Var "Browne00") (Var "McReynolds00")) (Var "Buchanan00")))	Bush00,Buchanan00,Nader00,Browne00,Hagelin00,Harris00,McReynolds00,Moorehead00,Phillips00,Total00,Clinton96,Dole96,Perot96,Total96
(Mul (Sub (Var "housing_median_age") (Var "longitude")) (Add (Sin (Tan (Tanh (Num -1.0)))) (Mul (ProtectedInv (ProtectedInv (Cos (Sub (Var "latitude") (Add (Tan (ProtectedInv (Var "longitude"))) (Neg (Var "longitude"))))))) (Var "median_income"))))	median_income,housing_median_age,total_rooms,total_bedrooms,population,households,latitude,longitude
(Mul (Add (Var "longitude") (Var "median_income")) (Var "households"))	median_income,housing_median_age,total_rooms,total_bedrooms,population,households,latitude,longitude
(Tan (Tan (Inv (Div (Var "population") (ProtectedDiv (Add (Div (Var "total_bedrooms") (Tanh (Sub (Mul (Var "housing_median_age") (Var "median_income")) (Var "population")))) (Sub (Neg (Var "total_rooms")) (Var "total_bedrooms"))) (Add (Var "total_rooms") (Var "population")))))))	median_income,housing_median_age,total_rooms,total_bedrooms,population,households,latitude,longitude
(ProtectedDiv (Var "median_income") (Var "latitude"))	median_income,housing_median_age,total_rooms,total_bedrooms,population,households,latitude,longitude
(Div (ProtectedExp (Var "cars_per_hour")) (Sub (Var "hour_of_day") (ProtectedSqrt (Sub (Tan (Var "cars_per_hour")) (ProtectedInv (Pow2 (Tan (ProtectedInv (Mul (Tanh (Pow3 (Mul (Var "temperature_at_2m") (Var "hour_of_day")))) (ProtectedInv (Var "cars_per_hour")))))))))))	cars_per_hour,temperature_at_2m,wind_speed,temperature_diff_2m_25m,wind_direction,hour_of_day,day
(Exp (Var "temperature_diff_2m_25m"))	cars_per_hour,temperature_at_2m,wind_speed,temperature_diff_2m_25m,wind_direction,hour_of_day,day
(Sub (Var "temperature_at_2m") (Div (ProtectedExp (Var "cars_per_hour")) (Var "wind_speed")))	cars_per_hour,temperature_at_2m,wind_speed,temperature_diff_2m_25m,wind_direction,hour_of_day,day
(Sub (Var "temperature_at_2m") (Div (Exp (ProtectedInv (Tan (Tan (ProtectedInv (Var "cars_per_hour")))))) (Var "wind_speed")))	cars_per_hour,temperature_at_2m,wind_speed,temperature_diff_2m_25m,wind_direction,hour_of_day,day
(Inv (ProtectedInv (Tan (Abs (Pow (Var "Scorer_1") (Var "Scorer_2"))))))	Scorer_1,Scorer_2,Subject
(Sqrt (Var "Scorer_1"))	Scorer_1,Scorer_2,Subject
(Cos (ProtectedSqrt (Tanh (Var "Scorer_2"))))	Scorer_1,Scorer_2,Subject
(Sin (Pow2 (Sub (ProtectedSqrt (Sqrt (Pow (Var "X1") (Pow3 (Cos (Tan (Tan (Var "X1")))))))) (Num 0.0))))	X1,X2,X3,X4,X5,X6,X7,X8,X9,X10
(Sqrt (Tanh (Var "X2")))	X1,X2,X3,X4,X5,X6,X7,X8,X9,X10
(Sqrt (Exp (Var "oz1")))	oz1,oz2,oz3,oz4,oz5,oz6,oz7,oz8,oz9,oz10,oz11,oz12,oz13,oz14,oz15,oz16,oz17,oz18,oz19,oz20,oz21,oz22,oz23,oz24,oz25
(Add (Var "oz4") (Cos (Add (Var "oz1") (Exp (Var "oz2")))))	oz1,oz2,oz3,oz4,oz5,oz6,oz7,oz8,oz9,oz10,oz11,oz12,oz13,oz14,oz15,oz16,oz17,oz18,oz19,oz20,oz21,oz22,oz23,oz24,oz25
(Cos (Add (Var "oz1") (Exp (Var "oz2"))))	oz1,oz2,oz3,oz4,oz5,oz6,oz7,oz8,oz9,oz10,oz11,oz12,oz13,oz14,oz15,oz16,oz17,oz18,oz19,oz20,oz21,oz22,oz23,oz24,oz25
(Tanh (Sin (Cos (Exp (Var "oz1")))))	oz1,oz2,oz3,oz4,oz5,oz6,oz7,oz8,oz9,oz10,oz11,oz12,oz13,oz14,oz15,oz16,oz17,oz18,oz19,oz20,oz21,oz22,oz23,oz24,oz25
(ProtectedSqrt (ProtectedLog (Mul (Var "oz2") (Var "oz1"))))	oz1,oz2,oz3,oz4,oz5,oz6,oz7,oz8,oz9,oz10,oz11,oz12,oz13,oz14,oz15,oz16,oz17,oz18,oz19,oz20,oz21,oz22,oz23,oz24,oz25
(Sub (ProtectedSqrt (Var "oz5")) (Sin (Var "oz1")))	oz1,oz2,oz3,oz4,oz5,oz6,oz7,oz8,oz9,oz10,oz11,oz12,oz13,oz14,oz15,oz16,oz17,oz18,oz19,oz20,oz21,oz22,oz23,oz24,oz25
(Mul (ProtectedLog (Mul (Var "oz2") (Var "oz1"))) (Var "oz2"))	oz1,oz2,oz3,oz4,oz5,oz6,oz7,oz8,oz9,oz10,oz11,oz12,oz13,oz14,oz15,oz16,oz17,oz18,oz19,oz20,oz21,oz22,oz23,oz24,oz25
(Mul (Tanh (Cos (Cos (Pow3 (Pow2 (Sub (Inv (Var "oz1")) (Var "oz5"))))))) (Var "oz4"))	oz1,oz2,oz3,oz4,oz5,oz6,oz7,oz8,oz9,oz10,oz11,oz12,oz13,oz14,oz15,oz16,oz17,oz18,oz19,oz20,oz21,oz22,oz23,oz24,oz25
(Sqrt (Exp (Var "oz5")))	oz1,oz2,oz3,oz4,oz5,oz6,oz7,oz8,oz9,oz10,oz11,oz12,oz13,oz14,oz15,oz16,oz17,oz18,oz19,oz20,oz21,oz22,oz23,oz24,oz25,oz26,oz27,oz28,oz29,oz30,oz31,oz32,oz33,oz34,oz35,oz36,oz37,oz38,oz39,oz40,oz41,oz42,oz43,oz44,oz45,oz46,oz47,oz48,oz49,oz50
(Div (Var "oz1") (ProtectedExp (Inv (Pow2 (Sub (ProtectedExp (Cos (Var "oz2"))) (Var "oz1"))))))	oz1,oz2,oz3,oz4,oz5,oz6,oz7,oz8,oz9,oz10,oz11,oz12,oz13,oz14,oz15,oz16,oz17,oz18,oz19,oz20,oz21,oz22,oz23,oz24,oz25,oz26,oz27,oz28,oz29,oz30,oz31,oz32,oz33,oz34,oz35,oz36,oz37,oz38,oz39,oz40,oz41,oz42,oz43,oz44,oz45,oz46,oz47,oz48,oz49,oz50
(Tanh (Var "oz4"))	oz1,oz2,oz3,oz4,oz5,oz6,oz7,oz8,oz9,oz10,oz11,oz12,oz13,oz14,oz15,oz16,oz17,oz18,oz19,oz20,oz21,oz22,oz23,oz24,oz25
(Sub (Tan (Abs (Pow3 (Abs (Cos (Var "oz5")))))) (ProtectedLog (Var "oz2")))	oz1,oz2,oz3,oz4,oz5,oz6,oz7,oz8,oz9,oz10,oz11,oz12,oz13,oz14,oz15,oz16,oz17,oz18,oz19,oz20,oz21,oz22,oz23,oz24,oz25
(Sub (Cos (ProtectedExp (Sin (Var "oz1")))) (Sin (Var "oz2")))	oz1,oz2,oz3,oz4,oz5,oz6,oz7,oz8,oz9,oz10,oz11,oz12,oz13,oz14,oz15,oz16,oz17,oz18,oz19,oz20,oz21,oz22,oz23,oz24,oz25
(Add (Neg (Abs (Var "oz1"))) (Var "oz4"))	oz1,oz2,oz3,oz4,oz5,oz6,oz7,oz8,oz9,oz10
(Add (Tan (Sin (Add (Var "oz1") (Var "oz2")))) (Add (Tanh (Var "oz1")) (Var "oz2")))	oz1,oz2,oz3,oz4,oz5,oz6,oz7,oz8,oz9,oz10
(Add (Var "oz5") (Var "oz4"))	oz1,oz2,oz3,oz4,oz5,oz6,oz7,oz8,oz9,oz10
(Mul (Pow2 (Sub (Var "oz5") (Num -1.0))) (Pow3 (Pow2 (Cos (Add (Num 1.0) (Var "oz1"))))))	oz1,oz2,oz3,oz4,oz5
(Mul (ProtectedLog (Var "oz1")) (ProtectedExp (Var "oz1")))	oz1,oz2,oz3,oz4,oz5
(Add (Pow2 (Cos (Var "oz1"))) (Var "oz4"))	oz1,oz2,oz3,oz4,oz5,oz6,oz7,oz8,oz9,oz10,oz11,oz12,oz13,oz14,oz15,oz16,oz17,oz18,oz19,oz20,oz21,oz22,oz23,oz24,oz25
(Mul (Sub (Var "oz2") (ProtectedSqrt (Var "oz2"))) (Sub (ProtectedInv (Var "oz2")) (Var "oz1")))	oz1,oz2,oz3,oz4,oz5
(Exp (Var "oz4"))	oz1,oz2,oz3,oz4,oz5
(Exp (Add (Var "oz5") (Pow3 (ProtectedSqrt (Var "oz3")))))	oz1,oz2,oz3,oz4,oz5
(Tanh (Cos (Var "oz2")))	oz1,oz2,oz3,oz4,oz5,oz6,oz7,oz8,oz9,oz10,oz11,oz12,oz13,oz14,oz15,oz16,oz17,oz18,oz19,oz20,oz21,oz22,oz23,oz24,oz25,oz26,oz27,oz28,oz29,oz30,oz31,oz32,oz33,oz34,oz35,oz36,oz37,oz38,oz39,oz40,oz41,oz42,oz43,oz44,oz45,oz46,oz47,oz48,oz49,oz50
(Div (Pow2 (Sub (Var "oz2") (Tan (Cos (Var "oz1"))))) (Tanh (Var "oz2")))	oz1,oz2,oz3,oz4,oz5
(Pow (Mul (Pow3 (Var "oz2")) (Mul (Tanh (Inv (Mul (ProtectedExp (Tan (Cos (ProtectedSqrt (Mul (Exp (ProtectedDiv (Var "oz1") (Num 1.0))) (Cos (Var "oz3"))))))) (Num 1.0)))) (Var "oz2"))) (Var "oz2"))	oz1,oz2,oz3,oz4,oz5
(Add (Add (Sin (Pow3 (Tanh (Sub (Var "oz4") (Sin (Var "oz5")))))) (Add (Var "oz2") (Var "oz4"))) (Var "oz5"))	oz1,oz2,oz3,oz4,oz5,oz6,oz7,oz8,oz9,oz10,oz11,oz12,oz13,oz14,oz15,oz16,oz17,oz18,oz19,oz20,oz21,oz22,oz23,oz24,oz25
(Sin (Sin (Pow3 (Tanh (Add (Sin (Exp (Neg (Var "oz1")))) (Var "oz5"))))))	oz1,oz2,oz3,oz4,oz5,oz6,oz7,oz8,oz9,oz10
(Tan (Sin (Add (Var "oz2") (Var "oz1"))))	oz1,oz2,oz3,oz4,oz5,oz6,oz7,oz8,oz9,oz10,oz11,oz12,oz13,oz14,oz15,oz16,oz17,oz18,oz19,oz20,oz21,oz22,oz23,oz24,oz25
(Tanh (Tanh (Add (Sin (Var "oz2")) (Neg (Num -1.0)))))	oz1,oz2,oz3,oz4,oz5,oz6,oz7,oz8,oz9,oz10,oz11,oz12,oz13,oz14,oz15,oz16,oz17,oz18,oz19,oz20,oz21,oz22,oz23,oz24,oz25
(Sub (Pow2 (Tanh (Var "oz1"))) (ProtectedExp (Var "oz4")))	oz1,oz2,oz3,oz4,oz5,oz6,oz7,oz8,oz9,oz10,oz11,oz12,oz13,oz14,oz15,oz16,oz17,oz18,oz19,oz20,oz21,oz22,oz23,oz24,oz25,oz26,oz27,oz28,oz29,oz30,oz31,oz32,oz33,oz34,oz35,oz36,oz37,oz38,oz39,oz40,oz41,oz42,oz43,oz44,oz45,oz46,oz47,oz48,oz49,oz50
(ProtectedLog (Pow2 (Tanh (Var "oz2"))))	oz1,oz2,oz3,oz4,oz5,oz6,oz7,oz8,oz9,oz10,oz11,oz12,oz13,oz14,oz15,oz16,oz17,oz18,oz19,oz20,oz21,oz22,oz23,oz24,oz25,oz26,oz27,oz28,oz29,oz30,oz31,oz32,oz33,oz34,oz35,oz36,oz37,oz38,oz39,oz40,oz41,oz42,oz43,oz44,oz45,oz46,oz47,oz48,oz49,oz50
(Add (Pow3 (ProtectedSqrt (Var "oz3"))) (Var "oz4"))	oz1,oz2,oz3,oz4,oz5,oz6,oz7,oz8,oz9,oz10,oz11,oz12,oz13,oz14,oz15,oz16,oz17,oz18,oz19,oz20,oz21,oz22,oz23,oz24,oz25,oz26,oz27,oz28,oz29,oz30,oz31,oz32,oz33,oz34,oz35,oz36,oz37,oz38,oz39,oz40,oz41,oz42,oz43,oz44,oz45,oz46,oz47,oz48,oz49,oz50
(Sin (Var "oz5"))	oz1,oz2,oz3,oz4,oz5,oz6,oz7,oz8,oz9,oz10,oz11,oz12,oz13,oz14,oz15,oz16,oz17,oz18,oz19,oz20,oz21,oz22,oz23,oz24,oz25,oz26,oz27,oz28,oz29,oz30,oz31,oz32,oz33,oz34,oz35,oz36,oz37,oz38,oz39,oz40,oz41,oz42,oz43,oz44,oz45,oz46,oz47,oz48,oz49,oz50
(Add (Mul (Tanh (Abs (Sub (Var "oz10") (Var "oz25")))) (Var "oz4")) (Var "oz1"))	oz1,oz2,oz3,oz4,oz5,oz6,oz7,oz8,oz9,oz10,oz11,oz12,oz13,oz14,oz15,oz16,oz17,oz18,oz19,oz20,oz21,oz22,oz23,oz24,oz25,oz26,oz27,oz28,oz29,oz30,oz31,oz32,oz33,oz34,oz35,oz36,oz37,oz38,oz39,oz40,oz41,oz42,oz43,oz44,oz45,oz46,oz47,oz48,oz49,oz50
(Div (Add (Exp (Var "oz2")) (ProtectedExp (Add (Exp (Tanh (Var "oz5"))) (Var "oz4")))) (Var "oz1"))	oz1,oz2,oz3,oz4,oz5
(Mul (Var "oz5") (Pow2 (Sub (Tan (Cos (Var "oz2"))) (Inv (Var "oz2")))))	oz1,oz2,oz3,oz4,oz5
(Tanh (Div (Var "oz2") (Tan (Exp (Var "oz3")))))	oz1,oz2,oz3,oz4,oz5
(Div (Sub (ProtectedLog (Pow2 (Sub (ProtectedDiv (Pow2 (Inv (Inv (Pow2 (Var "col_2"))))) (Var "col_2")) (Sub (Var "col_2") (Div (Add (Neg (Var "col_2")) (Var "col_1")) (Cos (Num 1.0))))))) (Var "col_2")) (Var "col_2"))	col_1,col_2
(ProtectedDiv (Sub (ProtectedSqrt (Pow2 (Sub (Num -1.0) (Pow2 (Sub (Var "col_2") (Log (Inv (Inv (Pow3 (Sub (Var "col_2") (Num 1.0))))))))))) (Neg (Tan (Var "col_2")))) (Var "col_2"))	col_1,col_2
(Sub (Var "col_1") (Sub (Add (ProtectedSqrt (Var "col_2")) (Var "col_2")) (Inv (Sub (Sqrt (Sqrt (ProtectedInv (Exp (Var "col_1"))))) (Var "col_1")))))	col_1,col_2
(ProtectedDiv (Pow2 (Sub (Tanh (Var "northsouth")) (Sub (Var "angle") (Abs (Neg (Tan (Var "angle"))))))) (Var "angle"))	eastwest,northsouth,angle,radialposition
(Tanh (Div (Add (Var "angle") (Var "eastwest")) (Var "northsouth")))	eastwest,northsouth,angle,radialposition
(Sub (Num 0.0) (ProtectedLog (Div (Pow2 (Sub (Inv (Var "radialposition")) (Exp (Abs (Tanh (Sin (ProtectedLog (Add (Mul (Var "radialposition") (Div (Var "radialposition") (Var "northsouth"))) (Cos (Sin (Var "northsouth"))))))))))) (Var "angle"))))	eastwest,northsouth,angle,radialposition
(ProtectedSqrt (Sub (Var "radialposition") (Var "eastwest")))	eastwest,northsouth,angle,radialposition
(Exp (Pow3 (Div (Num -1.0) (Exp (Sin (ProtectedLog (Cos (Neg (Mul (Sqrt (Tanh (Var "col_2"))) (Sub (Pow2 (Sub (Neg (Num 1.0)) (ProtectedExp (Exp (Var "col_2"))))) (Var "col_1")))))))))))	col_1,col_2
(Inv (Tanh (Inv (Neg (Sin (Var "col_2"))))))	col_1,col_2
(ProtectedInv (Sub (Var "col_1") (Pow (Pow3 (Var "col_1")) (ProtectedInv (Pow (Cos (Cos (Pow3 (Var "col_2")))) (Sub (Sub (Var "col_2") (Mul (Var "col_1") (Sqrt (Var "col_1")))) (Tan (Var "col_2"))))))))	col_1,col_2
(Add (Var "In4") (Inv (ProtectedInv (Var "In3"))))	In1,In2,In3,In4
(ProtectedExp (Sqrt (Var "In1")))	In1,In2,In3,In4
(Add (Sqrt (Var "in4")) (Var "in2"))	in1,in2,in3,in4
(Inv (Var "x0"))	x0,x1,x2,x3,x4,x5,x6,x7,x8
(ProtectedDiv (Div (Var "x0") (Cos (Pow (Var "x4") (ProtectedSqrt (Var "x2"))))) (Var "x2"))	x0,x1,x2,x3,x4,x5,x6,x7,x8
(Tan (Tan (Sqrt (Var "x4"))))	x0,x1,x2,x3,x4,x5,x6,x7,x8
(Sub (ProtectedExp (Var "x5")) (ProtectedExp (Num -1.0)))	x1,x2,x3,x4,x5,x6,x7,x8,x9,x10
(Sin (Var "x6"))	x1,x2,x3,x4,x5,x6,x7,x8,x9,x10
(ProtectedExp (Var "x5"))	x1,x2,x3,x4,x5,x6,x7,x8,x9,x10
(Pow (ProtectedExp (ProtectedExp (ProtectedSqrt (Add (Sin (Var "x2")) (Num 1.0))))) (Var "x1"))	x1,x2,x3,x4,x5,x6,x7,x8,x9,x10
(Cos (Cos (ProtectedSqrt (Var "CACH"))))	MYCT,MMIN,MMAX,CACH,CHMIN,CHMAX
(Pow2 (ProtectedLog (Var "x10")))	x1,x2,x3,x4,x5,x6,x7,x8,x9,x10
(ProtectedSqrt (ProtectedDiv (Pow2 (Sub (Var "x6") (ProtectedExp (Var "x8")))) (Var "x8")))	x1,x2,x3,x4,x5,x6,x7,x8,x9,x10
(Sub (Var "BEL") (Var "KIL"))	year,month,day,RPT,VAL,ROS,KIL,SHA,BIR,DUB,CLA,MUL,CLO,BEL
(Var "principal_component_4")	absorbance_1,absorbance_2,absorbance_3,absorbance_4,absorbance_5,absorbance_6,absorbance_7,absorbance_8,absorbance_9,absorbance_10,absorbance_11,absorbance_12,absorbance_13,absorbance_14,absorbance_15,absorbance_16,absorbance_17,absorbance_18,absorbance_19,absorbance_20,absorbance_21,absorbance_22,absorbance_23,absorbance_24,absorbance_25,absorbance_26,absorbance_27,absorbance_28,absorbance_29,absorbance_30,absorbance_31,absorbance_32,absorbance_33,absorbance_34,absorbance_35,absorbance_36,absorbance_37,absorbance_38,absorbance_39,absorbance_40,absorbance_41,absorbance_42,absorbance_43,absorbance_44,absorbance_45,absorbance_46,absorbance_47,absorbance_48,absorbance_49,absorbance_50,absorbance_51,absorbance_52,absorbance_53,absorbance_54,absorbance_55,absorbance_56,absorbance_57,absorbance_58,absorbance_59,absorbance_60,absorbance_61,absorbance_62,absorbance_63,absorbance_64,absorbance_65,absorbance_66,absorbance_67,absorbance_68,absorbance_69,absorbance_70,absorbance_71,absorbance_72,absorbance_73,absorbance_74,absorbance_75,absorbance_76,absorbance_77,absorbance_78,absorbance_79,absorbance_80,absorbance_81,absorbance_82,absorbance_83,absorbance_84,absorbance_85,absorbance_86,absorbance_87,absorbance_88,absorbance_89,absorbance_90,absorbance_91,absorbance_92,absorbance_93,absorbance_94,absorbance_95,absorbance_96,absorbance_97,absorbance_98,absorbance_99,absorbance_100,principal_component_1,principal_component_2,principal_component_3,principal_component_4,principal_component_5,principal_component_6,principal_component_7,principal_component_8,principal_component_9,principal_component_10,principal_component_11,principal_component_12,principal_component_13,principal_component_14,principal_component_15,principal_component_16,principal_component_17,principal_component_18,principal_component_19,principal_component_20,principal_component_21,principal_component_22,moisture,protein
(ProtectedSqrt (Var "temperature_at_2m"))	cars_per_hour,temperature_at_2m,wind_speed,temperature_diff_2m_25m,wind_direction,hour_of_day,day
(ProtectedInv (Var "population"))	median_income,housing_median_age,total_rooms,total_bedrooms,population,households,latitude,longitude
(Pow2 (Sin (Div (Var "households") (ProtectedDiv (Var "total_rooms") (Var "median_income")))))	median_income,housing_median_age,total_rooms,total_bedrooms,population,households,latitude,longitude
(Pow3 (Pow3 (Tan (Pow2 (Sub (Sqrt (Var "Scorer_2")) (Var "Scorer_1"))))))	Scorer_1,Scorer_2,Subject
(Var "X5")	X1,X2,X3,X4,X5,X6,X7,X8,X9,X10
(ProtectedExp (Var "X4"))	X1,X2,X3,X4,X5,X6,X7,X8,X9,X10
(Cos (Add (Var "oz2") (Add (ProtectedExp (Tanh (Var "oz2"))) (Var "oz1"))))	oz1,oz2,oz3,oz4,oz5,oz6,oz7,oz8,oz9,oz10,oz11,oz12,oz13,oz14,oz15,oz16,oz17,oz18,oz19,oz20,oz21,oz22,oz23,oz24,oz25
(Cos (Add (ProtectedExp (Var "oz1")) (Var "oz2")))	oz1,oz2,oz3,oz4,oz5,oz6,oz7,oz8,oz9,oz10,oz11,oz12,oz13,oz14,oz15,oz16,oz17,oz18,oz19,oz20,oz21,oz22,oz23,oz24,oz25
(Add (Var "oz4") (Cos (Add (ProtectedExp (Var "oz2")) (Var "oz1"))))	oz1,oz2,oz3,oz4,oz5,oz6,oz7,oz8,oz9,oz10,oz11,oz12,oz13,oz14,oz15,oz16,oz17,oz18,oz19,oz20,oz21,oz22,oz23,oz24,oz25
(Tan (Pow2 (Cos (Var "oz2"))))	oz1,oz2,oz3,oz4,oz5,oz6,oz7,oz8,oz9,oz10,oz11,oz12,oz13,oz14,oz15,oz16,oz17,oz18,oz19,oz20,oz21,oz22,oz23,oz24,oz25
(Sqrt (Pow2 (Sub (Cos (Abs (Pow2 (Var "oz1")))) (Var "oz2"))))	oz1,oz2,oz3,oz4,oz5,oz6,oz7,oz8,oz9,oz10,oz11,oz12,oz13,oz14,oz15,oz16,oz17,oz18,oz19,oz20,oz21,oz22,oz23,oz24,oz25
(ProtectedSqrt (Pow2 (Sub (Cos (Var "oz2")) (Var "oz1"))))	oz1,oz2,oz3,oz4,oz5,oz6,oz7,oz8,oz9,oz10,oz11,oz12,oz13,oz14,oz15,oz16,oz17,oz18,oz19,oz20,oz21,oz22,oz23,oz24,oz25
(Sub (Var "oz1") (Pow2 (Pow2 (Sin (Var "oz1")))))	oz1,oz2,oz3,oz4,oz5,oz6,oz7,oz8,oz9,oz10,oz11,oz12,oz13,oz14,oz15,oz16,oz17,oz18,oz19,oz20,oz21,oz22,oz23,oz24,oz25,oz26,oz27,oz28,oz29,oz30,oz31,oz32,oz33,oz34,oz35,oz36,oz37,oz38,oz39,oz40,oz41,oz42,oz43,oz44,oz45,oz46,oz47,oz48,oz49,oz50
(Sub (Var "oz2") (Exp (Cos (Var "oz3"))))	oz1,oz2,oz3,oz4,oz5,oz6,oz7,oz8,oz9,oz10,oz11,oz12,oz13,oz14,oz15,oz16,oz17,oz18,oz19,oz20,oz21,oz22,oz23,oz24,oz25,oz26,oz27,oz28,oz29,oz30,oz31,oz32,oz33,oz34,oz35,oz36,oz37,oz38,oz39,oz40,oz41,oz42,oz43,oz44,oz45,oz46,oz47,oz48,oz49,oz50
(Pow3 (Sin (Var "oz5")))	oz1,oz2,oz3,oz4,oz5,oz6,oz7,oz8,oz9,oz10,oz11,oz12,oz13,oz14,oz15,oz16,oz17,oz18,oz19,oz20,oz21,oz22,oz23,oz24,oz25,oz26,oz27,oz28,oz29,oz30,oz31,oz32,oz33,oz34,oz35,oz36,oz37,oz38,oz39,oz40,oz41,oz42,oz43,oz44,oz45,oz46,oz47,oz48,oz49,oz50
(ProtectedLog (Var "oz2"))	oz1,oz2,oz3,oz4,oz5,oz6,oz7,oz8,oz9,oz10,oz11,oz12,oz13,oz14,oz15,oz16,oz17,oz18,oz19,oz20,oz21,oz22,oz23,oz24,oz25
(Neg (ProtectedExp (Var "oz4")))	oz1,oz2,oz3,oz4,oz5,oz6,oz7,oz8,oz9,oz10,oz11,oz12,oz13,oz14,oz15,oz16,oz17,oz18,oz19,oz20,oz21,oz22,oz23,oz24,oz25
(Add (Add (Tanh (Var "oz1")) (Abs (Var "oz3"))) (Var "oz2"))	oz1,oz2,oz3,oz4,oz5,oz6,oz7,oz8,oz9,oz10
(Cos (Add (Var "oz2") (Mul (Var "oz1") (Tanh (Var "oz1")))))	oz1,oz2,oz3,oz4,oz5,oz6,oz7,oz8,oz9,oz10
(Tanh (Tanh (Var "oz5")))	oz1,oz2,oz3,oz4,oz5,oz6,oz7,oz8,oz9,oz10
(Tanh (Sub (Add (Var "oz2") (Var "oz2")) (Cos (Cos (Var "oz3")))))	oz1,oz2,oz3,oz4,oz5
(Neg (Sub (Num 1.0) (Mul (Var "oz2") (Var "oz1"))))	oz1,oz2,oz3,oz4,oz5
(Sub (Var "oz4") (Pow2 (Var "oz1")))	oz1,oz2,oz3,oz4,oz5,oz6,oz7,oz8,oz9,oz10,oz11,oz12,oz13,oz14,oz15,oz16,oz17,oz18,oz19,oz20,oz21,oz22,oz23,oz24,oz25
(Sub (Var "oz5") (Pow3 (Sqrt (ProtectedExp (ProtectedSqrt (Cos (Var "oz3")))))))	oz1,oz2,oz3,oz4,oz5,oz6,oz7,oz8,oz9,oz10,oz11,oz12,oz13,oz14,oz15,oz16,oz17,oz18,oz19,oz20,oz21,oz22,oz23,oz24,oz25
(Sub (Var "oz4") (Neg (Var "oz2")))	oz1,oz2,oz3,oz4,oz5,oz6,oz7,oz8,oz9,oz10,oz11,oz12,oz13,oz14,oz15,oz16,oz17,oz18,oz19,oz20,oz21,oz22,oz23,oz24,oz25
(Sin (ProtectedSqrt (Var "oz2")))	oz1,oz2,oz3,oz4,oz5
(Sin (Add (Num 1.0) (Var "oz2")))	oz1,oz2,oz3,oz4,oz5
(Cos (Tanh (Var "oz3")))	oz1,oz2,oz3,oz4,oz5
(Exp (Var "oz1"))	oz1,oz2,oz3,oz4,oz5,oz6,oz7,oz8,oz9,oz10,oz11,oz12,oz13,oz14,oz15,oz16,oz17,oz18,oz19,oz20,oz21,oz22,oz23,oz24,oz25,oz26,oz27,oz28,oz29,oz30,oz31,oz32,oz33,oz34,oz35,oz36,oz37,oz38,oz39,oz40,oz41,oz42,oz43,oz44,oz45,oz46,oz47,oz48,oz49,oz50
(Tanh (Sin (Var "oz2")))	oz1,oz2,oz3,oz4,oz5,oz6,oz7,oz8,oz9,oz10,oz11,oz12,oz13,oz14,oz15,oz16,oz17,oz18,oz19,oz20,oz21,oz22,oz23,oz24,oz25,oz26,oz27,oz28,oz29,oz30,oz31,oz32,oz33,oz34,oz35,oz36,oz37,oz38,oz39,oz40,oz41,oz42,oz43,oz44,oz45,oz46,oz47,oz48,oz49,oz50
(Cos (Mul (Var "oz1") (Tanh (Var "oz2"))))	oz1,oz2,oz3,oz4,oz5,oz6,oz7,oz8,oz9,oz10,oz11,oz12,oz13,oz14,oz15,oz16,oz17,oz18,oz19,oz20,oz21,oz22,oz23,oz24,oz25,oz26,oz27,oz28,oz29,oz30,oz31,oz32,oz33,oz34,oz35,oz36,oz37,oz38,oz39,oz40,oz41,oz42,oz43,oz44,oz45,oz46,oz47,oz48,oz49,oz50
(Cos (Mul (Var "oz2") (Sin (Var "oz1"))))	oz1,oz2,oz3,oz4,oz5,oz6,oz7,oz8,oz9,oz10,oz11,oz12,oz13,oz14,oz15,oz16,oz17,oz18,oz19,oz20,oz21,oz22,oz23,oz24,oz25,oz26,oz27,oz28,oz29,oz30,oz31,oz32,oz33,oz34,oz35,oz36,oz37,oz38,oz39,oz40,oz41,oz42,oz43,oz44,oz45,oz46,oz47,oz48,oz49,oz50
(Pow (ProtectedSqrt (ProtectedExp (Var "oz3"))) (Var "oz3"))	oz1,oz2,oz3,oz4,oz5
(Div (Pow2 (Sub (Cos (Var "oz2")) (Var "oz1"))) (ProtectedSqrt (Var "oz2")))	oz1,oz2,oz3,oz4,oz5
(ProtectedSqrt (Pow3 (Var "oz3")))	oz1,oz2,oz3,oz4,oz5,oz6,oz7,oz8,oz9,oz10,oz11,oz12,oz13,oz14,oz15,oz16,oz17,oz18,oz19,oz20,oz21,oz22,oz23,oz24,oz25
(ProtectedExp (Tan (Sin (Tanh (Add (Add (Var "oz1") (Cos (Mul (Var "oz1") (Var "oz2")))) (Var "oz2"))))))	oz1,oz2,oz3,oz4,oz5,oz6,oz7,oz8,oz9,oz10
(Tanh (Pow3 (Add (Tan (Var "oz2")) (Var "oz1"))))	oz1,oz2,oz3,oz4,oz5,oz6,oz7,oz8,oz9,oz10,oz11,oz12,oz13,oz14,oz15,oz16,oz17,oz18,oz19,oz20,oz21,oz22,oz23,oz24,oz25
(Mul (Tanh (ProtectedLog (Var "oz1"))) (Var "oz2"))	oz1,oz2,oz3,oz4,oz5,oz6,oz7,oz8,oz9,oz10,oz11,oz12,oz13,oz14,oz15,oz16,oz17,oz18,oz19,oz20,oz21,oz22,oz23,oz24,oz25,oz26,oz27,oz28,oz29,oz30,oz31,oz32,oz33,oz34,oz35,oz36,oz37,oz38,oz39,oz40,oz41,oz42,oz43,oz44,oz45,oz46,oz47,oz48,oz49,oz50
(Add (Var "oz4") (ProtectedSqrt (Var "oz3")))	oz1,oz2,oz3,oz4,oz5,oz6,oz7,oz8,oz9,oz10,oz11,oz12,oz13,oz14,oz15,oz16,oz17,oz18,oz19,oz20,oz21,oz22,oz23,oz24,oz25,oz26,oz27,oz28,oz29,oz30,oz31,oz32,oz33,oz34,oz35,oz36,oz37,oz38,oz39,oz40,oz41,oz42,oz43,oz44,oz45,oz46,oz47,oz48,oz49,oz50
(Pow3 (Tanh (Var "oz5")))	oz1,oz2,oz3,oz4,oz5,oz6,oz7,oz8,oz9,oz10,oz11,oz12,oz13,oz14,oz15,oz16,oz17,oz18,oz19,oz20,oz21,oz22,oz23,oz24,oz25,oz26,oz27,oz28,oz29,oz30,oz31,oz32,oz33,oz34,oz35,oz36,oz37,oz38,oz39,oz40,oz41,oz42,oz43,oz44,oz45,oz46,oz47,oz48,oz49,oz50
(ProtectedSqrt (ProtectedInv (Add (Exp (Var "oz4")) (Pow2 (Var "oz1")))))	oz1,oz2,oz3,oz4,oz5
(ProtectedSqrt (Var "oz2"))	oz1,oz2,oz3,oz4,oz5
(ProtectedLog (Sub (Var "oz2") (ProtectedSqrt (Var "oz2"))))	oz1,oz2,oz3,oz4,oz5
(Neg (Tan (Log (Var "col_2"))))	col_1,col_2
(Sub (Num 1.0) (Neg (Add (Mul (ProtectedSqrt (Var "in1")) (Sub (Var "in3") (Num 0.0))) (ProtectedInv (Sin (Abs (Mul (ProtectedSqrt (Var "in1")) (Abs (Sin (Var "in2"))))))))))	in1,in2,in3,in4
(Exp (ProtectedSqrt (Var "in4")))	in1,in2,in3,in4
(Sqrt (Var "in2"))	in1,in2,in3,in4
(Add (Var "In2") (Var "In1"))	In1,In2,In3,In4
(Var "In3")	In1,In2,In3,In4
(Add (Var "In2") (ProtectedSqrt (Sub (Num 0.0) (ProtectedExp (Cos (ProtectedDiv (Var "In1") (Sin (Pow2 (Sub (Sin (Mul (Var "In3") (Pow (Num -1.0) (Var "In3")))) (Var "In3"))))))))))	In1,In2,In3,In4
(Sub (Var "in3") (Cos (Add (Div (Var "in2") (Div (Num 1.0) (Inv (Add (ProtectedLog (Tan (Var "in3"))) (Pow2 (Sub (Var "in3") (Var "in2"))))))) (Var "in2"))))	in1,in2,in3,in4
(ProtectedDiv (Num 1.0) (Inv (Add (Div (Var "in4") (Div (Num 1.0) (Inv (Add (ProtectedLog (Tan (Var "in3"))) (Pow2 (Sub (Var "in3") (Var "in2"))))))) (Var "in2"))))	in1,in2,in3,in4
(Add (ProtectedDiv (Add (Var "in4") (Num 1.0)) (Var "in2")) (Inv (ProtectedInv (Var "in2"))))	in1,in2,in3,in4
(Div (Var "Ex1") (Add (Pow2 (Sub (Num 1.0) (Tan (Sqrt (ProtectedLog (Var "R")))))) (Var "R")))	R,Age,S,Ed,Ex0,Ex1,LF,M,N,NW,U1,U2,W
(Pow2 (Sub (Var "W") (Num -1.0)))	R,Age,S,Ed,Ex0,Ex1,LF,M,N,NW,U1,U2,W
(Pow2 (Sub (ProtectedSqrt (Var "Ed")) (Cos (ProtectedLog (Cos (Tan (Add (Var "Age") (Inv (Pow2 (Var "U2"))))))))))	R,Age,S,Ed,Ex0,Ex1,LF,M,N,NW,U1,U2,W
(Add (Var "M") (Pow2 (Sub (Var "Ed") (Neg (ProtectedDiv (Abs (Var "Age")) (Tanh (Div (Var "NW") (Exp (Tanh (Var "NW"))))))))))	R,Age,S,Ed,Ex0,Ex1,LF,M,N,NW,U1,U2,W
(Sqrt (Pow3 (Pow2 (Sub (Var "x7") (Sin (ProtectedSqrt (Pow3 (Var "x2"))))))))	x0,x1,x2,x3,x4,x5,x6,x7,x8
(Sqrt (Pow3 (Pow3 (Tan (Tan (ProtectedSqrt (Var "x4")))))))	x0,x1,x2,x3,x4,x5,x6,x7,x8
(Pow3 (Tan (Tan (Var "x3"))))	x0,x1,x2,x3,x4,x5,x6,x7,x8
(Abs (Pow3 (Pow3 (Pow3 (Add (Pow3 (Var "x8")) (Sin (Tan (Tan (Mul (Var "x8") (Sin (Sub (Cos (Abs (Pow2 (Pow3 (Var "x2"))))) (Var "x4"))))))))))))	x0,x1,x2,x3,x4,x5,x6,x7,x8
(Sub (Tan (Sin (Var "runqsz"))) (Tan (Pow3 (Tanh (Pow (Pow2 (Sub (ProtectedInv (ProtectedSqrt (Sub (Var "scall") (Pow2 (Sub (Div (ProtectedLog (Var "rchar")) (Var "pflt")) (Pow (Var "freeswap") (Var "ppgin"))))))) (Var "runqsz"))) (ProtectedInv (Var "pgin")))))))	lread,lwrite,scall,sread,swrite,fork,exec,rchar,wchar,pgout,ppgout,pgfree,pgscan,atch,pgin,ppgin,pflt,vflt,runqsz,freemem,freeswap
(Add (Div (Var "vflt") (Add (ProtectedSqrt (Sub (Pow2 (Sub (Pow2 (Sub (Var "scall") (ProtectedExp (Sub (Var "pflt") (Var "swrite"))))) (Pow2 (Sub (ProtectedInv (Neg (Var "exec"))) (Pow2 (Var "swrite")))))) (Pow (Var "pgin") (Var "sread")))) (Var "freemem"))) (Var "fork"))	lread,lwrite,scall,sread,swrite,fork,exec,rchar,wchar,pgout,ppgout,pgfree,pgscan,atch,pgin,ppgin,pflt,vflt,runqsz,freemem,freeswap
(ProtectedSqrt (Sqrt (Var "swrite")))	lread,lwrite,scall,sread,swrite,fork,exec,rchar,wchar,pgout,ppgout,pgfree,pgscan,atch,pgin,ppgin,pflt,vflt,runqsz,freemem,freeswap
(ProtectedDiv (Num 1.0) (Tan (Var "x6")))	x1,x2,x3,x4,x5,x6,x7,x8,x9,x10
(Exp (Var "x5"))	x1,x2,x3,x4,x5,x6,x7,x8,x9,x10
(Exp (Add (Sub (Var "x1") (Pow2 (Sub (Var "x1") (Pow2 (ProtectedInv (Sin (Var "x2"))))))) (Var "x3")))	x1,x2,x3,x4,x5,x6,x7,x8,x9,x10
(Pow2 (Exp (Add (Pow (Tanh (Var "x1")) (Var "x1")) (Var "x2"))))	x1,x2,x3,x4,x5,x6,x7,x8,x9,x10
(Pow2 (Sub (Exp (Mul (Cos (Abs (Exp (Div (Var "x4") (ProtectedExp (Pow (Var "x9") (Var "x8"))))))) (Var "x1"))) (Num 0.0)))	x1,x2,x3,x4,x5,x6,x7,x8,x9,x10
(Pow2 (Sub (ProtectedExp (Add (ProtectedDiv (Var "x2") (ProtectedDiv (Var "x8") (Var "x9"))) (Var "x6"))) (Var "x8")))	x1,x2,x3,x4,x5,x6,x7,x8,x9,x10
(Pow3 (Pow2 (Sub (Add (Var "x10") (Var "x5")) (Pow3 (ProtectedSqrt (Add (Var "x4") (Var "x6")))))))	x1,x2,x3,x4,x5,x6,x7,x8,x9,x10
(Sub (Var "x6") (Pow2 (Sub (Var "x6") (Abs (Var "x2")))))	x1,x2,x3,x4,x5,x6,x7,x8,x9,x10
(Mul (Sin (Pow2 (Sub (Pow3 (Mul (Var "x3") (Pow3 (ProtectedExp (Var "x2"))))) (Var "x3")))) (Pow3 (Cos (Var "x0"))))	x0,x1,x2,x3
(ProtectedExp (Var "x0"))	x0,x1,x2,x3
(Sub (ProtectedLog (Mul (Var "BEL") (Div (Pow2 (ProtectedDiv (Add (Mul (Var "ROS") (Var "KIL")) (Var "VAL")) (Var "RPT"))) (Var "month")))) (Add (Var "CLO") (Var "CLO")))	year,month,day,RPT,VAL,ROS,KIL,SHA,BIR,DUB,CLA,MUL,CLO,BEL
(Neg (Var "DUB"))	year,month,day,RPT,VAL,ROS,KIL,SHA,BIR,DUB,CLA,MUL,CLO,BEL
(Mul (Sin (Log (Abs (Sub (Pow2 (Sub (Pow2 (Var "year")) (Mul (ProtectedLog (Mul (Pow2 (Pow2 (Sub (Pow2 (Add (Var "SHA") (Var "DUB"))) (Pow2 (Sub (Var "year") (Var "DUB")))))) (Var "year"))) (Var "VAL")))) (Var "year"))))) (Var "BEL"))	year,month,day,RPT,VAL,ROS,KIL,SHA,BIR,DUB,CLA,MUL,CLO,BEL
(Var "BIR")	year,month,day,RPT,VAL,ROS,KIL,SHA,BIR,DUB,CLA,MUL,CLO,BEL
(Add (ProtectedInv (Cos (ProtectedDiv (Var "absorbance_66") (Var "absorbance_36")))) (Var "protein"))	absorbance_1,absorbance_2,absorbance_3,absorbance_4,absorbance_5,absorbance_6,absorbance_7,absorbance_8,absorbance_9,absorbance_10,absorbance_11,absorbance_12,absorbance_13,absorbance_14,absorbance_15,absorbance_16,absorbance_17,absorbance_18,absorbance_19,absorbance_20,absorbance_21,absorbance_22,absorbance_23,absorbance_24,absorbance_25,absorbance_26,absorbance_27,absorbance_28,absorbance_29,absorbance_30,absorbance_31,absorbance_32,absorbance_33,absorbance_34,absorbance_35,absorbance_36,absorbance_37,absorbance_38,absorbance_39,absorbance_40,absorbance_41,absorbance_42,absorbance_43,absorbance_44,absorbance_45,absorbance_46,absorbance_47,absorbance_48,absorbance_49,absorbance_50,absorbance_51,absorbance_52,absorbance_53,absorbance_54,absorbance_55,absorbance_56,absorbance_57,absorbance_58,absorbance_59,absorbance_60,absorbance_61,absorbance_62,absorbance_63,absorbance_64,absorbance_65,absorbance_66,absorbance_67,absorbance_68,absorbance_69,absorbance_70,absorbance_71,absorbance_72,absorbance_73,absorbance_74,absorbance_75,absorbance_76,absorbance_77,absorbance_78,absorbance_79,absorbance_80,absorbance_81,absorbance_82,absorbance_83,absorbance_84,absorbance_85,absorbance_86,absorbance_87,absorbance_88,absorbance_89,absorbance_90,absorbance_91,absorbance_92,absorbance_93,absorbance_94,absorbance_95,absorbance_96,absorbance_97,absorbance_98,absorbance_99,absorbance_100,principal_component_1,principal_component_2,principal_component_3,principal_component_4,principal_component_5,principal_component_6,principal_component_7,principal_component_8,principal_component_9,principal_component_10,principal_component_11,principal_component_12,principal_component_13,principal_component_14,principal_component_15,principal_component_16,principal_component_17,principal_component_18,principal_component_19,principal_component_20,principal_component_21,principal_component_22,moisture,protein
(ProtectedExp (Tanh (Mul (Var "wind_speed") (Pow2 (Sub (Abs (Pow3 (Sub (Pow2 (Sub (Var "temperature_diff_2m_25m") (Num -1.0))) (ProtectedSqrt (Var "temperature_at_2m"))))) (Var "temperature_diff_2m_25m"))))))	cars_per_hour,temperature_at_2m,wind_speed,temperature_diff_2m_25m,wind_direction,hour_of_day,day
(Tanh (Pow2 (Mul (Var "temperature_at_2m") (Pow2 (Sub (Inv (Neg (Sqrt (Pow2 (Sub (Tan (Abs (Sub (Tan (Num 1.0)) (Pow3 (Var "hour_of_day"))))) (Add (Var "temperature_diff_2m_25m") (Pow3 (Abs (Var "wind_speed"))))))))) (Var "temperature_diff_2m_25m"))))))	cars_per_hour,temperature_at_2m,wind_speed,temperature_diff_2m_25m,wind_direction,hour_of_day,day
(Pow3 (Sin (Var "wind_speed")))	cars_per_hour,temperature_at_2m,wind_speed,temperature_diff_2m_25m,wind_direction,hour_of_day,day
(Sub (Sin (Pow (Var "Bills") (Pow2 (Pow2 (Tan (Var "Party")))))) (Sqrt (ProtectedSqrt (Tanh (Neg (Var "Party"))))))	Party,Bills
(Tanh (Tanh (Inv (Var "Bills"))))	Party,Bills
(Div (Div (Sqrt (Div (Exp (ProtectedDiv (Pow3 (Var "Party")) (ProtectedLog (Var "Bills")))) (Add (Var "Bills") (Cos (Pow (Div (Var "Bills") (Var "Party")) (Mul (Var "Party") (Num 1.0))))))) (Var "Bills")) (Inv (ProtectedLog (Var "Bills"))))	Party,Bills
(Sub (Var "cars_per_hour") (Sin (Cos (Pow2 (Var "temperature_diff_2m_25m")))))	cars_per_hour,temperature_at_2m,wind_speed,temperature_diff_2m_25m,wind_direction,hour_of_day,day
(Sub (Var "cars_per_hour") (ProtectedExp (Cos (Var "cars_per_hour"))))	cars_per_hour,temperature_at_2m,wind_speed,temperature_diff_2m_25m,wind_direction,hour_of_day,day
(Sub (Var "temperature_diff_2m_25m") (ProtectedLog (Neg (Sub (Var "cars_per_hour") (Abs (Add (Var "hour_of_day") (ProtectedSqrt (ProtectedDiv (Pow2 (Var "hour_of_day")) (Sqrt (Pow2 (ProtectedDiv (Sub (Var "temperature_at_2m") (ProtectedLog (Var "hour_of_day"))) (Cos (Var "day")))))))))))))	cars_per_hour,temperature_at_2m,wind_speed,temperature_diff_2m_25m,wind_direction,hour_of_day,day
(Neg (Pow3 (Pow2 (Sub (ProtectedSqrt (ProtectedLog (ProtectedDiv (Var "Scorer_1") (Pow2 (Sub (Tan (Add (Var "Subject") (ProtectedExp (Var "Scorer_2")))) (Num -1.0)))))) (Exp (Tan (ProtectedSqrt (Cos (Var "Scorer_2")))))))))	Scorer_1,Scorer_2,Subject
(Neg (Pow3 (Pow2 (Sub (ProtectedSqrt (ProtectedLog (ProtectedDiv (Var "Scorer_1") (Pow2 (Sub (Tan (Neg (Var "Subject"))) (Num -1.0)))))) (ProtectedExp (Tan (ProtectedSqrt (Cos (Var "Scorer_2")))))))))	Scorer_1,Scorer_2,Subject
(Sub (Var "X4") (Tanh (Tanh (ProtectedLog (Cos (Pow3 (Var "X3")))))))	X1,X2,X3,X4,X5,X6,X7,X8,X9,X10
(Sin (Var "X1"))	X1,X2,X3,X4,X5,X6,X7,X8,X9,X10
(ProtectedSqrt (Tanh (Div (Inv (Div (Sub (Neg (Var "X3")) (Sqrt (Var "X3"))) (Var "X2"))) (Cos (Var "X3")))))	X1,X2,X3,X4,X5,X6,X7,X8,X9,X10
(Mul (ProtectedLog (Var "oz2")) (Pow (Exp (ProtectedSqrt (Sqrt (Exp (Var "oz21"))))) (Var "oz4")))	oz1,oz2,oz3,oz4,oz5,oz6,oz7,oz8,oz9,oz10,oz11,oz12,oz13,oz14,oz15,oz16,oz17,oz18,oz19,oz20,oz21,oz22,oz23,oz24,oz25
(Mul (Var "oz2") (Exp (Var "oz4")))	oz1,oz2,oz3,oz4,oz5,oz6,oz7,oz8,oz9,oz10,oz11,oz12,oz13,oz14,oz15,oz16,oz17,oz18,oz19,oz20,oz21,oz22,oz23,oz24,oz25
(Sin (Cos (ProtectedExp (Var "oz2"))))	oz1,oz2,oz3,oz4,oz5,oz6,oz7,oz8,oz9,oz10,oz11,oz12,oz13,oz14,oz15,oz16,oz17,oz18,oz19,oz20,oz21,oz22,oz23,oz24,oz25
(Tan (Tanh (Exp (Var "oz4"))))	oz1,oz2,oz3,oz4,oz5,oz6,oz7,oz8,oz9,oz10,oz11,oz12,oz13,oz14,oz15,oz16,oz17,oz18,oz19,oz20,oz21,oz22,oz23,oz24,oz25,oz26,oz27,oz28,oz29,oz30,oz31,oz32,oz33,oz34,oz35,oz36,oz37,oz38,oz39,oz40,oz41,oz42,oz43,oz44,oz45,oz46,oz47,oz48,oz49,oz50
(Div (Pow3 (Var "oz3")) (Var "oz3"))	oz1,oz2,oz3,oz4,oz5,oz6,oz7,oz8,oz9,oz10,oz11,oz12,oz13,oz14,oz15,oz16,oz17,oz18,oz19,oz20,oz21,oz22,oz23,oz24,oz25,oz26,oz27,oz28,oz29,oz30,oz31,oz32,oz33,oz34,oz35,oz36,oz37,oz38,oz39,oz40,oz41,oz42,oz43,oz44,oz45,oz46,oz47,oz48,oz49,oz50
(Add (Tanh (Pow3 (Var "oz5"))) (Var "oz2"))	oz1,oz2,oz3,oz4,oz5,oz6,oz7,oz8,oz9,oz10,oz11,oz12,oz13,oz14,oz15,oz16,oz17,oz18,oz19,oz20,oz21,oz22,oz23,oz24,oz25,oz26,oz27,oz28,oz29,oz30,oz31,oz32,oz33,oz34,oz35,oz36,oz37,oz38,oz39,oz40,oz41,oz42,oz43,oz44,oz45,oz46,oz47,oz48,oz49,oz50
(ProtectedLog (Tanh (Var "oz2")))	oz1,oz2,oz3,oz4,oz5,oz6,oz7,oz8,oz9,oz10,oz11,oz12,oz13,oz14,oz15,oz16,oz17,oz18,oz19,oz20,oz21,oz22,oz23,oz24,oz25
(Pow3 (Abs (ProtectedExp (Sqrt (ProtectedExp (Var "oz5"))))))	oz1,oz2,oz3,oz4,oz5,oz6,oz7,oz8,oz9,oz10,oz11,oz12,oz13,oz14,oz15,oz16,oz17,oz18,oz19,oz20,oz21,oz22,oz23,oz24,oz25
(Pow2 (Sub (Var "oz2") (ProtectedSqrt (Cos (ProtectedSqrt (Mul (Var "oz1") (Var "oz2")))))))	oz1,oz2,oz3,oz4,oz5,oz6,oz7,oz8,oz9,oz10,oz11,oz12,oz13,oz14,oz15,oz16,oz17,oz18,oz19,oz20,oz21,oz22,oz23,oz24,oz25
(Pow2 (Sub (ProtectedSqrt (Cos (Var "oz2"))) (Var "oz1")))	oz1,oz2,oz3,oz4,oz5,oz6,oz7,oz8,oz9,oz10,oz11,oz12,oz13,oz14,oz15,oz16,oz17,oz18,oz19,oz20,oz21,oz22,oz23,oz24,oz25
(Add (Var "oz4") (Add (Var "oz2") (Pow2 (Var "oz3"))))	oz1,oz2,oz3,oz4,oz5,oz6,oz7,oz8,oz9,oz10
(Cos (Abs (Pow2 (Var "oz2"))))	oz1,oz2,oz3,oz4,oz5,oz6,oz7,oz8,oz9,oz10
(Add (Var "oz1") (Add (Var "oz5") (Abs (ProtectedExp (Cos (Var "oz1"))))))	oz1,oz2,oz3,oz4,oz5,oz6,oz7,oz8,oz9,oz10
(ProtectedExp (Pow2 (Sub (Num -1.0) (Mul (Tanh (Pow3 (ProtectedExp (Pow3 (ProtectedDiv (ProtectedInv (Div (Exp (Var "oz3")) (Var "oz5"))) (Var "oz4")))))) (Var "oz4")))))	oz1,oz2,oz3,oz4,oz5
(Pow2 (Sub (Cos (Var "oz2")) (Tanh (ProtectedInv (Inv (Tanh (Mul (Var "oz2") (ProtectedExp (Add (Var "oz1") (Cos (Mul (ProtectedSqrt (ProtectedDiv (Cos (Add (Num 0.0) (Num 1.0))) (Var "oz3"))) (Var "oz2"))))))))))))	oz1,oz2,oz3,oz4,oz5
(Pow2 (Sub (Cos (Var "oz1")) (Tanh (Sub (Var "oz2") (Sub (ProtectedSqrt (Var "oz1")) (Var "oz1"))))))	oz1,oz2,oz3,oz4,oz5
(Sqrt (ProtectedExp (ProtectedSqrt (Pow3 (Abs (Var "oz3"))))))	oz1,oz2,oz3,oz4,oz5,oz6,oz7,oz8,oz9,oz10,oz11,oz12,oz13,oz14,oz15,oz16,oz17,oz18,oz19,oz20,oz21,oz22,oz23,oz24,oz25
(Div (Var "oz2") (ProtectedSqrt (ProtectedExp (Pow2 (Pow2 (Var "oz1"))))))	oz1,oz2,oz3,oz4,oz5,oz6,oz7,oz8,oz9,oz10,oz11,oz12,oz13,oz14,oz15,oz16,oz17,oz18,oz19,oz20,oz21,oz22,oz23,oz24,oz25
(Sub (Num 1.0) (ProtectedExp (Var "oz5")))	oz1,oz2,oz3,oz4,oz5
(ProtectedDiv (Pow2 (Sub (Var "oz2") (Sqrt (Sub (Tan (Sqrt (Num 1.0))) (Tanh (Mul (Var "oz1") (ProtectedExp (Sqrt (Sqrt (Pow (Pow2 (Sub (Sin (Num 1.0)) (ProtectedInv (Var "oz2")))) (Var "oz2"))))))))))) (Var "oz5"))	oz1,oz2,oz3,oz4,oz5
(ProtectedExp (Add (Var "oz4") (Sin (Pow2 (Sub (ProtectedSqrt (Var "oz1")) (Tanh (Sub (Num -1.0) (Neg (Neg (Cos (Var "oz3")))))))))))	oz1,oz2,oz3,oz4,oz5
(Pow (Pow2 (Mul (Var "oz1") (Sqrt (Exp (Var "oz3"))))) (Var "oz1"))	oz1,oz2,oz3,oz4,oz5
(ProtectedExp (Sin (Sin (ProtectedExp (Var "oz2")))))	oz1,oz2,oz3,oz4,oz5,oz6,oz7,oz8,oz9,oz10,oz11,oz12,oz13,oz14,oz15,oz16,oz17,oz18,oz19,oz20,oz21,oz22,oz23,oz24,oz25,oz26,oz27,oz28,oz29,oz30,oz31,oz32,oz33,oz34,oz35,oz36,oz37,oz38,oz39,oz40,oz41,oz42,oz43,oz44,oz45,oz46,oz47,oz48,oz49,oz50
(Pow2 (ProtectedExp (Sin (Tan (ProtectedSqrt (Cos (Var "oz1")))))))	oz1,oz2,oz3,oz4,oz5,oz6,oz7,oz8,oz9,oz10,oz11,oz12,oz13,oz14,oz15,oz16,oz17,oz18,oz19,oz20,oz21,oz22,oz23,oz24,oz25,oz26,oz27,oz28,oz29,oz30,oz31,oz32,oz33,oz34,oz35,oz36,oz37,oz38,oz39,oz40,oz41,oz42,oz43,oz44,oz45,oz46,oz47,oz48,oz49,oz50
(Pow2 (Exp (Sin (Var "oz2"))))	oz1,oz2,oz3,oz4,oz5,oz6,oz7,oz8,oz9,oz10,oz11,oz12,oz13,oz14,oz15,oz16,oz17,oz18,oz19,oz20,oz21,oz22,oz23,oz24,oz25,oz26,oz27,oz28,oz29,oz30,oz31,oz32,oz33,oz34,oz35,oz36,oz37,oz38,oz39,oz40,oz41,oz42,oz43,oz44,oz45,oz46,oz47,oz48,oz49,oz50
(ProtectedExp (Tanh (Tan (Var "oz1"))))	oz1,oz2,oz3,oz4,oz5,oz6,oz7,oz8,oz9,oz10,oz11,oz12,oz13,oz14,oz15,oz16,oz17,oz18,oz19,oz20,oz21,oz22,oz23,oz24,oz25,oz26,oz27,oz28,oz29,oz30,oz31,oz32,oz33,oz34,oz35,oz36,oz37,oz38,oz39,oz40,oz41,oz42,oz43,oz44,oz45,oz46,oz47,oz48,oz49,oz50
(Exp (Sub (Var "oz4") (Abs (Sub (Pow2 (Sub (Abs (ProtectedInv (Inv (ProtectedLog (Pow2 (Pow3 (Sqrt (Add (Num 1.0) (Inv (Exp (Num -1.0))))))))))) (Num -1.0))) (Cos (Num -1.0))))))	oz1,oz2,oz3,oz4,oz5
(ProtectedInv (ProtectedSqrt (Var "oz2")))	oz1,oz2,oz3,oz4,oz5
(Mul (Var "oz3") (ProtectedDiv (Pow2 (Sub (Var "oz1") (Cos (Var "oz2")))) (Tanh (Tanh (Tanh (Sin (Var "oz3")))))))	oz1,oz2,oz3,oz4,oz5
(Exp (ProtectedSqrt (ProtectedSqrt (Mul (Var "oz3") (Exp (Var "oz5"))))))	oz1,oz2,oz3,oz4,oz5,oz6,oz7,oz8,oz9,oz10,oz11,oz12,oz13,oz14,oz15,oz16,oz17,oz18,oz19,oz20,oz21,oz22,oz23,oz24,oz25
(Mul (Tanh (ProtectedSqrt (ProtectedDiv (Var "oz8") (Var "oz2")))) (Var "oz1"))	oz1,oz2,oz3,oz4,oz5,oz6,oz7,oz8,oz9,oz10
(Tanh (Add (Mul (ProtectedSqrt (Cos (Var "oz10"))) (Var "oz5")) (Var "oz2")))	oz1,oz2,oz3,oz4,oz5,oz6,oz7,oz8,oz9,oz10
(Neg (Sub (Pow2 (Pow3 (Sin (Var "oz1")))) (Var "oz4")))	oz1,oz2,oz3,oz4,oz5,oz6,oz7,oz8,oz9,oz10
(Pow2 (Exp (Sin (Add (Var "oz1") (Var "oz2")))))	oz1,oz2,oz3,oz4,oz5,oz6,oz7,oz8,oz9,oz10,oz11,oz12,oz13,oz14,oz15,oz16,oz17,oz18,oz19,oz20,oz21,oz22,oz23,oz24,oz25
(Neg (Var "oz4"))	oz1,oz2,oz3,oz4,oz5,oz6,oz7,oz8,oz9,oz10,oz11,oz12,oz13,oz14,oz15,oz16,oz17,oz18,oz19,oz20,oz21,oz22,oz23,oz24,oz25
(Neg (Add (Tanh (Var "oz5")) (Log (Inv (ProtectedExp (Abs (Sin (Neg (Neg (Pow3 (Var "oz2")))))))))))	oz1,oz2,oz3,oz4,oz5,oz6,oz7,oz8,oz9,oz10,oz11,oz12,oz13,oz14,oz15,oz16,oz17,oz18,oz19,oz20,oz21,oz22,oz23,oz24,oz25
(ProtectedExp (Tan (Sin (Pow2 (Sub (Var "oz1") (ProtectedSqrt (Cos (Var "oz1"))))))))	oz1,oz2,oz3,oz4,oz5,oz6,oz7,oz8,oz9,oz10,oz11,oz12,oz13,oz14,oz15,oz16,oz17,oz18,oz19,oz20,oz21,oz22,oz23,oz24,oz25,oz26,oz27,oz28,oz29,oz30,oz31,oz32,oz33,oz34,oz35,oz36,oz37,oz38,oz39,oz40,oz41,oz42,oz43,oz44,oz45,oz46,oz47,oz48,oz49,oz50
(Tan (Sin (Add (ProtectedSqrt (ProtectedDiv (Sub (Var "oz2") (ProtectedInv (Log (Pow (Var "oz2") (Sin (Var "oz2")))))) (ProtectedDiv (Tan (Exp (Var "oz1"))) (Sin (Tan (Var "oz1")))))) (Num -1.0))))	oz1,oz2,oz3,oz4,oz5
(Exp (Sin (Var "oz1")))	oz1,oz2,oz3,oz4,oz5
(ProtectedLog (Cos (Mul (Cos (ProtectedDiv (Var "oz4") (Var "oz3"))) (Var "oz4"))))	oz1,oz2,oz3,oz4,oz5
(Tan (Sin (Var "oz2")))	oz1,oz2,oz3,oz4,oz5
(Div (Add (Var "col_2") (Cos (Var "col_2"))) (ProtectedLog (Tan (Tan (Tanh (ProtectedLog (Abs (Sub (Var "col_2") (Pow (Num -1.0) (Var "col_2"))))))))))	col_1,col_2
(ProtectedDiv (Div (Var "col_1") (Neg (ProtectedSqrt (Add (Num -1.0) (Neg (Mul (Var "col_2") (Abs (Inv (Div (Neg (Exp (Var "col_2"))) (Sqrt (ProtectedLog (Var "col_2")))))))))))) (ProtectedSqrt (Var "col_2")))	col_1,col_2
(Neg (Sub (Var "col_2") (Add (Var "col_1") (ProtectedLog (Tan (Log (Var "col_2")))))))	col_1,col_2
(ProtectedDiv (Var "col_2") (ProtectedLog (Abs (ProtectedDiv (Neg (Add (Pow2 (Sin (Var "col_2"))) (Var "col_2"))) (ProtectedLog (Pow2 (Sub (Neg (Var "col_2")) (Var "col_2"))))))))	col_1,col_2
(Inv (ProtectedInv (Abs (Pow2 (Sub (Neg (ProtectedLog (Var "angle"))) (Sin (Log (ProtectedSqrt (Mul (ProtectedSqrt (Var "radialposition")) (Var "eastwest"))))))))))	eastwest,northsouth,angle,radialposition
(ProtectedSqrt (Div (Pow2 (ProtectedLog (Sub (Var "angle") (Sqrt (Pow2 (Sub (Var "radialposition") (ProtectedSqrt (Add (Var "angle") (Mul (Var "eastwest") (ProtectedSqrt (Var "angle"))))))))))) (Var "radialposition")))	eastwest,northsouth,angle,radialposition
(Neg (Tan (Sin (Pow (ProtectedLog (Abs (Var "angle"))) (Tanh (Add (Var "northsouth") (Add (Exp (Num -1.0)) (ProtectedExp (ProtectedSqrt (Inv (Div (Div (ProtectedSqrt (Var "northsouth")) (Var "angle")) (Pow2 (Sub (Var "eastwest") (Var "northsouth"))))))))))))))	eastwest,northsouth,angle,radialposition
(ProtectedDiv (Sin (Num 1.0)) (ProtectedExp (Div (Var "col_1") (Add (Var "col_2") (Sin (Mul (Exp (Pow3 (Pow (Tanh (Var "col_1")) (Exp (Sub (Tanh (Var "col_1")) (ProtectedInv (Var "col_1"))))))) (Var "col_2")))))))	col_1,col_2
(ProtectedDiv (Tan (Num 1.0)) (Exp (ProtectedDiv (Var "col_1") (Add (Var "col_1") (Sin (ProtectedExp (Mul (Var "col_2") (Sin (Sin (ProtectedInv (ProtectedSqrt (Tanh (ProtectedLog (Var "col_1"))))))))))))))	col_1,col_2
(Tanh (ProtectedDiv (Exp (Var "col_1")) (Var "col_2")))	col_1,col_2
(ProtectedLog (Pow3 (Var "col_3")))	col_0,col_1,col_2,col_3
(ProtectedDiv (Var "col_0") (Var "sqrt2"))	col_0,col_1,col_2,col_3
(Mul (Add (Pow2 (Sub (Var "phi") (Tanh (Mul (ProtectedExp (Var "sqrt2")) (Pow2 (Sub (Tanh (Mul (Var "e") (Sin (Var "col_1")))) (Sub (Cos (Var "sqrt2")) (Var "phi")))))))) (ProtectedSqrt (Var "col_1"))) (ProtectedSqrt (Var "phi")))	col_0,col_1,col_2,col_3
(ProtectedDiv (ProtectedLog (Var "col_3")) (Abs (ProtectedExp (ProtectedSqrt (Pow2 (Sub (Var "col_0") (Abs (ProtectedDiv (Add (Var "e") (Abs (Var "col_0"))) (Var "e")))))))))	col_0,col_1,col_2,col_3
(Tanh (Pow2 (Sub (Num 1.0) (Mul (ProtectedDiv (Var "theta") (Add (Var "theta") (Add (Var "theta") (Var "theta")))) (Pow2 (Sub (Var "theta") (Var "sigma")))))))	sigma,theta
(Tanh (Var "sigma"))	sigma,theta
(Cos (Var "theta"))	sigma,theta
(Mul (Sin (Mul (Sub (Var "theta") (Add (Var "sigma") (Cos (Var "theta")))) (ProtectedInv (ProtectedExp (Var "theta"))))) (Var "sigma"))	sigma,theta
(Pow2 (Sub (Var "theta") (Var "sigma")))	sigma,theta
(Add (Tanh (Num -1.0)) (Var "theta"))	sigma,theta
(Pow2 (Sub (Var "sigma") (Add (ProtectedSqrt (ProtectedSqrt (Var "sigma"))) (Num -1.0))))	sigma,theta
(Sub (ProtectedDiv (ProtectedInv (Sin (Sin (Num 1.0)))) (Var "sigma")) (Abs (Pow2 (Sub (Pow2 (Sub (ProtectedInv (Pow2 (Var "sigma"))) (Var "theta"))) (Var "sigma")))))	sigma,theta
(Pow2 (Sub (Var "sigma") (Pow2 (Sub (Var "theta") (Num 0.0)))))	sigma,theta
(Mul (ProtectedSqrt (Var "col_1")) (ProtectedInv (Pow2 (Sub (Var "col_2") (Pow2 (Sub (ProtectedInv (Var "col_3")) (Sub (Sin (Var "col_1")) (ProtectedSqrt (Num 9.0)))))))))	col_0,col_1,col_2,col_3
(Mul (ProtectedExp (Num -8.0)) (ProtectedInv (Pow2 (Sub (Var "col_3") (Mul (Sin (Mul (ProtectedLog (Var "col_2")) (Num 3.0))) (Var "col_2"))))))	col_0,col_1,col_2,col_3
(Mul (Abs (Num -2.0)) (Var "col_0"))	col_0,col_1,col_2,col_3
(Mul (Var "col_2") (ProtectedInv (Pow2 (Add (Mul (Var "col_0") (ProtectedDiv (Var "col_1") (ProtectedLog (Sub (Var "col_3") (Add (Neg (Neg (Var "col_2"))) (Pow2 (Sub (Var "col_1") (Add (Var "col_0") (ProtectedDiv (Add (ProtectedDiv (Var "col_0") (ProtectedInv (Neg (Pow2 (Sub (Var "col_3") (Var "col_1")))))) (Num -1.0)) (Var "col_2")))))))))) (Var "col_2")))))	col_0,col_1,col_2,col_3
(ProtectedInv (ProtectedInv (Mul (ProtectedInv (Var "col_2")) (Sub (Var "col_0") (ProtectedLog (Sub (Add (ProtectedExp (ProtectedInv (ProtectedExp (Sin (Var "phi"))))) (Var "sqrt2")) (Var "col_0")))))))	col_0,col_1,col_2,col_3
(ProtectedInv (ProtectedInv (Mul (ProtectedInv (Var "col_2")) (Sub (Var "col_0") (Pow2 (Num 9.0))))))	col_0,col_1,col_2,col_3
(Sub (Neg (ProtectedDiv (Pow2 (Sub (Sub (Var "col_0") (Mul (Sin (Sub (ProtectedExp (ProtectedSqrt (Sub (Var "col_1") (Sub (Num -3.0) (Var "phi"))))) (ProtectedLog (Tanh (Sin (Var "pi")))))) (Var "pi"))) (Var "col_3"))) (ProtectedLog (Var "sqrt2")))) (Pow2 (Pow2 (Sub (Var "e") (Sub (Var "gamma") (Mul (Num 6.0) (Var "e")))))))	col_0,col_1,col_2,col_3
(ProtectedLog (Sub (Var "col_1") (Mul (Tanh (Sin (Var "col_1"))) (Var "e"))))	col_0,col_1,col_2,col_3
(Exp (Sub (Var "x8") (Var "x4")))	x0,x1,x2,x3,x4,x5,x6,x7,x8
(Pow2 (Exp (Add (Var "x1") (Tanh (ProtectedDiv (Sub (Pow3 (Pow3 (Var "x2"))) (ProtectedInv (ProtectedExp (Add (Var "x3") (Var "x1"))))) (Var "x1"))))))	x1,x2,x3,x4,x5,x6,x7,x8,x9,x10
(Add (Var "x1") (Pow2 (Add (Var "x8") (Sqrt (Exp (Tan (Cos (ProtectedSqrt (ProtectedDiv (Var "x6") (Log (Pow2 (Sub (Pow3 (Tan (Add (Pow (Var "x4") (Var "x5")) (Var "x4")))) (Abs (Var "x2"))))))))))))))	x1,x2,x3,x4,x5,x6,x7,x8,x9,x10
(Tanh (Abs (Pow3 (Pow (Var "x0") (Var "x1")))))	x0,x1,x2,x3
(Add (ProtectedSqrt (Pow (Var "principal_component_9") (Add (ProtectedDiv (Var "principal_component_8") (ProtectedSqrt (Exp (ProtectedLog (Pow (Var "principal_component_2") (ProtectedDiv (Var "principal_component_7") (Pow2 (Sin (Inv (Var "principal_component_18")))))))))) (Var "absorbance_76")))) (Num 1.0))	absorbance_1,absorbance_2,absorbance_3,absorbance_4,absorbance_5,absorbance_6,absorbance_7,absorbance_8,absorbance_9,absorbance_10,absorbance_11,absorbance_12,absorbance_13,absorbance_14,absorbance_15,absorbance_16,absorbance_17,absorbance_18,absorbance_19,absorbance_20,absorbance_21,absorbance_22,absorbance_23,absorbance_24,absorbance_25,absorbance_26,absorbance_27,absorbance_28,absorbance_29,absorbance_30,absorbance_31,absorbance_32,absorbance_33,absorbance_34,absorbance_35,absorbance_36,absorbance_37,absorbance_38,absorbance_39,absorbance_40,absorbance_41,absorbance_42,absorbance_43,absorbance_44,absorbance_45,absorbance_46,absorbance_47,absorbance_48,absorbance_49,absorbance_50,absorbance_51,absorbance_52,absorbance_53,absorbance_54,absorbance_55,absorbance_56,absorbance_57,absorbance_58,absorbance_59,absorbance_60,absorbance_61,absorbance_62,absorbance_63,absorbance_64,absorbance_65,absorbance_66,absorbance_67,absorbance_68,absorbance_69,absorbance_70,absorbance_71,absorbance_72,absorbance_73,absorbance_74,absorbance_75,absorbance_76,absorbance_77,absorbance_78,absorbance_79,absorbance_80,absorbance_81,absorbance_82,absorbance_83,absorbance_84,absorbance_85,absorbance_86,absorbance_87,absorbance_88,absorbance_89,absorbance_90,absorbance_91,absorbance_92,absorbance_93,absorbance_94,absorbance_95,absorbance_96,absorbance_97,absorbance_98,absorbance_99,absorbance_100,principal_component_1,principal_component_2,principal_component_3,principal_component_4,principal_component_5,principal_component_6,principal_component_7,principal_component_8,principal_component_9,principal_component_10,principal_component_11,principal_component_12,principal_component_13,principal_component_14,principal_component_15,principal_component_16,principal_component_17,principal_component_18,principal_component_19,principal_component_20,principal_component_21,principal_component_22,moisture,protein
(Mul (Tan (Abs (Tan (Inv (Add (Var "population") (Var "total_rooms")))))) (Var "longitude"))	median_income,housing_median_age,total_rooms,total_bedrooms,population,households,latitude,longitude
(Add (Sqrt (Add (Neg (Neg (Log (Pow3 (ProtectedDiv (Var "households") (Var "median_income")))))) (Var "housing_median_age"))) (Var "median_income"))	median_income,housing_median_age,total_rooms,total_bedrooms,population,households,latitude,longitude
(Div (Var "Scorer_1") (Abs (Tan (Div (Tanh (Var "Subject")) (Tan (Cos (Pow2 (Var "Scorer_2"))))))))	Scorer_1,Scorer_2,Subject
(Mul (Var "oz3") (ProtectedDiv (Pow2 (Sub (Var "oz2") (ProtectedSqrt (Var "oz2")))) (Var "oz2")))	oz1,oz2,oz3,oz4,oz5
(Tanh (ProtectedInv (ProtectedSqrt (Tan (Var "oz2")))))	oz1,oz2,oz3,oz4,oz5,oz6,oz7,oz8,oz9,oz10,oz11,oz12,oz13,oz14,oz15,oz16,oz17,oz18,oz19,oz20,oz21,oz22,oz23,oz24,oz25
(Add (Var "oz5") (Var "oz2"))	oz1,oz2,oz3,oz4,oz5,oz6,oz7,oz8,oz9,oz10,oz11,oz12,oz13,oz14,oz15,oz16,oz17,oz18,oz19,oz20,oz21,oz22,oz23,oz24,oz25
(Add (Cos (Pow2 (Sub (Sub (ProtectedExp (Add (ProtectedSqrt (Pow3 (ProtectedDiv (Var "in4") (Pow3 (Var "in4"))))) (Tanh (Var "in2")))) (ProtectedSqrt (Log (Num 1.0)))) (Var "in2")))) (Var "in1"))	in1,in2,in3,in4
(ProtectedSqrt (Pow2 (Sqrt (Exp (Exp (Sin (Exp (Var "x6"))))))))	x0,x1,x2,x3,x4,x5,x6,x7,x8
(Sub (Pow2 (Exp (Tanh (Pow2 (Sub (Tan (ProtectedSqrt (Var "f5"))) (Cos (Add (ProtectedExp (Var "f32")) (Exp (Var "f42"))))))))) (Var "f7"))	f1,f2,f3,f4,f5,f6,f7,f8,f9,f10,f11,f12,f13,f14,f15,f16,f17,f18,f19,f20,f21,f22,f23,f24,f25,f26,f27,f28,f29,f30,f31,f32,f33,f34,f35,f36,f37,f38,f39,f40,f41,f42,f43,f44,f45,f46,f47,f48
(Tanh (Add (Tanh (ProtectedSqrt (Add (Var "Scorer_2") (ProtectedDiv (ProtectedSqrt (Num 1.0)) (Tan (Tanh (Add (Tanh (Abs (ProtectedSqrt (Sqrt (ProtectedDiv (Div (Var "Scorer_2") (Var "Subject")) (Var "Subject")))))) (Var "Scorer_2")))))))) (Var "Scorer_2")))	Scorer_1,Scorer_2,Subject
(Mul (Pow2 (Sub (Num 1.0) (Var "oz1"))) (Pow3 (Pow2 (Cos (Add (Tanh (Pow3 (Num 1.0))) (Var "oz2"))))))	oz1,oz2,oz3,oz4,oz5
(Tan (Sqrt (Log (ProtectedExp (Sin (Tan (Abs (Neg (Abs (Tanh (ProtectedInv (Var "oz3"))))))))))))	oz1,oz2,oz3,oz4,oz5,oz6,oz7,oz8,oz9,oz10,oz11,oz12,oz13,oz14,oz15,oz16,oz17,oz18,oz19,oz20,oz21,oz22,oz23,oz24,oz25
(Div (Sub (Sqrt (Pow2 (Sub (Add (Pow2 (Sub (Abs (Inv (Pow3 (Cos (Num -1.0))))) (Log (ProtectedInv (Var "col_2"))))) (Num 1.0)) (Var "col_1")))) (Var "col_1")) (Var "col_2"))	col_1,col_2
(Inv (ProtectedInv (Mul (Exp (Tanh (Inv (Var "col_2")))) (Var "col_2"))))	col_1,col_2
(Mul (Var "x2") (Pow2 (Sub (ProtectedInv (Var "x2")) (Sub (Var "x2") (ProtectedSqrt (Pow (Sin (Pow (Var "x0") (Var "x3"))) (Var "x1")))))))	x0,x1,x2,x3
(Tanh (Cos (ProtectedExp (Var "oz2"))))	oz1,oz2,oz3,oz4,oz5,oz6,oz7,oz8,oz9,oz10,oz11,oz12,oz13,oz14,oz15,oz16,oz17,oz18,oz19,oz20,oz21,oz22,oz23,oz24,oz25,oz26,oz27,oz28,oz29,oz30,oz31,oz32,oz33,oz34,oz35,oz36,oz37,oz38,oz39,oz40,oz41,oz42,oz43,oz44,oz45,oz46,oz47,oz48,oz49,oz50
(Add (ProtectedSqrt (Mul (Var "In1") (ProtectedExp (Cos (Pow2 (Sub (Var "In1") (Div (Var "In3") (Add (ProtectedInv (Sqrt (Num 1.0))) (Pow3 (Div (Mul (Mul (Var "In4") (Var "In4")) (Var "In2")) (Var "In3"))))))))))) (Var "In4"))	In1,In2,In3,In4
(Add (ProtectedDiv (Add (Var "MMIN") (Sub (Var "CACH") (ProtectedDiv (Sub (Add (Var "MYCT") (Var "MMAX")) (Var "MMIN")) (Var "CACH")))) (Var "CHMAX")) (Var "CACH"))	MYCT,MMIN,MMAX,CACH,CHMIN,CHMAX
(ProtectedLog (Div (ProtectedSqrt (Pow2 (Sub (Pow2 (Sub (Var "cars_per_hour") (Var "wind_speed"))) (Add (ProtectedInv (Cos (Tanh (Pow3 (ProtectedInv (Var "temperature_diff_2m_25m")))))) (Var "temperature_at_2m"))))) (Var "wind_speed")))	cars_per_hour,temperature_at_2m,wind_speed,temperature_diff_2m_25m,wind_direction,hour_of_day,day
(Neg (Pow3 (Pow2 (Sub (Abs (Var "Scorer_2")) (ProtectedExp (Tan (Pow (Abs (Pow2 (Sub (Cos (Tanh (Var "Scorer_1"))) (Pow (Num -1.0) (Abs (Var "Scorer_1")))))) (Var "Scorer_1"))))))))	Scorer_1,Scorer_2,Subject
(Exp (Cos (ProtectedExp (Var "oz1"))))	oz1,oz2,oz3,oz4,oz5,oz6,oz7,oz8,oz9,oz10,oz11,oz12,oz13,oz14,oz15,oz16,oz17,oz18,oz19,oz20,oz21,oz22,oz23,oz24,oz25
(Sub (Cos (Abs (Mul (Var "oz2") (ProtectedInv (ProtectedSqrt (Var "oz2")))))) (Var "oz1"))	oz1,oz2,oz3,oz4,oz5
(Var "T")	T,n,v,p
(Sub (ProtectedSqrt (Sub (Var "CHMAX") (Var "MMIN"))) (Neg (Add (Tan (Add (Var "CACH") (Abs (ProtectedDiv (ProtectedDiv (Var "MYCT") (Tanh (ProtectedSqrt (Num 1.0)))) (Var "CHMAX"))))) (Var "CACH"))))	MYCT,MMIN,MMAX,CACH,CHMIN,CHMAX
(Mul (Abs (Tanh (Tanh (Mul (Tan (Neg (ProtectedDiv (ProtectedDiv (Var "oz9") (Var "oz2")) (Sin (Var "oz40"))))) (Num 1.0))))) (Var "oz5"))	oz1,oz2,oz3,oz4,oz5,oz6,oz7,oz8,oz9,oz10,oz11,oz12,oz13,oz14,oz15,oz16,oz17,oz18,oz19,oz20,oz21,oz22,oz23,oz24,oz25,oz26,oz27,oz28,oz29,oz30,oz31,oz32,oz33,oz34,oz35,oz36,oz37,oz38,oz39,oz40,oz41,oz42,oz43,oz44,oz45,oz46,oz47,oz48,oz49,oz50
(Sqrt (Pow2 (Sub (Sub (Var "In1") (Div (Var "In2") (Pow3 (Num -1.0)))) (Sub (ProtectedInv (Pow3 (Var "In3"))) (Var "In1")))))	In1,In2,In3,In4
(Sub (Var "In2") (ProtectedDiv (Cos (Num 1.0)) (Var "In1")))	In1,In2,In3,In4
(Mul (Sub (Num 1.0) (Sqrt (Pow3 (Exp (Exp (Var "oz4")))))) (Neg (ProtectedInv (Var "oz2"))))	oz1,oz2,oz3,oz4,oz5
(Cos (Pow (Var "x2") (Abs (Pow2 (Sub (Exp (Var "x2")) (Pow2 (Sub (Var "x3") (Num 1.0))))))))	x0,x1,x2,x3
(Log (Pow2 (Sub (Pow (Var "oz17") (Num 0.0)) (Var "oz2"))))	oz1,oz2,oz3,oz4,oz5,oz6,oz7,oz8,oz9,oz10,oz11,oz12,oz13,oz14,oz15,oz16,oz17,oz18,oz19,oz20,oz21,oz22,oz23,oz24,oz25,oz26,oz27,oz28,oz29,oz30,oz31,oz32,oz33,oz34,oz35,oz36,oz37,oz38,oz39,oz40,oz41,oz42,oz43,oz44,oz45,oz46,oz47,oz48,oz49,oz50
(Var "z")	m,g,z
(Inv (Tanh (Inv (Inv (Tanh (Inv (ProtectedSqrt (Add (Var "vflt") (ProtectedInv (Div (Var "fork") (Add (Log (Pow2 (Sub (Var "rchar") (Pow (Var "exec") (Var "ppgin"))))) (Var "ppgin"))))))))))))	lread,lwrite,scall,sread,swrite,fork,exec,rchar,wchar,pgout,ppgout,pgfree,pgscan,atch,pgin,ppgin,pflt,vflt,runqsz,freemem,freeswap
(Tanh (Tan (Cos (Mul (Exp (Var "oz1")) (Tan (ProtectedInv (ProtectedLog (Num 1.0))))))))	oz1,oz2,oz3,oz4,oz5,oz6,oz7,oz8,oz9,oz10,oz11,oz12,oz13,oz14,oz15,oz16,oz17,oz18,oz19,oz20,oz21,oz22,oz23,oz24,oz25
(Sin (Sqrt (ProtectedSqrt (Sub (ProtectedDiv (Var "northsouth") (Neg (Sqrt (Var "angle")))) (Add (Var "eastwest") (Var "radialposition"))))))	eastwest,northsouth,angle,radialposition
(Add (Div (Var "in4") (Var "in3")) (Tanh (Cos (Num 1.0))))	in1,in2,in3,in4
(ProtectedSqrt (Sub (Var "x1") (Abs (ProtectedExp (ProtectedExp (Tanh (Pow3 (Pow2 (Sub (ProtectedSqrt (Neg (Num -1.0))) (Add (Sin (Var "x2")) (Add (Var "x1") (Add (Var "x1") (Tanh (Var "x3"))))))))))))))	x1,x2,x3,x4,x5,x6,x7,x8,x9,x10
(ProtectedSqrt (Add (Pow2 (Pow2 (Tanh (Div (Cos (Pow2 (Sub (ProtectedDiv (Num 0.0) (Tanh (Var "X2"))) (Pow (Var "X2") (Sin (ProtectedExp (Var "X2"))))))) (Pow3 (Var "X1")))))) (Abs (Var "X5"))))	X1,X2,X3,X4,X5,X6,X7,X8,X9,X10
(Div (Num 1.0) (Div (Num 1.0) (Pow (Pow2 (Mul (Var "oz1") (ProtectedSqrt (Mul (Abs (Var "oz5")) (Exp (Var "oz3")))))) (Sin (Var "oz1")))))	oz1,oz2,oz3,oz4,oz5
(Div (ProtectedDiv (ProtectedSqrt (Inv (ProtectedDiv (Neg (Inv (Var "Party"))) (Exp (ProtectedDiv (Var "Bills") (Abs (Pow3 (Abs (Var "Party"))))))))) (Var "Party")) (Inv (Tanh (Var "Bills"))))	Party,Bills
(Mul (Var "col_2") (Tanh (Cos (ProtectedInv (ProtectedInv (Mul (Pow (Num 1.0) (Num -1.0)) (Tanh (Var "col_2"))))))))	col_1,col_2
(ProtectedLog (Add (ProtectedSqrt (ProtectedExp (Var "in3"))) (Abs (Pow2 (Sub (Var "in3") (ProtectedSqrt (Var "in4")))))))	in1,in2,in3,in4
(Sin (ProtectedLog (Exp (Inv (Inv (Pow3 (Var "x2")))))))	x0,x1,x2,x3
(ProtectedDiv (ProtectedLog (Sub (Pow2 (Sub (Neg (ProtectedLog (Sub (ProtectedSqrt (Pow (Pow2 (Add (Abs (Var "x4")) (Var "x7"))) (ProtectedExp (Sub (Var "x4") (Var "x8"))))) (Var "x0")))) (Var "x6"))) (Var "x6"))) (ProtectedSqrt (Var "x4")))	x0,x1,x2,x3,x4,x5,x6,x7,x8
(Add (Sqrt (ProtectedDiv (Var "x0") (Pow2 (Sub (Var "x3") (ProtectedSqrt (Var "x2")))))) (Var "x2"))	x0,x1,x2,x3
(Div (ProtectedSqrt (Div (Var "X5") (ProtectedExp (Tan (Sin (Pow2 (Add (Tanh (ProtectedSqrt (Var "X3"))) (ProtectedSqrt (Var "X3"))))))))) (Num 1.0))	X1,X2,X3,X4,X5,X6,X7,X8,X9,X10
(Pow3 (Sin (Pow3 (Sub (Exp (Var "x1")) (Mul (Add (Var "x0") (Var "x1")) (Tan (Cos (Num -1.0))))))))	x0,x1,x2,x3
(Add (ProtectedLog (Add (ProtectedSqrt (Var "principal_component_9")) (ProtectedLog (Abs (Var "absorbance_66"))))) (Var "principal_component_9"))	absorbance_1,absorbance_2,absorbance_3,absorbance_4,absorbance_5,absorbance_6,absorbance_7,absorbance_8,absorbance_9,absorbance_10,absorbance_11,absorbance_12,absorbance_13,absorbance_14,absorbance_15,absorbance_16,absorbance_17,absorbance_18,absorbance_19,absorbance_20,absorbance_21,absorbance_22,absorbance_23,absorbance_24,absorbance_25,absorbance_26,absorbance_27,absorbance_28,absorbance_29,absorbance_30,absorbance_31,absorbance_32,absorbance_33,absorbance_34,absorbance_35,absorbance_36,absorbance_37,absorbance_38,absorbance_39,absorbance_40,absorbance_41,absorbance_42,absorbance_43,absorbance_44,absorbance_45,absorbance_46,absorbance_47,absorbance_48,absorbance_49,absorbance_50,absorbance_51,absorbance_52,absorbance_53,absorbance_54,absorbance_55,absorbance_56,absorbance_57,absorbance_58,absorbance_59,absorbance_60,absorbance_61,absorbance_62,absorbance_63,absorbance_64,absorbance_65,absorbance_66,absorbance_67,absorbance_68,absorbance_69,absorbance_70,absorbance_71,absorbance_72,absorbance_73,absorbance_74,absorbance_75,absorbance_76,absorbance_77,absorbance_78,absorbance_79,absorbance_80,absorbance_81,absorbance_82,absorbance_83,absorbance_84,absorbance_85,absorbance_86,absorbance_87,absorbance_88,absorbance_89,absorbance_90,absorbance_91,absorbance_92,absorbance_93,absorbance_94,absorbance_95,absorbance_96,absorbance_97,absorbance_98,absorbance_99,absorbance_100,principal_component_1,principal_component_2,principal_component_3,principal_component_4,principal_component_5,principal_component_6,principal_component_7,principal_component_8,principal_component_9,principal_component_10,principal_component_11,principal_component_12,principal_component_13,principal_component_14,principal_component_15,principal_component_16,principal_component_17,principal_component_18,principal_component_19,principal_component_20,principal_component_21,principal_component_22,moisture,protein
(Sub (Var "moisture") (ProtectedDiv (ProtectedSqrt (ProtectedExp (Sub (ProtectedDiv (Pow (Pow2 (Var "absorbance_56")) (Abs (ProtectedDiv (Var "absorbance_39") (Var "absorbance_81")))) (Var "absorbance_100")) (Cos (Var "absorbance_52"))))) (Var "absorbance_1")))	absorbance_1,absorbance_2,absorbance_3,absorbance_4,absorbance_5,absorbance_6,absorbance_7,absorbance_8,absorbance_9,absorbance_10,absorbance_11,absorbance_12,absorbance_13,absorbance_14,absorbance_15,absorbance_16,absorbance_17,absorbance_18,absorbance_19,absorbance_20,absorbance_21,absorbance_22,absorbance_23,absorbance_24,absorbance_25,absorbance_26,absorbance_27,absorbance_28,absorbance_29,absorbance_30,absorbance_31,absorbance_32,absorbance_33,absorbance_34,absorbance_35,absorbance_36,absorbance_37,absorbance_38,absorbance_39,absorbance_40,absorbance_41,absorbance_42,absorbance_43,absorbance_44,absorbance_45,absorbance_46,absorbance_47,absorbance_48,absorbance_49,absorbance_50,absorbance_51,absorbance_52,absorbance_53,absorbance_54,absorbance_55,absorbance_56,absorbance_57,absorbance_58,absorbance_59,absorbance_60,absorbance_61,absorbance_62,absorbance_63,absorbance_64,absorbance_65,absorbance_66,absorbance_67,absorbance_68,absorbance_69,absorbance_70,absorbance_71,absorbance_72,absorbance_73,absorbance_74,absorbance_75,absorbance_76,absorbance_77,absorbance_78,absorbance_79,absorbance_80,absorbance_81,absorbance_82,absorbance_83,absorbance_84,absorbance_85,absorbance_86,absorbance_87,absorbance_88,absorbance_89,absorbance_90,absorbance_91,absorbance_92,absorbance_93,absorbance_94,absorbance_95,absorbance_96,absorbance_97,absorbance_98,absorbance_99,absorbance_100,principal_component_1,principal_component_2,principal_component_3,principal_component_4,principal_component_5,principal_component_6,principal_component_7,principal_component_8,principal_component_9,principal_component_10,principal_component_11,principal_component_12,principal_component_13,principal_component_14,principal_component_15,principal_component_16,principal_component_17,principal_component_18,principal_component_19,principal_component_20,principal_component_21,principal_component_22,moisture,protein
(Inv (Tan (Neg (Cos (Tan (ProtectedInv (Num -1.0)))))))	oz1,oz2,oz3,oz4,oz5,oz6,oz7,oz8,oz9,oz10,oz11,oz12,oz13,oz14,oz15,oz16,oz17,oz18,oz19,oz20,oz21,oz22,oz23,oz24,oz25
(ProtectedDiv (Neg (Var "qe")) (Var "v"))	T,n,v,p
(Div (Var "m2") (Var "x1"))	m1,m2,G,x1,x2,y1,y2,z1,z2
(Add (Var "M") (Sub (Pow2 (Sub (Var "R") (Var "W"))) (Pow2 (Sub (Inv (Tanh (Cos (Var "N")))) (Add (Var "N") (ProtectedSqrt (Add (Var "M") (ProtectedLog (Var "S")))))))))	R,Age,S,Ed,Ex0,Ex1,LF,M,N,NW,U1,U2,W
(Sub (Sub (Inv (Tan (Var "R"))) (ProtectedInv (Add (Var "S") (Tan (Var "M"))))) (Neg (Var "Ed")))	R,Age,S,Ed,Ex0,Ex1,LF,M,N,NW,U1,U2,W
(Sqrt (Exp (ProtectedSqrt (ProtectedDiv (Var "Age") (Var "U1")))))	R,Age,S,Ed,Ex0,Ex1,LF,M,N,NW,U1,U2,W
(ProtectedSqrt (Mul (Exp (ProtectedInv (ProtectedLog (Var "NW")))) (Var "Ex0")))	R,Age,S,Ed,Ex0,Ex1,LF,M,N,NW,U1,U2,W
(Mul (Inv (Add (Var "absorbance_35") (Var "principal_component_10"))) (Var "absorbance_63"))	absorbance_1,absorbance_2,absorbance_3,absorbance_4,absorbance_5,absorbance_6,absorbance_7,absorbance_8,absorbance_9,absorbance_10,absorbance_11,absorbance_12,absorbance_13,absorbance_14,absorbance_15,absorbance_16,absorbance_17,absorbance_18,absorbance_19,absorbance_20,absorbance_21,absorbance_22,absorbance_23,absorbance_24,absorbance_25,absorbance_26,absorbance_27,absorbance_28,absorbance_29,absorbance_30,absorbance_31,absorbance_32,absorbance_33,absorbance_34,absorbance_35,absorbance_36,absorbance_37,absorbance_38,absorbance_39,absorbance_40,absorbance_41,absorbance_42,absorbance_43,absorbance_44,absorbance_45,absorbance_46,absorbance_47,absorbance_48,absorbance_49,absorbance_50,absorbance_51,absorbance_52,absorbance_53,absorbance_54,absorbance_55,absorbance_56,absorbance_57,absorbance_58,absorbance_59,absorbance_60,absorbance_61,absorbance_62,absorbance_63,absorbance_64,absorbance_65,absorbance_66,absorbance_67,absorbance_68,absorbance_69,absorbance_70,absorbance_71,absorbance_72,absorbance_73,absorbance_74,absorbance_75,absorbance_76,absorbance_77,absorbance_78,absorbance_79,absorbance_80,absorbance_81,absorbance_82,absorbance_83,absorbance_84,absorbance_85,absorbance_86,absorbance_87,absorbance_88,absorbance_89,absorbance_90,absorbance_91,absorbance_92,absorbance_93,absorbance_94,absorbance_95,absorbance_96,absorbance_97,absorbance_98,absorbance_99,absorbance_100,principal_component_1,principal_component_2,principal_component_3,principal_component_4,principal_component_5,principal_component_6,principal_component_7,principal_component_8,principal_component_9,principal_component_10,principal_component_11,principal_component_12,principal_component_13,principal_component_14,principal_component_15,principal_component_16,principal_component_17,principal_component_18,principal_component_19,principal_component_20,principal_component_21,principal_component_22,moisture,protein
(Mul (Pow3 (Sin (Var "x1"))) (Cos (Pow2 (Sub (Var "x3") (Pow2 (Sub (ProtectedInv (Var "x0")) (Pow (Pow2 (Sub (Abs (Var "x3")) (Tan (ProtectedDiv (Var "x3") (Var "x3"))))) (Cos (Mul (ProtectedExp (Num -1.0)) (Var "x0"))))))))))	x0,x1,x2,x3
(Sub (Var "col_1") (Neg (Mul (Num -1.0) (Sub (Var "col_2") (Neg (Sub (ProtectedLog (Var "col_2")) (ProtectedDiv (Tan (Sqrt (Sqrt (Abs (Var "col_2"))))) (Cos (Tanh (Num -1.0))))))))))	col_1,col_2
(ProtectedDiv (Var "x2") (Add (ProtectedSqrt (Abs (Div (Pow2 (Sub (Pow2 (Sub (ProtectedInv (Tan (Var "x0"))) (Cos (Pow2 (Sub (Num 1.0) (Var "x3")))))) (Var "x0"))) (Exp (Add (Var "x0") (Abs (ProtectedInv (Var "x1")))))))) (Sqrt (Num 1.0))))	x0,x1,x2,x3
(Var "m")	m,g,z
(Sub (Pow2 (Sub (Var "CACH") (Sub (Tan (Add (Sin (Var "CHMIN")) (Var "MYCT"))) (Num 1.0)))) (Sub (Exp (Sub (Tan (Sqrt (Var "MYCT"))) (Num -1.0))) (Var "MMAX")))	MYCT,MMIN,MMAX,CACH,CHMIN,CHMAX
(Sub (Var "CACH") (Sub (Pow2 (Tan (Sub (Var "MYCT") (Add (Var "CHMIN") (Inv (Sin (Pow3 (ProtectedSqrt (Var "MYCT"))))))))) (Var "MMAX")))	MYCT,MMIN,MMAX,CACH,CHMIN,CHMAX
(Sub (Var "in2") (ProtectedSqrt (Pow3 (ProtectedSqrt (Sub (ProtectedDiv (Var "in4") (Sqrt (Tan (Tanh (Pow2 (Sub (Mul (Var "in3") (ProtectedSqrt (Pow (Num -1.0) (Num -1.0)))) (Div (Var "in3") (Add (Var "in3") (Var "in3"))))))))) (Var "in1"))))))	in1,in2,in3,in4
(Add (Var "W") (Tan (Cos (Var "W"))))	R,Age,S,Ed,Ex0,Ex1,LF,M,N,NW,U1,U2,W
(Tanh (Abs (Mul (Tanh (ProtectedDiv (Num -1.0) (Neg (Var "in2")))) (Div (Mul (Pow3 (ProtectedDiv (Var "in4") (Var "in2"))) (Sub (Var "in2") (ProtectedExp (Var "in4")))) (Div (Pow2 (Sub (Num -1.0) (Tan (Var "in4")))) (Var "in4"))))))	in1,in2,in3,in4
(Sub (Exp (ProtectedDiv (Num -1.0) (Add (Sin (Var "Scorer_2")) (Tan (Var "Scorer_1"))))) (Num 0.0))	Scorer_1,Scorer_2,Subject
(Sub (Var "Ex1") (Tan (Pow2 (Sub (Var "Age") (Sqrt (Inv (ProtectedExp (Var "M"))))))))	R,Age,S,Ed,Ex0,Ex1,LF,M,N,NW,U1,U2,W
(Mul (Var "oz3") (Div (Pow2 (Sub (Var "oz2") (Num 1.0))) (Sub (Var "oz5") (Pow2 (Sub (Exp (Sin (Inv (Sqrt (Inv (Abs (Mul (Var "oz4") (Tanh (ProtectedSqrt (Var "oz2")))))))))) (Var "oz4"))))))	oz1,oz2,oz3,oz4,oz5
(Sin (Add (Var "wind_speed") (ProtectedInv (ProtectedDiv (ProtectedExp (Var "cars_per_hour")) (Pow2 (Sub (Div (Sin (Add (ProtectedExp (Var "day")) (Abs (ProtectedDiv (Tan (Pow2 (Var "temperature_diff_2m_25m"))) (Mul (Var "temperature_diff_2m_25m") (Num 1.0)))))) (Var "temperature_diff_2m_25m")) (Var "hour_of_day")))))))	cars_per_hour,temperature_at_2m,wind_speed,temperature_diff_2m_25m,wind_direction,hour_of_day,day
(Inv (Div (ProtectedSqrt (Var "hour_of_day")) (Add (Var "temperature_diff_2m_25m") (Mul (Sin (Sin (Mul (Var "hour_of_day") (Sub (Var "cars_per_hour") (Var "hour_of_day"))))) (Exp (Num -1.0))))))	cars_per_hour,temperature_at_2m,wind_speed,temperature_diff_2m_25m,wind_direction,hour_of_day,day
(ProtectedDiv (ProtectedDiv (Sub (Var "oz1") (Pow2 (Sub (Var "oz1") (ProtectedDiv (Var "oz3") (Num 0.0))))) (Var "oz5")) (Var "oz1"))	oz1,oz2,oz3,oz4,oz5
(Var "latitude")	median_income,housing_median_age,total_rooms,total_bedrooms,population,households,latitude,longitude
(Sin (Var "G"))	m,g,z
(ProtectedDiv (Sub (Neg (ProtectedLog (Var "n"))) (Sin (Var "n"))) (ProtectedExp (Var "sqrt2")))	T,n,v,p
(Log (Add (ProtectedSqrt (ProtectedExp (Var "in2"))) (Div (Var "in4") (Exp (Pow (Num -1.0) (Pow (Pow2 (Sub (Var "in2") (Pow (Pow2 (Num -1.0)) (Neg (Exp (Num 1.0)))))) (Var "in2")))))))	in1,in2,in3,in4
(Mul (ProtectedDiv (Add (Num 0.0) (Sub (Num -1.0) (Log (Pow2 (Sub (Var "col_2") (Neg (Sin (Div (Exp (Var "col_2")) (Abs (Mul (Var "col_2") (Var "col_2"))))))))))) (Var "col_2")) (Var "col_1"))	col_1,col_2
(Mul (ProtectedDiv (Add (Num 0.0) (Sub (Num -1.0) (Log (Pow2 (Sub (Var "col_2") (Neg (Sin (Div (Exp (Var "col_2")) (ProtectedInv (Mul (Var "col_2") (Var "col_2"))))))))))) (Var "col_2")) (Var "col_1"))	col_1,col_2
(Mul (Pow3 (ProtectedExp (Tan (Num -1.0)))) (Tan (Sub (ProtectedSqrt (Cos (ProtectedDiv (Tan (Pow3 (Tanh (Abs (Add (Exp (Var "oz2")) (Sub (Var "oz2") (Var "oz1"))))))) (Num 1.0)))) (Var "oz1"))))	oz1,oz2,oz3,oz4,oz5
(Mul (Pow3 (ProtectedExp (Tan (Num -1.0)))) (Tan (Sub (ProtectedSqrt (Cos (ProtectedDiv (Tan (Pow3 (Tanh (Abs (Add (Exp (Var "oz2")) (Sub (Var "oz2") (Var "oz1"))))))) (Num -1.0)))) (Var "oz1"))))	oz1,oz2,oz3,oz4,oz5
(ProtectedDiv (Sub (Var "Scorer_2") (Pow3 (Pow2 (Sub (Sin (Sub (Var "Scorer_2") (Sin (Var "Scorer_1")))) (Sin (Var "Subject")))))) (Pow2 (Sub (Var "Scorer_2") (Mul (Sqrt (ProtectedExp (Exp (Var "Scorer_1")))) (Sqrt (Var "Scorer_1"))))))	Scorer_1,Scorer_2,Subject
(Mul (Var "oz3") (Div (Pow2 (Sub (Var "oz2") (Num 1.0))) (Sub (Var "oz5") (Pow2 (Sub (Exp (Sin (ProtectedInv (ProtectedSqrt (Inv (Abs (Mul (Var "oz4") (Tanh (ProtectedSqrt (Var "oz2")))))))))) (Var "oz4"))))))	oz1,oz2,oz3,oz4,oz5
(ProtectedDiv (Sub (Tan (Var "Scorer_1")) (Num 0.0)) (Pow2 (Sub (Var "Scorer_1") (Pow (Pow2 (Tan (Var "Scorer_1"))) (Pow2 (Abs (Cos (Pow2 (Sub (Var "Subject") (Tanh (ProtectedSqrt (Var "Subject"))))))))))))	Scorer_1,Scorer_2,Subject
(Sqrt (ProtectedExp (Exp (Tanh (Var "oz4")))))	oz1,oz2,oz3,oz4,oz5
(ProtectedDiv (ProtectedDiv (Sub (Var "oz1") (Pow2 (Sub (Var "oz1") (ProtectedDiv (Num 0.0) (Num 0.0))))) (Var "oz5")) (Var "oz1"))	oz1,oz2,oz3,oz4,oz5
(Var "longitude")	median_income,housing_median_age,total_rooms,total_bedrooms,population,households,latitude,longitude
(Neg (Pow3 (Pow2 (Sub (Abs (Tan (Pow (Var "Scorer_1") (Pow2 (Sub (ProtectedInv (Var "Scorer_2")) (Tanh (ProtectedSqrt (Var "Scorer_1")))))))) (Exp (Tan (ProtectedSqrt (Pow (Num 1.0) (ProtectedLog (ProtectedExp (Var "Scorer_1")))))))))))	Scorer_1,Scorer_2,Subject
(Sqrt (Abs (Sub (Add (Var "MMIN") (ProtectedDiv (Tan (Tan (Neg (Add (Num -1.0) (Var "CHMAX"))))) (ProtectedInv (ProtectedSqrt (Mul (Div (Var "CACH") (Var "MYCT")) (Sub (Num -1.0) (Var "MMAX"))))))) (ProtectedDiv (Var "MMAX") (Var "MYCT")))))	MYCT,MMIN,MMAX,CACH,CHMIN,CHMAX
(ProtectedDiv (Sub (Tan (Var "Scorer_2")) (Var "Scorer_2")) (Pow2 (Sub (Var "Scorer_1") (Pow (Pow2 (Sin (Var "Scorer_1"))) (Pow2 (Abs (Cos (Pow2 (Sub (Var "Subject") (Tanh (ProtectedSqrt (Var "Subject"))))))))))))	Scorer_1,Scorer_2,Subject
(Add (Exp (ProtectedDiv (Num -1.0) (Add (Sin (Var "Scorer_2")) (Tan (Var "Scorer_1"))))) (Var "Subject"))	Scorer_1,Scorer_2,Subject
(Neg (Sin (Add (Sin (Var "oz1")) (Pow (Abs (ProtectedInv (Sin (Inv (ProtectedExp (Pow (Var "oz13") (Var "oz22"))))))) (ProtectedLog (Num 1.0))))))	oz1,oz2,oz3,oz4,oz5,oz6,oz7,oz8,oz9,oz10,oz11,oz12,oz13,oz14,oz15,oz16,oz17,oz18,oz19,oz20,oz21,oz22,oz23,oz24,oz25
(Sqrt (Abs (Sub (Add (Var "MMIN") (ProtectedDiv (Tan (Tan (Neg (Add (Num -1.0) (Var "CHMAX"))))) (ProtectedInv (ProtectedSqrt (Mul (Div (Var "CACH") (Var "MYCT")) (Sub (Var "MYCT") (Var "MMAX"))))))) (ProtectedDiv (Var "MMAX") (Var "MYCT")))))	MYCT,MMIN,MMAX,CACH,CHMIN,CHMAX
(ProtectedDiv (Sub (Var "Scorer_2") (Pow3 (Pow2 (Sub (Sin (Sub (Var "Scorer_2") (Sin (Var "Scorer_1")))) (Sin (Var "Subject")))))) (Pow2 (Sub (Var "Scorer_2") (Mul (Sqrt (Log (Exp (Pow2 (Var "Scorer_1"))))) (Cos (Var "Scorer_1"))))))	Scorer_1,Scorer_2,Subject
(Inv (Div (ProtectedSqrt (Var "cars_per_hour")) (Add (Var "temperature_diff_2m_25m") (Mul (Inv (Var "wind_speed")) (Exp (ProtectedDiv (Var "wind_speed") (Num 0.0)))))))	cars_per_hour,temperature_at_2m,wind_speed,temperature_diff_2m_25m,wind_direction,hour_of_day,day
(Tanh (Abs (Mul (Tanh (ProtectedDiv (Num 1.0) (Neg (Var "in2")))) (Div (Mul (Pow3 (ProtectedDiv (Var "in4") (Var "in2"))) (Sub (Var "in2") (ProtectedExp (Var "in4")))) (Div (Pow2 (Sub (Num -1.0) (Tan (Var "in4")))) (Var "in4"))))))	in1,in2,in3,in4
(Sub (Var "in2") (ProtectedSqrt (Pow3 (ProtectedSqrt (Sub (ProtectedDiv (Var "in4") (Sqrt (Tan (Tanh (Pow2 (Sub (Mul (Var "in3") (ProtectedSqrt (Pow (Num 1.0) (Num -1.0)))) (Div (Var "in3") (Add (Var "in3") (Var "in3"))))))))) (Var "in1"))))))	in1,in2,in3,in4
(Sub (Var "Ex1") (Tan (Pow2 (Sub (Var "Age") (Sqrt (Inv (ProtectedExp (Div (Pow (Pow (Var "U2") (Var "Age")) (Var "W")) (Var "U2")))))))))	R,Age,S,Ed,Ex0,Ex1,LF,M,N,NW,U1,U2,W
(Sub (Var "MYCT") (Add (Var "CHMIN") (Sub (Var "CACH") (Sub (Pow2 (Tan (Sub (Var "MYCT") (Add (Var "CHMIN") (Inv (Sin (Pow3 (ProtectedSqrt (Var "MYCT"))))))))) (Var "MMAX")))))	MYCT,MMIN,MMAX,CACH,CHMIN,CHMAX
(Sub (Pow2 (Sub (Var "CACH") (Sub (Tan (Add (Sin (Mul (Var "CHMIN") (Tanh (Var "MMIN")))) (Var "MYCT"))) (Num 1.0)))) (Sub (ProtectedExp (Sub (Tan (Sqrt (Var "MYCT"))) (Num -1.0))) (Var "MMAX")))	MYCT,MMIN,MMAX,CACH,CHMIN,CHMAX
(ProtectedDiv (Sub (Neg (ProtectedLog (Var "n"))) (Abs (Var "n"))) (ProtectedExp (Var "sqrt2")))	T,n,v,p
(Mul (Pow3 (Sin (Var "x1"))) (Cos (Pow2 (Sub (Var "x3") (Pow2 (Sub (ProtectedInv (Var "x0")) (Pow (Pow2 (Sub (Abs (Var "x3")) (Tan (ProtectedDiv (Var "x3") (Var "x3"))))) (Cos (Mul (Exp (Num -1.0)) (Var "x0"))))))))))	x0,x1,x2,x3
(Sin (Add (Var "wind_speed") (ProtectedInv (ProtectedDiv (ProtectedExp (Var "cars_per_hour")) (Pow2 (Sub (Div (Sin (Add (ProtectedExp (Var "day")) (Abs (Tanh (Pow (ProtectedSqrt (Var "temperature_at_2m")) (Inv (Var "day"))))))) (Var "temperature_diff_2m_25m")) (Var "hour_of_day")))))))	cars_per_hour,temperature_at_2m,wind_speed,temperature_diff_2m_25m,wind_direction,hour_of_day,day
(ProtectedDiv (Sub (Pow2 (Var "Scorer_1")) (Num 0.0)) (Pow2 (Sub (Var "Scorer_1") (Pow (Pow2 (Tan (Var "Scorer_1"))) (Pow2 (Abs (Cos (Pow2 (Sub (Var "Subject") (Tanh (ProtectedSqrt (Var "Subject"))))))))))))	Scorer_1,Scorer_2,Subject
(Add (Var "W") (Tan (Neg (Var "W"))))	R,Age,S,Ed,Ex0,Ex1,LF,M,N,NW,U1,U2,W
(Neg (Pow3 (Pow2 (Sub (Abs (Tan (Pow (Var "Scorer_1") (Pow2 (Sub (ProtectedInv (Var "Scorer_2")) (Tanh (ProtectedSqrt (Var "Scorer_1")))))))) (Exp (Tan (ProtectedSqrt (Pow (Num -1.0) (ProtectedLog (ProtectedExp (Var "Scorer_1")))))))))))	Scorer_1,Scorer_2,Subject
(ProtectedDiv (Var "m2") (Var "x1"))	m1,m2,G,x1,x2,y1,y2,z1,z2
(Pow3 (Pow2 (ProtectedSqrt (ProtectedSqrt (ProtectedSqrt (Sqrt (ProtectedSqrt (Abs (Div (Var "Age") (Var "U1"))))))))))	R,Age,S,Ed,Ex0,Ex1,LF,M,N,NW,U1,U2,W
(ProtectedSqrt (Mul (Exp (ProtectedInv (Log (Var "NW")))) (Var "Ex0")))	R,Age,S,Ed,Ex0,Ex1,LF,M,N,NW,U1,U2,W
(Sub (Cos (Var "Age")) (Add (ProtectedDiv (Tan (Var "R")) (Add (Var "S") (Pow3 (Pow2 (Sqrt (ProtectedSqrt (Sin (Var "W")))))))) (Var "Ed")))	R,Age,S,Ed,Ex0,Ex1,LF,M,N,NW,U1,U2,W
(Sub (Var "col_1") (Neg (Mul (Num -1.0) (Sub (Var "col_2") (Neg (Sub (ProtectedLog (Var "col_2")) (ProtectedDiv (Tan (Sqrt (Sqrt (Abs (Var "col_2"))))) (Cos (Tanh (Num 1.0))))))))))	col_1,col_2
(Mul (ProtectedInv (Add (Var "absorbance_35") (Var "principal_component_10"))) (Var "absorbance_63"))	absorbance_1,absorbance_2,absorbance_3,absorbance_4,absorbance_5,absorbance_6,absorbance_7,absorbance_8,absorbance_9,absorbance_10,absorbance_11,absorbance_12,absorbance_13,absorbance_14,absorbance_15,absorbance_16,absorbance_17,absorbance_18,absorbance_19,absorbance_20,absorbance_21,absorbance_22,absorbance_23,absorbance_24,absorbance_25,absorbance_26,absorbance_27,absorbance_28,absorbance_29,absorbance_30,absorbance_31,absorbance_32,absorbance_33,absorbance_34,absorbance_35,absorbance_36,absorbance_37,absorbance_38,absorbance_39,absorbance_40,absorbance_41,absorbance_42,absorbance_43,absorbance_44,absorbance_45,absorbance_46,absorbance_47,absorbance_48,absorbance_49,absorbance_50,absorbance_51,absorbance_52,absorbance_53,absorbance_54,absorbance_55,absorbance_56,absorbance_57,absorbance_58,absorbance_59,absorbance_60,absorbance_61,absorbance_62,absorbance_63,absorbance_64,absorbance_65,absorbance_66,absorbance_67,absorbance_68,absorbance_69,absorbance_70,absorbance_71,absorbance_72,absorbance_73,absorbance_74,absorbance_75,absorbance_76,absorbance_77,absorbance_78,absorbance_79,absorbance_80,absorbance_81,absorbance_82,absorbance_83,absorbance_84,absorbance_85,absorbance_86,absorbance_87,absorbance_88,absorbance_89,absorbance_90,absorbance_91,absorbance_92,absorbance_93,absorbance_94,absorbance_95,absorbance_96,absorbance_97,absorbance_98,absorbance_99,absorbance_100,principal_component_1,principal_component_2,principal_component_3,principal_component_4,principal_component_5,principal_component_6,principal_component_7,principal_component_8,principal_component_9,principal_component_10,principal_component_11,principal_component_12,principal_component_13,principal_component_14,principal_component_15,principal_component_16,principal_component_17,principal_component_18,principal_component_19,principal_component_20,principal_component_21,principal_component_22,moisture,protein
(Log (Add (Sqrt (ProtectedExp (Var "in2"))) (ProtectedDiv (Var "in1") (ProtectedExp (Pow (Num -1.0) (Add (Neg (Tanh (Mul (Var "in4") (Var "in4")))) (Var "in2")))))))	in1,in2,in3,in4
(Log (Add (ProtectedSqrt (ProtectedExp (Var "in3"))) (Abs (Mul (Sin (Var "in3")) (Div (Var "in4") (Cos (Var "in2")))))))	in1,in2,in3,in4
(Log (Add (ProtectedSqrt (ProtectedExp (Var "in2"))) (Div (Var "in4") (Exp (Pow (Num -1.0) (Pow (Pow2 (Sub (Var "in2") (Pow (Abs (Num -1.0)) (Neg (Exp (Num 1.0)))))) (Var "in2")))))))	in1,in2,in3,in4
(Add (Num -1.0) (Sub (Pow2 (Sub (Var "R") (Var "W"))) (Pow2 (Sub (Inv (Tanh (Cos (Var "N")))) (Add (Var "N") (Sqrt (Pow2 (Abs (Tan (Var "W"))))))))))	R,Age,S,Ed,Ex0,Ex1,LF,M,N,NW,U1,U2,W
(Sin (Add (Var "wind_speed") (ProtectedInv (ProtectedDiv (ProtectedExp (Var "cars_per_hour")) (Pow2 (Sub (Div (Sin (Add (ProtectedExp (Var "day")) (Abs (ProtectedDiv (Tan (Pow2 (Var "cars_per_hour"))) (Var "temperature_diff_2m_25m"))))) (Var "temperature_diff_2m_25m")) (Var "hour_of_day")))))))	cars_per_hour,temperature_at_2m,wind_speed,temperature_diff_2m_25m,wind_direction,hour_of_day,day
(Inv (Div (ProtectedSqrt (Var "hour_of_day")) (Add (Var "temperature_diff_2m_25m") (Mul (Sin (Sin (Mul (Var "hour_of_day") (Sub (Var "cars_per_hour") (Var "hour_of_day"))))) (Exp (Num 0.0))))))	cars_per_hour,temperature_at_2m,wind_speed,temperature_diff_2m_25m,wind_direction,hour_of_day,day
(ProtectedDiv (ProtectedLog (Sub (Pow2 (Sub (Neg (ProtectedLog (Sub (ProtectedSqrt (Pow (Pow2 (Add (Var "x4") (Var "x7"))) (ProtectedExp (Sub (Var "x4") (Var "x8"))))) (Var "x0")))) (Var "x6"))) (Var "x6"))) (ProtectedSqrt (Var "x4")))	x0,x1,x2,x3,x4,x5,x6,x7,x8
(Div (ProtectedSqrt (Div (Var "X5") (ProtectedExp (Tan (Sin (Pow2 (Add (Tanh (ProtectedSqrt (Var "X3"))) (Sqrt (Var "X3"))))))))) (Num 1.0))	X1,X2,X3,X4,X5,X6,X7,X8,X9,X10
(Neg (Sin (Add (Sin (Var "oz1")) (Pow (Abs (ProtectedInv (Sin (Inv (Div (Pow (Var "oz22") (Mul (Sub (Var "oz18") (Var "oz11")) (Var "oz10"))) (Var "oz13")))))) (ProtectedLog (Num 1.0))))))	oz1,oz2,oz3,oz4,oz5,oz6,oz7,oz8,oz9,oz10,oz11,oz12,oz13,oz14,oz15,oz16,oz17,oz18,oz19,oz20,oz21,oz22,oz23,oz24,oz25
(Add (ProtectedLog (Add (ProtectedSqrt (Var "principal_component_9")) (ProtectedLog (Var "absorbance_61")))) (Var "principal_component_9"))	absorbance_1,absorbance_2,absorbance_3,absorbance_4,absorbance_5,absorbance_6,absorbance_7,absorbance_8,absorbance_9,absorbance_10,absorbance_11,absorbance_12,absorbance_13,absorbance_14,absorbance_15,absorbance_16,absorbance_17,absorbance_18,absorbance_19,absorbance_20,absorbance_21,absorbance_22,absorbance_23,absorbance_24,absorbance_25,absorbance_26,absorbance_27,absorbance_28,absorbance_29,absorbance_30,absorbance_31,absorbance_32,absorbance_33,absorbance_34,absorbance_35,absorbance_36,absorbance_37,absorbance_38,absorbance_39,absorbance_40,absorbance_41,absorbance_42,absorbance_43,absorbance_44,absorbance_45,absorbance_46,absorbance_47,absorbance_48,absorbance_49,absorbance_50,absorbance_51,absorbance_52,absorbance_53,absorbance_54,absorbance_55,absorbance_56,absorbance_57,absorbance_58,absorbance_59,absorbance_60,absorbance_61,absorbance_62,absorbance_63,absorbance_64,absorbance_65,absorbance_66,absorbance_67,absorbance_68,absorbance_69,absorbance_70,absorbance_71,absorbance_72,absorbance_73,absorbance_74,absorbance_75,absorbance_76,absorbance_77,absorbance_78,absorbance_79,absorbance_80,absorbance_81,absorbance_82,absorbance_83,absorbance_84,absorbance_85,absorbance_86,absorbance_87,absorbance_88,absorbance_89,absorbance_90,absorbance_91,absorbance_92,absorbance_93,absorbance_94,absorbance_95,absorbance_96,absorbance_97,absorbance_98,absorbance_99,absorbance_100,principal_component_1,principal_component_2,principal_component_3,principal_component_4,principal_component_5,principal_component_6,principal_component_7,principal_component_8,principal_component_9,principal_component_10,principal_component_11,principal_component_12,principal_component_13,principal_component_14,principal_component_15,principal_component_16,principal_component_17,principal_component_18,principal_component_19,principal_component_20,principal_component_21,principal_component_22,moisture,protein
(Sub (Var "moisture") (ProtectedDiv (ProtectedSqrt (Exp (Sub (ProtectedDiv (Pow (Pow2 (Var "absorbance_56")) (Abs (ProtectedDiv (Var "absorbance_39") (Var "absorbance_81")))) (Var "absorbance_100")) (Cos (Var "absorbance_52"))))) (Var "absorbance_1")))	absorbance_1,absorbance_2,absorbance_3,absorbance_4,absorbance_5,absorbance_6,absorbance_7,absorbance_8,absorbance_9,absorbance_10,absorbance_11,absorbance_12,absorbance_13,absorbance_14,absorbance_15,absorbance_16,absorbance_17,absorbance_18,absorbance_19,absorbance_20,absorbance_21,absorbance_22,absorbance_23,absorbance_24,absorbance_25,absorbance_26,absorbance_27,absorbance_28,absorbance_29,absorbance_30,absorbance_31,absorbance_32,absorbance_33,absorbance_34,absorbance_35,absorbance_36,absorbance_37,absorbance_38,absorbance_39,absorbance_40,absorbance_41,absorbance_42,absorbance_43,absorbance_44,absorbance_45,absorbance_46,absorbance_47,absorbance_48,absorbance_49,absorbance_50,absorbance_51,absorbance_52,absorbance_53,absorbance_54,absorbance_55,absorbance_56,absorbance_57,absorbance_58,absorbance_59,absorbance_60,absorbance_61,absorbance_62,absorbance_63,absorbance_64,absorbance_65,absorbance_66,absorbance_67,absorbance_68,absorbance_69,absorbance_70,absorbance_71,absorbance_72,absorbance_73,absorbance_74,absorbance_75,absorbance_76,absorbance_77,absorbance_78,absorbance_79,absorbance_80,absorbance_81,absorbance_82,absorbance_83,absorbance_84,absorbance_85,absorbance_86,absorbance_87,absorbance_88,absorbance_89,absorbance_90,absorbance_91,absorbance_92,absorbance_93,absorbance_94,absorbance_95,absorbance_96,absorbance_97,absorbance_98,absorbance_99,absorbance_100,principal_component_1,principal_component_2,principal_component_3,principal_component_4,principal_component_5,principal_component_6,principal_component_7,principal_component_8,principal_component_9,principal_component_10,principal_component_11,principal_component_12,principal_component_13,principal_component_14,principal_component_15,principal_component_16,principal_component_17,principal_component_18,principal_component_19,principal_component_20,principal_component_21,principal_component_22,moisture,protein
(Neg (Pow3 (Pow2 (Sub (Abs (Tan (Pow (Var "Scorer_1") (Pow2 (Sub (ProtectedInv (Var "Scorer_2")) (Tanh (ProtectedSqrt (Var "Scorer_1")))))))) (Exp (Tan (ProtectedSqrt (Pow (Num 1.0) (ProtectedLog (ProtectedExp (Var "Subject")))))))))))	Scorer_1,Scorer_2,Subject
(Var "g")	m,g,z
(Sqrt (Abs (Sub (Add (Var "MMIN") (ProtectedDiv (Tan (Tan (Neg (Add (Num -1.0) (Var "CHMAX"))))) (ProtectedInv (ProtectedSqrt (Mul (Div (Var "CACH") (Var "MYCT")) (Sub (Var "CHMAX") (Var "MMAX"))))))) (ProtectedDiv (Var "MMAX") (Var "MYCT")))))	MYCT,MMIN,MMAX,CACH,CHMIN,CHMAX
(Sin (Var "x2"))	x0,x1,x2,x3
(Add (Sqrt (ProtectedDiv (Var "x0") (Pow2 (Sub (Var "x3") (Sqrt (Var "x2")))))) (Var "x2"))	x0,x1,x2,x3
(Neg (Sin (Add (Sin (Var "oz1")) (Pow (Abs (ProtectedInv (Sin (Inv (ProtectedExp (Var "oz2")))))) (ProtectedLog (Num 1.0))))))	oz1,oz2,oz3,oz4,oz5,oz6,oz7,oz8,oz9,oz10,oz11,oz12,oz13,oz14,oz15,oz16,oz17,oz18,oz19,oz20,oz21,oz22,oz23,oz24,oz25
(Pow3 (Sin (Pow3 (Sub (Exp (Var "x1")) (Mul (Add (Var "x0") (Var "x1")) (Tan (Cos (Num 1.0))))))))	x0,x1,x2,x3
(ProtectedDiv (Var "x2") (Add (ProtectedSqrt (Abs (Div (Pow2 (Sub (Pow2 (Sub (ProtectedInv (Tan (Var "x0"))) (Cos (Pow2 (Sub (Var "x2") (Var "x3")))))) (Var "x0"))) (Exp (Div (Var "x0") (Abs (ProtectedInv (Var "x1")))))))) (Sqrt (Num 1.0))))	x0,x1,x2,x3
(ProtectedDiv (ProtectedDiv (ProtectedSqrt (Inv (ProtectedDiv (Neg (Inv (Var "Party"))) (Exp (ProtectedDiv (Var "Bills") (Abs (Pow3 (Abs (Var "Party"))))))))) (Var "Party")) (Inv (Tanh (Var "Bills"))))	Party,Bills
(Tan (Var "latitude"))	median_income,housing_median_age,total_rooms,total_bedrooms,population,households,latitude,longitude
(Inv (Tan (Neg (Cos (Tan (ProtectedInv (Num 1.0)))))))	oz1,oz2,oz3,oz4,oz5,oz6,oz7,oz8,oz9,oz10,oz11,oz12,oz13,oz14,oz15,oz16,oz17,oz18,oz19,oz20,oz21,oz22,oz23,oz24,oz25
(ProtectedInv (Tanh (Inv (Inv (Tanh (Inv (ProtectedSqrt (Add (Var "vflt") (ProtectedInv (Div (Var "fork") (Add (Log (Pow2 (Sub (Var "rchar") (Pow (Var "exec") (Var "ppgin"))))) (Var "ppgin"))))))))))))	lread,lwrite,scall,sread,swrite,fork,exec,rchar,wchar,pgout,ppgout,pgfree,pgscan,atch,pgin,ppgin,pflt,vflt,runqsz,freemem,freeswap
(Sqrt (Abs (Sub (Add (Var "MMIN") (ProtectedDiv (Tan (Tan (Neg (Add (Num -1.0) (Var "CHMAX"))))) (ProtectedInv (ProtectedSqrt (Mul (Div (Var "CACH") (Var "MYCT")) (Sub (Num 1.0) (Var "MMAX"))))))) (ProtectedDiv (Var "MMAX") (Var "MYCT")))))	MYCT,MMIN,MMAX,CACH,CHMIN,CHMAX
(ProtectedDiv (Sub (Var "Scorer_2") (Pow3 (Pow2 (Sub (Sin (Sub (Var "Scorer_2") (Sin (Var "Scorer_1")))) (Sin (Var "Subject")))))) (Pow2 (Sub (Var "Scorer_2") (Mul (Sqrt (ProtectedExp (Exp (Var "Scorer_1")))) (ProtectedInv (Var "Scorer_1"))))))	Scorer_1,Scorer_2,Subject
(Add (Var "W") (Tan (Neg (Pow3 (Var "Ed")))))	R,Age,S,Ed,Ex0,Ex1,LF,M,N,NW,U1,U2,W
(Div (Num -1.0) (Div (Num 1.0) (Pow (Pow2 (Mul (Var "oz1") (ProtectedSqrt (Mul (Abs (Var "oz5")) (Exp (Var "oz3")))))) (Sin (Var "oz1")))))	oz1,oz2,oz3,oz4,oz5
(Log (Sub (Inv (Exp (Mul (Var "longitude") (Pow2 (Sin (Add (Var "median_income") (Pow2 (Sub (Abs (Var "total_bedrooms")) (Var "housing_median_age"))))))))) (Var "households")))	median_income,housing_median_age,total_rooms,total_bedrooms,population,households,latitude,longitude
(Neg (Var "housing_median_age"))	median_income,housing_median_age,total_rooms,total_bedrooms,population,households,latitude,longitude
(Div (Sub (Var "population") (Tanh (Var "median_income"))) (Log (Var "longitude")))	median_income,housing_median_age,total_rooms,total_bedrooms,population,households,latitude,longitude
(Sqrt (Neg (Mul (Pow3 (Var "total_bedrooms")) (Exp (ProtectedExp (Var "housing_median_age"))))))	median_income,housing_median_age,total_rooms,total_bedrooms,population,households,latitude,longitude
(Neg (Pow3 (Pow2 (Sub (Abs (Tan (Pow (Var "Scorer_1") (Pow2 (Sub (ProtectedInv (Var "Scorer_2")) (Tanh (ProtectedSqrt (Var "Scorer_1")))))))) (Exp (Tan (ProtectedSqrt (Pow (Num 1.0) (Tan (ProtectedExp (Var "Subject")))))))))))	Scorer_1,Scorer_2,Subject
(Sqrt (Add (Pow2 (Pow2 (Tanh (Div (Cos (Pow2 (Sub (ProtectedDiv (Num 0.0) (Tanh (Var "X2"))) (Pow (Var "X2") (Sin (ProtectedExp (Var "X2"))))))) (Pow3 (Var "X1")))))) (Abs (Var "X5"))))	X1,X2,X3,X4,X5,X6,X7,X8,X9,X10
(Mul (Var "col_2") (Tanh (Cos (ProtectedInv (ProtectedInv (Mul (Pow (Num 1.0) (Num 1.0)) (Tanh (Var "col_2"))))))))	col_1,col_2
(Var "qe")	m,g,z
(ProtectedDiv (Neg (Num 8.0)) (Var "v"))	T,n,v,p
(Log (Add (ProtectedSqrt (ProtectedExp (Var "in2"))) (Div (Var "in4") (Exp (Pow (Num -1.0) (Pow (Pow2 (Sub (Var "in2") (Pow (Pow2 (Num -1.0)) (ProtectedSqrt (Exp (Num 1.0)))))) (Var "in2")))))))	in1,in2,in3,in4
(Log (Add (ProtectedSqrt (ProtectedExp (Var "in2"))) (Div (Var "in4") (Exp (Pow (Num -1.0) (Pow (Pow2 (Sub (Var "in2") (Pow (Pow2 (Num -1.0)) (Neg (Var "in1"))))) (Var "in2")))))))	in1,in2,in3,in4
(ProtectedDiv (Sub (Var "Scorer_2") (Pow3 (Pow2 (Sub (Sin (Sub (Var "Scorer_2") (Sin (Var "Scorer_1")))) (Sin (Var "Subject")))))) (Pow2 (Sub (Var "Scorer_2") (Mul (Sqrt (ProtectedExp (Exp (Var "Scorer_1")))) (ProtectedSqrt (Var "Scorer_1"))))))	Scorer_1,Scorer_2,Subject
(Mul (Abs (Tanh (Tanh (Mul (Tan (Neg (ProtectedDiv (ProtectedDiv (Var "oz9") (Var "oz2")) (Sin (Var "oz40"))))) (Num -1.0))))) (Var "oz5"))	oz1,oz2,oz3,oz4,oz5,oz6,oz7,oz8,oz9,oz10,oz11,oz12,oz13,oz14,oz15,oz16,oz17,oz18,oz19,oz20,oz21,oz22,oz23,oz24,oz25,oz26,oz27,oz28,oz29,oz30,oz31,oz32,oz33,oz34,oz35,oz36,oz37,oz38,oz39,oz40,oz41,oz42,oz43,oz44,oz45,oz46,oz47,oz48,oz49,oz50
(Sin (ProtectedSqrt (ProtectedSqrt (Sub (ProtectedDiv (Var "northsouth") (Neg (Sqrt (Var "angle")))) (Add (Var "eastwest") (Var "radialposition"))))))	eastwest,northsouth,angle,radialposition
(Add (Div (Var "in4") (Var "in3")) (Tanh (Cos (Num -1.0))))	in1,in2,in3,in4
(Sqrt (Pow2 (Sub (Sub (Var "In1") (Div (Var "In2") (Inv (Num -1.0)))) (Sub (ProtectedInv (Pow3 (Var "In3"))) (Var "In1")))))	In1,In2,In3,In4
(Sub (Var "In2") (ProtectedDiv (Cos (Num -1.0)) (Var "In1")))	In1,In2,In3,In4
(Sub (Var "in2") (ProtectedSqrt (Pow3 (ProtectedSqrt (Sub (ProtectedDiv (Var "in4") (Sqrt (Tan (Tanh (Pow2 (Sub (Mul (Var "in3") (ProtectedSqrt (Pow (Num -1.0) (Var "in4")))) (Div (Var "in3") (Add (Var "in3") (Var "in3"))))))))) (Var "in1"))))))	in1,in2,in3,in4
(ProtectedSqrt (Sub (Var "x1") (Abs (ProtectedExp (ProtectedExp (Tanh (Pow3 (Pow2 (Sub (ProtectedSqrt (Neg (Num 1.0))) (Add (Sin (Var "x2")) (Add (Var "x1") (Add (Var "x1") (Tanh (Var "x3"))))))))))))))	x1,x2,x3,x4,x5,x6,x7,x8,x9,x10
(Mul (Sub (Num 1.0) (ProtectedSqrt (Pow3 (ProtectedExp (Exp (Var "oz4")))))) (Neg (ProtectedInv (Var "oz2"))))	oz1,oz2,oz3,oz4,oz5
(Neg (Sin (Add (Sin (Var "oz1")) (Pow (Abs (ProtectedInv (Sin (Pow (ProtectedExp (Var "oz20")) (Pow (Var "oz22") (Var "oz16")))))) (ProtectedLog (Num 1.0))))))	oz1,oz2,oz3,oz4,oz5,oz6,oz7,oz8,oz9,oz10,oz11,oz12,oz13,oz14,oz15,oz16,oz17,oz18,oz19,oz20,oz21,oz22,oz23,oz24,oz25
(Neg (Sin (Add (Sin (Var "oz1")) (Pow (Abs (ProtectedInv (Div (Inv (Pow (Var "oz22") (Pow2 (Sub (Sub (Var "oz18") (Var "oz11")) (Var "oz10"))))) (ProtectedExp (Var "oz13"))))) (ProtectedLog (Num 1.0))))))	oz1,oz2,oz3,oz4,oz5,oz6,oz7,oz8,oz9,oz10,oz11,oz12,oz13,oz14,oz15,oz16,oz17,oz18,oz19,oz20,oz21,oz22,oz23,oz24,oz25
(ProtectedDiv (ProtectedDiv (Sub (Var "oz1") (Pow2 (Sub (Var "oz1") (ProtectedDiv (Var "oz2") (Num 0.0))))) (Var "oz5")) (Var "oz1"))	oz1,oz2,oz3,oz4,oz5
(Cos (Pow (Var "x2") (Abs (Pow2 (Sub (Cos (Var "x2")) (Pow2 (Sub (Var "x3") (Num 1.0))))))))	x0,x1,x2,x3
(ProtectedDiv (Var "x2") (Add (ProtectedSqrt (Abs (Div (Pow2 (Sub (Pow2 (Sub (ProtectedInv (Tan (Var "x0"))) (Cos (Pow2 (Sub (Var "x2") (Var "x3")))))) (Var "x0"))) (Exp (Add (Var "x0") (Abs (ProtectedInv (Var "x1")))))))) (Sqrt (Num 1.0))))	x0,x1,x2,x3
(Neg (Add (Var "Bush00") (Var "Harris00")))	Bush00,Buchanan00,Nader00,Browne00,Hagelin00,Harris00,McReynolds00,Moorehead00,Phillips00,Total00,Clinton96,Dole96,Perot96,Total96
(Pow (ProtectedExp (Var "median_income")) (Var "households"))	median_income,housing_median_age,total_rooms,total_bedrooms,population,households,latitude,longitude
(Cos (Cos (Var "latitude")))	median_income,housing_median_age,total_rooms,total_bedrooms,population,households,latitude,longitude
(Abs (Tan (Var "latitude")))	median_income,housing_median_age,total_rooms,total_bedrooms,population,households,latitude,longitude
(ProtectedExp (ProtectedExp (Var "total_bedrooms")))	median_income,housing_median_age,total_rooms,total_bedrooms,population,households,latitude,longitude
(Abs (Var "households"))	median_income,housing_median_age,total_rooms,total_bedrooms,population,households,latitude,longitude
(Cos (Cos (Var "longitude")))	median_income,housing_median_age,total_rooms,total_bedrooms,population,households,latitude,longitude
(Var "housing_median_age")	median_income,housing_median_age,total_rooms,total_bedrooms,population,households,latitude,longitude
(ProtectedSqrt (Sqrt (Cos (Div (Var "longitude") (ProtectedDiv (Sqrt (Var "total_rooms")) (Sub (Var "total_bedrooms") (Var "total_rooms")))))))	median_income,housing_median_age,total_rooms,total_bedrooms,population,households,latitude,longitude
(Sin (Exp (Var "households")))	median_income,housing_median_age,total_rooms,total_bedrooms,population,households,latitude,longitude
(Var "total_rooms")	median_income,housing_median_age,total_rooms,total_bedrooms,population,households,latitude,longitude
(Neg (Pow3 (Pow2 (Sub (Abs (Tan (Pow (Var "Scorer_1") (Pow2 (Sub (ProtectedInv (Var "Scorer_2")) (Tanh (ProtectedSqrt (Var "Scorer_1")))))))) (Exp (Tan (ProtectedSqrt (Pow (Num 1.0) (ProtectedLog (ProtectedSqrt (Var "Scorer_1")))))))))))	Scorer_1,Scorer_2,Subject
(Mul (Mul (Var "e") (Pow2 (Mul (Mul (Var "g") (Add (ProtectedDiv (Cos (Sin (Var "c"))) (ProtectedInv (Var "m"))) (Var "gamma"))) (Tanh (Add (ProtectedLog (Cos (Pow2 (Var "sqrt2")))) (Var "sqrt2")))))) (Sin (Var "sqrt3")))	m,g,z
(Tanh (Var "kB"))	m,g,z
(ProtectedDiv (Sub (Neg (Var "n")) (Abs (Var "n"))) (ProtectedExp (Var "sqrt2")))	T,n,v,p
(Var "n")	T,n,v,p
(ProtectedDiv (Sub (Neg (ProtectedLog (Var "n"))) (Sin (Var "n"))) (ProtectedExp (Num 8.0)))	T,n,v,p
(Log (Add (ProtectedSqrt (ProtectedExp (Var "in2"))) (Div (Var "in4") (Exp (Pow (Num -1.0) (Pow (Pow2 (Sub (Var "in2") (Pow (Pow2 (Num -1.0)) (Neg (Exp (Num -1.0)))))) (Var "in2")))))))	in1,in2,in3,in4
(Add (Var "Ex1") (Sub (Pow2 (Sub (Var "R") (Var "W"))) (Pow2 (Sub (Inv (Tanh (Cos (Var "N")))) (Add (Var "N") (Sqrt (Pow2 (Abs (Tan (Var "W"))))))))))	R,Age,S,Ed,Ex0,Ex1,LF,M,N,NW,U1,U2,W
(ProtectedExp (Sub (Var "x8") (Var "x4")))	x0,x1,x2,x3,x4,x5,x6,x7,x8
(Pow2 (Exp (Add (Var "x1") (Tanh (ProtectedDiv (Sub (Pow3 (Pow3 (Var "x2"))) (ProtectedInv (Exp (Add (Var "x3") (Var "x1"))))) (Var "x1"))))))	x1,x2,x3,x4,x5,x6,x7,x8,x9,x10
(Sub (ProtectedSqrt (Sub (Var "CHMAX") (Var "MMIN"))) (Neg (Add (Tan (Add (Var "CACH") (Abs (ProtectedDiv (ProtectedDiv (Var "MYCT") (Tanh (Num -1.0))) (Var "CHMAX"))))) (Var "CACH"))))	MYCT,MMIN,MMAX,CACH,CHMIN,CHMAX
(Sqrt (Abs (Sub (Add (Var "MMIN") (ProtectedDiv (Tan (Tan (Neg (Add (Num -1.0) (Var "CHMAX"))))) (ProtectedInv (ProtectedSqrt (Mul (Div (Var "CACH") (Var "MYCT")) (Var "MMAX")))))) (ProtectedDiv (Var "MMAX") (Var "MYCT")))))	MYCT,MMIN,MMAX,CACH,CHMIN,CHMAX
(Sqrt (Abs (Sub (Add (Var "MMIN") (ProtectedDiv (Tan (Tan (Neg (Add (Num -1.0) (Var "CHMAX"))))) (ProtectedInv (ProtectedSqrt (Mul (Div (Var "CACH") (Var "MYCT")) (Sub (Var "CACH") (Var "MMAX"))))))) (ProtectedDiv (Var "MMAX") (Var "MYCT")))))	MYCT,MMIN,MMAX,CACH,CHMIN,CHMAX
(Sub (ProtectedSqrt (Sub (Var "CHMAX") (Var "MMIN"))) (Neg (Add (Tan (Add (Var "CACH") (Abs (ProtectedDiv (ProtectedDiv (Var "MYCT") (Tanh (ProtectedSqrt (Num -1.0)))) (Var "CHMAX"))))) (Var "CACH"))))	MYCT,MMIN,MMAX,CACH,CHMIN,CHMAX
(Add (Var "x1") (Pow2 (Add (Var "x8") (Sqrt (Exp (Tan (Cos (ProtectedSqrt (ProtectedDiv (Var "x6") (Log (Pow2 (Sub (Pow3 (Tan (Add (Pow (Var "x4") (Var "x5")) (Var "x4")))) (Neg (Var "x2"))))))))))))))	x1,x2,x3,x4,x5,x6,x7,x8,x9,x10
(Sin (ProtectedLog (Exp (Var "x2"))))	x0,x1,x2,x3
(Tanh (ProtectedSqrt (Pow3 (Pow (Var "x0") (Var "x1")))))	x0,x1,x2,x3
(Add (ProtectedSqrt (Pow (Var "principal_component_9") (Add (ProtectedDiv (Var "principal_component_8") (ProtectedSqrt (Exp (ProtectedLog (Pow (Var "principal_component_2") (ProtectedDiv (Var "principal_component_7") (Pow2 (Sin (Inv (Var "principal_component_18")))))))))) (Var "absorbance_76")))) (Num 0.0))	absorbance_1,absorbance_2,absorbance_3,absorbance_4,absorbance_5,absorbance_6,absorbance_7,absorbance_8,absorbance_9,absorbance_10,absorbance_11,absorbance_12,absorbance_13,absorbance_14,absorbance_15,absorbance_16,absorbance_17,absorbance_18,absorbance_19,absorbance_20,absorbance_21,absorbance_22,absorbance_23,absorbance_24,absorbance_25,absorbance_26,absorbance_27,absorbance_28,absorbance_29,absorbance_30,absorbance_31,absorbance_32,absorbance_33,absorbance_34,absorbance_35,absorbance_36,absorbance_37,absorbance_38,absorbance_39,absorbance_40,absorbance_41,absorbance_42,absorbance_43,absorbance_44,absorbance_45,absorbance_46,absorbance_47,absorbance_48,absorbance_49,absorbance_50,absorbance_51,absorbance_52,absorbance_53,absorbance_54,absorbance_55,absorbance_56,absorbance_57,absorbance_58,absorbance_59,absorbance_60,absorbance_61,absorbance_62,absorbance_63,absorbance_64,absorbance_65,absorbance_66,absorbance_67,absorbance_68,absorbance_69,absorbance_70,absorbance_71,absorbance_72,absorbance_73,absorbance_74,absorbance_75,absorbance_76,absorbance_77,absorbance_78,absorbance_79,absorbance_80,absorbance_81,absorbance_82,absorbance_83,absorbance_84,absorbance_85,absorbance_86,absorbance_87,absorbance_88,absorbance_89,absorbance_90,absorbance_91,absorbance_92,absorbance_93,absorbance_94,absorbance_95,absorbance_96,absorbance_97,absorbance_98,absorbance_99,absorbance_100,principal_component_1,principal_component_2,principal_component_3,principal_component_4,principal_component_5,principal_component_6,principal_component_7,principal_component_8,principal_component_9,principal_component_10,principal_component_11,principal_component_12,principal_component_13,principal_component_14,principal_component_15,principal_component_16,principal_component_17,principal_component_18,principal_component_19,principal_component_20,principal_component_21,principal_component_22,moisture,protein
(Mul (Tan (Abs (Tan (ProtectedInv (Add (Var "population") (Var "total_rooms")))))) (Var "longitude"))	median_income,housing_median_age,total_rooms,total_bedrooms,population,households,latitude,longitude
(Add (Sqrt (Add (Neg (Neg (Log (Pow3 (Div (Var "households") (Var "median_income")))))) (Var "housing_median_age"))) (Var "median_income"))	median_income,housing_median_age,total_rooms,total_bedrooms,population,households,latitude,longitude
(Sin (Add (Var "wind_speed") (ProtectedInv (ProtectedDiv (ProtectedExp (Var "cars_per_hour")) (Pow2 (Sub (Div (Sin (Add (ProtectedExp (Var "day")) (Abs (Tanh (Sqrt (ProtectedSqrt (Inv (Var "temperature_at_2m")))))))) (Var "temperature_diff_2m_25m")) (Var "hour_of_day")))))))	cars_per_hour,temperature_at_2m,wind_speed,temperature_diff_2m_25m,wind_direction,hour_of_day,day
(Sin (Add (Var "wind_speed") (ProtectedInv (ProtectedDiv (ProtectedExp (Var "cars_per_hour")) (Pow2 (Sub (Div (Sin (Add (ProtectedExp (Var "day")) (Abs (Tanh (Pow (ProtectedSqrt (Var "temperature_at_2m")) (Var "temperature_diff_2m_25m")))))) (Var "temperature_diff_2m_25m")) (Var "hour_of_day")))))))	cars_per_hour,temperature_at_2m,wind_speed,temperature_diff_2m_25m,wind_direction,hour_of_day,day
(Div (Var "Scorer_1") (Abs (Tan (Div (Tanh (Var "Subject")) (Tan (Cos (Pow2 (Sub (Var "Scorer_2") (Neg (Num 0.0))))))))))	Scorer_1,Scorer_2,Subject
(ProtectedDiv (Sub (Var "Scorer_2") (Pow3 (Pow2 (Sub (Sin (Sub (Var "Scorer_2") (Sin (Var "Scorer_1")))) (Sin (Var "Subject")))))) (Pow2 (Sub (Var "Scorer_2") (Mul (Sqrt (Log (Exp (Pow2 (Var "Scorer_1"))))) (Cos (Num 1.0))))))	Scorer_1,Scorer_2,Subject
(Tanh (Tan (Cos (Mul (Exp (Var "oz1")) (Tan (ProtectedInv (ProtectedLog (Num -1.0))))))))	oz1,oz2,oz3,oz4,oz5,oz6,oz7,oz8,oz9,oz10,oz11,oz12,oz13,oz14,oz15,oz16,oz17,oz18,oz19,oz20,oz21,oz22,oz23,oz24,oz25
(Tanh (Tan (Cos (Mul (Exp (Var "oz1")) (Tan (ProtectedInv (Neg (Num 1.0))))))))	oz1,oz2,oz3,oz4,oz5,oz6,oz7,oz8,oz9,oz10,oz11,oz12,oz13,oz14,oz15,oz16,oz17,oz18,oz19,oz20,oz21,oz22,oz23,oz24,oz25
(Tanh (Tan (Cos (Mul (Exp (Var "oz1")) (Tan (ProtectedInv (Inv (Num 1.0))))))))	oz1,oz2,oz3,oz4,oz5,oz6,oz7,oz8,oz9,oz10,oz11,oz12,oz13,oz14,oz15,oz16,oz17,oz18,oz19,oz20,oz21,oz22,oz23,oz24,oz25
(Sqrt (ProtectedExp (ProtectedExp (Tanh (Var "oz4")))))	oz1,oz2,oz3,oz4,oz5
(Mul (Var "oz3") (Div (Pow2 (Sub (Var "oz2") (ProtectedSqrt (Var "oz2")))) (Var "oz2")))	oz1,oz2,oz3,oz4,oz5
(Neg (Tan (Tanh (ProtectedInv (ProtectedSqrt (Tan (Var "oz2")))))))	oz1,oz2,oz3,oz4,oz5,oz6,oz7,oz8,oz9,oz10,oz11,oz12,oz13,oz14,oz15,oz16,oz17,oz18,oz19,oz20,oz21,oz22,oz23,oz24,oz25
(Sub (Var "col_1") (Neg (Mul (Num -1.0) (Sub (Var "col_2") (Neg (Sub (ProtectedLog (Var "col_2")) (ProtectedDiv (Tan (Sqrt (Sqrt (Var "col_2")))) (Cos (Tanh (Num -1.0))))))))))	col_1,col_2
(Sin (Sqrt (ProtectedSqrt (Sub (ProtectedDiv (Var "northsouth") (Neg (Sqrt (Var "angle")))) (Add (ProtectedDiv (Var "angle") (Div (Var "angle") (Var "eastwest"))) (Var "radialposition"))))))	eastwest,northsouth,angle,radialposition
(Var "BEL")	year,month,day,RPT,VAL,ROS,KIL,SHA,BIR,DUB,CLA,MUL,CLO,BEL
(Add (Tanh (Var "oz5")) (Var "oz2"))	oz1,oz2,oz3,oz4,oz5,oz6,oz7,oz8,oz9,oz10,oz11,oz12,oz13,oz14,oz15,oz16,oz17,oz18,oz19,oz20,oz21,oz22,oz23,oz24,oz25
(Add (Div (Var "in4") (Var "in3")) (Tanh (Cos (ProtectedSqrt (Num 1.0)))))	in1,in2,in3,in4
(Add (Cos (Pow2 (Sub (Sub (ProtectedExp (Add (ProtectedSqrt (Pow3 (ProtectedDiv (Var "in4") (Pow3 (Var "in4"))))) (Tanh (Var "in2")))) (Neg (Log (Num 1.0)))) (Var "in2")))) (Var "in1"))	in1,in2,in3,in4
(Sub (Var "Ex1") (Tan (Pow2 (Sub (Var "Age") (Pow (Inv (Var "M")) (ProtectedExp (Pow (Var "U2") (Log (Var "W")))))))))	R,Age,S,Ed,Ex0,Ex1,LF,M,N,NW,U1,U2,W
(Sub (Var "Ex1") (Tan (Pow2 (Sub (Var "Age") (Sqrt (Inv (ProtectedExp (Div (Pow (Pow (Var "U2") (Var "Age")) (Var "W")) (Var "Age")))))))))	R,Age,S,Ed,Ex0,Ex1,LF,M,N,NW,U1,U2,W
(Sub (Var "Ex1") (Tan (Pow2 (Sub (Var "Age") (Sqrt (Inv (ProtectedExp (Add (Pow (Pow (Var "U2") (Var "Age")) (Var "W")) (Var "U2")))))))))	R,Age,S,Ed,Ex0,Ex1,LF,M,N,NW,U1,U2,W
(Sub (Var "Ex1") (Tan (Pow2 (Sub (Var "Age") (Sqrt (Num 0.0))))))	R,Age,S,Ed,Ex0,Ex1,LF,M,N,NW,U1,U2,W
(ProtectedSqrt (Pow2 (Sqrt (Exp (Exp (Sin (ProtectedExp (Var "x6"))))))))	x0,x1,x2,x3,x4,x5,x6,x7,x8
(Sub (Pow2 (Exp (Tanh (Pow2 (Sub (Tan (ProtectedSqrt (Var "f5"))) (Cos (Add (ProtectedExp (Var "f32")) (ProtectedInv (Var "f42"))))))))) (Var "f7"))	f1,f2,f3,f4,f5,f6,f7,f8,f9,f10,f11,f12,f13,f14,f15,f16,f17,f18,f19,f20,f21,f22,f23,f24,f25,f26,f27,f28,f29,f30,f31,f32,f33,f34,f35,f36,f37,f38,f39,f40,f41,f42,f43,f44,f45,f46,f47,f48
(ProtectedSqrt (Sub (Var "x1") (Abs (ProtectedExp (ProtectedExp (Tanh (Pow3 (Pow2 (Sub (ProtectedSqrt (Abs (Num -1.0))) (Add (Sin (Var "x2")) (Add (Var "x1") (Add (Var "x1") (Tanh (Var "x3"))))))))))))))	x1,x2,x3,x4,x5,x6,x7,x8,x9,x10
(Add (Sqrt (ProtectedDiv (Var "x0") (Pow2 (Sub (Var "x3") (Var "x2"))))) (Var "x2"))	x0,x1,x2,x3
(Neg (Add (Add (Var "Browne00") (Var "Harris00")) (Var "Buchanan00")))	Bush00,Buchanan00,Nader00,Browne00,Hagelin00,Harris00,McReynolds00,Moorehead00,Phillips00,Total00,Clinton96,Dole96,Perot96,Total96
(Tanh (Add (Tanh (ProtectedSqrt (Add (Var "Scorer_2") (ProtectedDiv (ProtectedSqrt (Num -1.0)) (Tan (Tanh (Add (Tanh (Abs (ProtectedSqrt (Sqrt (ProtectedDiv (Div (Var "Scorer_2") (Var "Subject")) (Var "Subject")))))) (Var "Scorer_2")))))))) (Var "Scorer_2")))	Scorer_1,Scorer_2,Subject
(Mul (Pow2 (Sub (Num 1.0) (Var "oz1"))) (Pow3 (Pow2 (Cos (Add (Tanh (Sqrt (Num 1.0))) (Var "oz2"))))))	oz1,oz2,oz3,oz4,oz5
(ProtectedDiv (Num 1.0) (Div (Num 1.0) (Pow (Pow2 (Mul (Var "oz1") (ProtectedSqrt (Mul (Abs (Var "oz5")) (Exp (Var "oz3")))))) (Sin (Var "oz1")))))	oz1,oz2,oz3,oz4,oz5
(Neg (Sin (Add (Sin (Var "oz1")) (Pow (Abs (Var "oz8")) (ProtectedLog (Num 1.0))))))	oz1,oz2,oz3,oz4,oz5,oz6,oz7,oz8,oz9,oz10,oz11,oz12,oz13,oz14,oz15,oz16,oz17,oz18,oz19,oz20,oz21,oz22,oz23,oz24,oz25
(Neg (Sin (Add (Sin (Var "oz1")) (Pow (Abs (ProtectedInv (Div (Inv (Pow (Var "oz25") (Pow2 (Sub (Sub (Var "oz18") (Var "oz10")) (Var "oz10"))))) (ProtectedExp (Var "oz13"))))) (ProtectedLog (Num -1.0))))))	oz1,oz2,oz3,oz4,oz5,oz6,oz7,oz8,oz9,oz10,oz11,oz12,oz13,oz14,oz15,oz16,oz17,oz18,oz19,oz20,oz21,oz22,oz23,oz24,oz25
(Tan (Sqrt (Log (ProtectedExp (Sin (Tan (Abs (Abs (Abs (Tanh (ProtectedInv (Var "oz3"))))))))))))	oz1,oz2,oz3,oz4,oz5,oz6,oz7,oz8,oz9,oz10,oz11,oz12,oz13,oz14,oz15,oz16,oz17,oz18,oz19,oz20,oz21,oz22,oz23,oz24,oz25
(Neg (Sin (Add (Sin (Var "oz1")) (Pow (Abs (ProtectedInv (Var "oz16"))) (ProtectedLog (Num 1.0))))))	oz1,oz2,oz3,oz4,oz5,oz6,oz7,oz8,oz9,oz10,oz11,oz12,oz13,oz14,oz15,oz16,oz17,oz18,oz19,oz20,oz21,oz22,oz23,oz24,oz25
(Neg (Sin (Add (Sin (Var "oz1")) (Pow (Abs (ProtectedInv (Div (Tan (Pow (Var "oz22") (Pow2 (Sub (Sub (Var "oz18") (Var "oz11")) (Var "oz10"))))) (ProtectedExp (Var "oz13"))))) (ProtectedLog (Num 1.0))))))	oz1,oz2,oz3,oz4,oz5,oz6,oz7,oz8,oz9,oz10,oz11,oz12,oz13,oz14,oz15,oz16,oz17,oz18,oz19,oz20,oz21,oz22,oz23,oz24,oz25
(Neg (Sin (Add (Sin (Var "oz1")) (Pow (Abs (ProtectedInv (Sin (Pow (ProtectedExp (Var "oz20")) (Pow (Var "oz22") (ProtectedLog (Sub (Var "oz10") (Var "oz18")))))))) (ProtectedLog (Num 1.0))))))	oz1,oz2,oz3,oz4,oz5,oz6,oz7,oz8,oz9,oz10,oz11,oz12,oz13,oz14,oz15,oz16,oz17,oz18,oz19,oz20,oz21,oz22,oz23,oz24,oz25
(Neg (Sin (Add (Sin (Var "oz1")) (Pow (Abs (ProtectedInv (Sin (Inv (ProtectedExp (Pow (Var "oz20") (Var "oz22"))))))) (ProtectedLog (Num 1.0))))))	oz1,oz2,oz3,oz4,oz5,oz6,oz7,oz8,oz9,oz10,oz11,oz12,oz13,oz14,oz15,oz16,oz17,oz18,oz19,oz20,oz21,oz22,oz23,oz24,oz25
(Div (Sub (Sqrt (Pow2 (Sub (Add (Pow2 (Sub (Abs (Inv (Pow3 (Cos (Num 1.0))))) (Log (ProtectedInv (Var "col_2"))))) (Num 1.0)) (Var "col_1")))) (Var "col_1")) (Var "col_2"))	col_1,col_2
(Inv (ProtectedInv (Mul (Exp (Sin (Inv (Var "col_2")))) (Var "col_2"))))	col_1,col_2
(Mul (Var "x2") (Pow2 (Sub (ProtectedInv (Var "x0")) (Sub (Var "x2") (ProtectedSqrt (Pow (Sin (Pow (Var "x0") (Var "x3"))) (Var "x1")))))))	x0,x1,x2,x3
(Add (Cos (Var "oz2")) (Exp (Tanh (Cos (Exp (Var "oz2"))))))	oz1,oz2,oz3,oz4,oz5,oz6,oz7,oz8,oz9,oz10,oz11,oz12,oz13,oz14,oz15,oz16,oz17,oz18,oz19,oz20,oz21,oz22,oz23,oz24,oz25,oz26,oz27,oz28,oz29,oz30,oz31,oz32,oz33,oz34,oz35,oz36,oz37,oz38,oz39,oz40,oz41,oz42,oz43,oz44,oz45,oz46,oz47,oz48,oz49,oz50
(Tanh (Neg (Mul (Tanh (ProtectedDiv (Num -1.0) (Neg (Var "in2")))) (Div (Mul (Pow3 (ProtectedDiv (Var "in4") (Var "in2"))) (Sub (Var "in2") (ProtectedExp (Var "in4")))) (Div (Pow2 (Sub (Num -1.0) (Tan (Var "in4")))) (Var "in4"))))))	in1,in2,in3,in4
(Add (ProtectedSqrt (Mul (Var "In1") (ProtectedExp (Cos (Pow2 (Sub (Var "In1") (Div (Var "In3") (Add (ProtectedInv (ProtectedLog (Num 1.0))) (Pow3 (Div (Mul (Mul (Var "In4") (Var "In4")) (Var "In2")) (Var "In3"))))))))))) (Var "In4"))	In1,In2,In3,In4
(Add (ProtectedDiv (Add (Var "MMIN") (Sub (Var "CACH") (ProtectedDiv (Sub (Var "MMAX") (Var "MMIN")) (Var "CACH")))) (Var "CHMAX")) (Var "CACH"))	MYCT,MMIN,MMAX,CACH,CHMIN,CHMAX
(Sub (Pow2 (Sub (Var "CACH") (Sub (Tan (Add (Sin (Var "CHMIN")) (Var "MYCT"))) (Sub (ProtectedExp (Tan (Pow (Mul (Var "MYCT") (Var "CACH")) (Num 1.0)))) (Var "CHMIN"))))) (Sub (ProtectedLog (Num 1.0)) (Var "MMAX")))	MYCT,MMIN,MMAX,CACH,CHMIN,CHMAX
(Sub (Var "CACH") (Sub (Pow2 (Tan (Sub (Var "MYCT") (Add (Inv (Sin (Pow3 (Sqrt (Var "MYCT"))))) (Var "CHMIN"))))) (Var "MMAX")))	MYCT,MMIN,MMAX,CACH,CHMIN,CHMAX
(ProtectedDiv (Var "x2") (Add (ProtectedSqrt (Abs (Div (Pow2 (Sub (Pow2 (Sub (ProtectedInv (Tan (Var "x0"))) (Cos (Pow2 (Sub (Num 1.0) (Var "x3")))))) (Var "x0"))) (Exp (Add (Var "x0") (Abs (ProtectedInv (Var "x2")))))))) (Sqrt (Num 1.0))))	x0,x1,x2,x3
(Pow3 (Sin (Pow3 (Sub (Exp (Var "x0")) (Mul (Add (Var "x0") (Var "x1")) (Tan (Cos (Num -1.0))))))))	x0,x1,x2,x3
(Sqrt (Neg (Mul (Pow3 (Var "total_bedrooms")) (Exp (Var "housing_median_age")))))	median_income,housing_median_age,total_rooms,total_bedrooms,population,households,latitude,longitude
(Log (ProtectedInv (Var "latitude")))	median_income,housing_median_age,total_rooms,total_bedrooms,population,households,latitude,longitude
(Tanh (Sin (ProtectedDiv (Div (Var "total_bedrooms") (Var "population")) (Tan (Num 1.0)))))	median_income,housing_median_age,total_rooms,total_bedrooms,population,households,latitude,longitude
(Sqrt (Pow2 (ProtectedExp (Pow (Cos (Var "households")) (Abs (Var "households"))))))	median_income,housing_median_age,total_rooms,total_bedrooms,population,households,latitude,longitude
(Pow (Var "total_rooms") (Var "total_rooms"))	median_income,housing_median_age,total_rooms,total_bedrooms,population,households,latitude,longitude
(ProtectedSqrt (Sqrt (Cos (Div (Var "longitude") (Num -1.0)))))	median_income,housing_median_age,total_rooms,total_bedrooms,population,households,latitude,longitude
(Exp (Var "total_bedrooms"))	median_income,housing_median_age,total_rooms,total_bedrooms,population,households,latitude,longitude
(Cos (Sub (Var "housing_median_age") (Var "total_rooms")))	median_income,housing_median_age,total_rooms,total_bedrooms,population,households,latitude,longitude
(Neg (Sin (ProtectedLog (Var "population"))))	median_income,housing_median_age,total_rooms,total_bedrooms,population,households,latitude,longitude
(Abs (Inv (Inv (ProtectedExp (Var "housing_median_age")))))	median_income,housing_median_age,total_rooms,total_bedrooms,population,households,latitude,longitude
(Log (Var "longitude"))	median_income,housing_median_age,total_rooms,total_bedrooms,population,households,latitude,longitude
(Sin (Var "total_bedrooms"))	median_income,housing_median_age,total_rooms,total_bedrooms,population,households,latitude,longitude
(Log (Abs (Pow3 (Pow2 (Sub (Pow2 (Sub (Pow2 (Var "households")) (Var "housing_median_age"))) (ProtectedDiv (ProtectedLog (Pow3 (Div (Var "total_rooms") (Num 1.0)))) (Sin (Var "total_rooms"))))))))	median_income,housing_median_age,total_rooms,total_bedrooms,population,households,latitude,longitude
(Exp (Var "households"))	median_income,housing_median_age,total_rooms,total_bedrooms,population,households,latitude,longitude
(Pow (Neg (ProtectedSqrt (ProtectedSqrt (Pow (Var "longitude") (ProtectedInv (Var "latitude")))))) (Pow3 (Var "longitude")))	median_income,housing_median_age,total_rooms,total_bedrooms,population,households,latitude,longitude
(Pow2 (Sub (Pow (Pow3 (ProtectedSqrt (ProtectedDiv (ProtectedInv (Var "total_rooms")) (Var "total_rooms")))) (ProtectedDiv (Mul (Log (Sub (Sub (Var "housing_median_age") (Num 0.0)) (Var "population"))) (Var "median_income")) (Tan (ProtectedDiv (ProtectedLog (Var "latitude")) (Var "longitude"))))) (Tanh (Var "population"))))	median_income,housing_median_age,total_rooms,total_bedrooms,population,households,latitude,longitude
(Sin (Num 1.0))	median_income,housing_median_age,total_rooms,total_bedrooms,population,households,latitude,longitude
(Var "population")	median_income,housing_median_age,total_rooms,total_bedrooms,population,households,latitude,longitude
(Abs (Exp (Var "households")))	median_income,housing_median_age,total_rooms,total_bedrooms,population,households,latitude,longitude
(Inv (ProtectedExp (Tanh (Abs (Var "total_bedrooms")))))	median_income,housing_median_age,total_rooms,total_bedrooms,population,households,latitude,longitude
(Pow (Log (Var "housing_median_age")) (Var "longitude"))	median_income,housing_median_age,total_rooms,total_bedrooms,population,households,latitude,longitude
(ProtectedInv (Inv (Var "median_income")))	median_income,housing_median_age,total_rooms,total_bedrooms,population,households,latitude,longitude
(Mul (Pow (Tanh (Var "households")) (Var "total_rooms")) (Sqrt (Var "latitude")))	median_income,housing_median_age,total_rooms,total_bedrooms,population,households,latitude,longitude
(Div (Num 0.0) (Abs (Exp (Var "population"))))	median_income,housing_median_age,total_rooms,total_bedrooms,population,households,latitude,longitude
(Exp (Pow2 (Sub (Var "total_bedrooms") (Neg (Div (Var "total_rooms") (Var "population"))))))	median_income,housing_median_age,total_rooms,total_bedrooms,population,households,latitude,longitude
(Add (Log (Var "housing_median_age")) (Div (Pow2 (Sub (Cos (Sub (ProtectedExp (Add (ProtectedLog (ProtectedSqrt (Pow2 (Sub (Abs (Var "total_bedrooms")) (Var "latitude"))))) (Var "households"))) (ProtectedInv (Var "latitude")))) (Var "total_bedrooms"))) (Log (Exp (Var "longitude")))))	median_income,housing_median_age,total_rooms,total_bedrooms,population,households,latitude,longitude
(Log (Var "housing_median_age"))	median_income,housing_median_age,total_rooms,total_bedrooms,population,households,latitude,longitude
(Cos (Var "total_bedrooms"))	median_income,housing_median_age,total_rooms,total_bedrooms,population,households,latitude,longitude
(ProtectedSqrt (Var "median_income"))	median_income,housing_median_age,total_rooms,total_bedrooms,population,households,latitude,longitude
(ProtectedSqrt (Var "housing_median_age"))	median_income,housing_median_age,total_rooms,total_bedrooms,population,households,latitude,longitude
(Pow (Neg (Var "median_income")) (Var "total_bedrooms"))	median_income,housing_median_age,total_rooms,total_bedrooms,population,households,latitude,longitude
(Add (ProtectedInv (Log (Tanh (Var "latitude")))) (Var "longitude"))	median_income,housing_median_age,total_rooms,total_bedrooms,population,households,latitude,longitude
(Mul (Sub (Cos (Tanh (Neg (Exp (Var "latitude"))))) (Var "total_rooms")) (Var "households"))	median_income,housing_median_age,total_rooms,total_bedrooms,population,households,latitude,longitude
(Pow2 (Var "total_rooms"))	median_income,housing_median_age,total_rooms,total_bedrooms,population,households,latitude,longitude
(Pow2 (ProtectedExp (Mul (Abs (Var "population")) (Mul (Pow2 (Sub (ProtectedLog (Pow2 (ProtectedExp (Tanh (Var "housing_median_age"))))) (Var "housing_median_age"))) (Pow2 (Sub (Var "households") (Var "housing_median_age")))))))	median_income,housing_median_age,total_rooms,total_bedrooms,population,households,latitude,longitude
(Sqrt (Pow2 (ProtectedExp (Pow (Var "population") (Abs (Var "households"))))))	median_income,housing_median_age,total_rooms,total_bedrooms,population,households,latitude,longitude
(Pow2 (Var "population"))	median_income,housing_median_age,total_rooms,total_bedrooms,population,households,latitude,longitude
(Pow3 (Pow2 (Sub (Sqrt (Var "total_bedrooms")) (Tan (Var "latitude")))))	median_income,housing_median_age,total_rooms,total_bedrooms,population,households,latitude,longitude
(Log (Exp (Var "total_bedrooms")))	median_income,housing_median_age,total_rooms,total_bedrooms,population,households,latitude,longitude
(Log (Var "median_income"))	median_income,housing_median_age,total_rooms,total_bedrooms,population,households,latitude,longitude
(Div (Var "longitude") (Sqrt (Tan (Log (Var "housing_median_age")))))	median_income,housing_median_age,total_rooms,total_bedrooms,population,households,latitude,longitude
(Abs (Cos (Sqrt (Add (Abs (ProtectedSqrt (ProtectedLog (Log (Tanh (Mul (Sqrt (Var "households")) (Var "median_income"))))))) (Var "housing_median_age")))))	median_income,housing_median_age,total_rooms,total_bedrooms,population,households,latitude,longitude
(Pow3 (Var "median_income"))	median_income,housing_median_age,total_rooms,total_bedrooms,population,households,latitude,longitude
(ProtectedLog (Div (ProtectedSqrt (Pow2 (Sub (Pow2 (Sub (Var "cars_per_hour") (Var "wind_speed"))) (Add (Inv (Cos (Tanh (Pow3 (ProtectedInv (Var "temperature_diff_2m_25m")))))) (Var "temperature_at_2m"))))) (Var "wind_speed")))	cars_per_hour,temperature_at_2m,wind_speed,temperature_diff_2m_25m,wind_direction,hour_of_day,day
(Neg (Pow3 (Pow2 (Sub (Abs (Tan (Pow (Var "Scorer_1") (Pow2 (Sub (ProtectedInv (Var "Scorer_2")) (Tanh (ProtectedSqrt (Var "Scorer_1")))))))) (Exp (Tan (ProtectedSqrt (Pow (Num 1.0) (ProtectedLog (ProtectedExp (Var "Scorer_2")))))))))))	Scorer_1,Scorer_2,Subject
(Neg (Pow3 (Pow2 (Sub (Abs (Var "Scorer_2")) (Exp (Tan (Pow (Abs (Pow2 (Sub (Cos (Tanh (Var "Scorer_1"))) (Pow (Num -1.0) (Abs (Var "Scorer_1")))))) (Var "Scorer_1"))))))))	Scorer_1,Scorer_2,Subject
(Exp (Cos (Exp (Var "oz1"))))	oz1,oz2,oz3,oz4,oz5,oz6,oz7,oz8,oz9,oz10,oz11,oz12,oz13,oz14,oz15,oz16,oz17,oz18,oz19,oz20,oz21,oz22,oz23,oz24,oz25
(Sub (Cos (Abs (Mul (Var "oz2") (Inv (ProtectedSqrt (Var "oz2")))))) (Var "oz1"))	oz1,oz2,oz3,oz4,oz5
(Inv (Tan (Neg (Cos (Tan (Neg (Num 1.0)))))))	oz1,oz2,oz3,oz4,oz5,oz6,oz7,oz8,oz9,oz10,oz11,oz12,oz13,oz14,oz15,oz16,oz17,oz18,oz19,oz20,oz21,oz22,oz23,oz24,oz25
(Log (Pow2 (Sub (Pow (Var "oz12") (Num 0.0)) (Var "oz2"))))	oz1,oz2,oz3,oz4,oz5,oz6,oz7,oz8,oz9,oz10,oz11,oz12,oz13,oz14,oz15,oz16,oz17,oz18,oz19,oz20,oz21,oz22,oz23,oz24,oz25,oz26,oz27,oz28,oz29,oz30,oz31,oz32,oz33,oz34,oz35,oz36,oz37,oz38,oz39,oz40,oz41,oz42,oz43,oz44,oz45,oz46,oz47,oz48,oz49,oz50
(Log (Pow2 (Sub (Pow (Cos (Add (Add (Pow3 (ProtectedInv (Sub (Var "oz47") (Mul (Exp (Pow3 (Var "oz22"))) (Var "oz39"))))) (Abs (Sin (Var "oz32")))) (Var "oz9"))) (Num 0.0)) (Var "oz2"))))	oz1,oz2,oz3,oz4,oz5,oz6,oz7,oz8,oz9,oz10,oz11,oz12,oz13,oz14,oz15,oz16,oz17,oz18,oz19,oz20,oz21,oz22,oz23,oz24,oz25,oz26,oz27,oz28,oz29,oz30,oz31,oz32,oz33,oz34,oz35,oz36,oz37,oz38,oz39,oz40,oz41,oz42,oz43,oz44,oz45,oz46,oz47,oz48,oz49,oz50
(Mul (Var "col_2") (Tanh (Cos (ProtectedInv (ProtectedInv (Mul (Pow (Num -1.0) (Num 0.0)) (Tanh (Var "col_2"))))))))	col_1,col_2
(Tanh (Var "z"))	m,g,z
(Cos (Var "G"))	m,g,z
(Var "sqrt3")	m,g,z
(Sin (Var "m"))	m,g,z
(Add (Var "G") (Sin (Var "kB")))	m,g,z
(Var "kB")	m,g,z
(Add (Var "G") (Mul (Var "kB") (Add (ProtectedExp (Num 1.0)) (Pow2 (Sub (Var "mu0") (Var "me"))))))	m,g,z
(Var "NA")	m,g,z
(Mul (Mul (Sub (Mul (Var "g") (Add (ProtectedLog (Var "m")) (ProtectedExp (Pow2 (Var "e"))))) (Mul (Add (Cos (ProtectedSqrt (Num 0.0))) (ProtectedInv (Var "sqrt2"))) (ProtectedDiv (Cos (Var "g_earth")) (Sin (Var "h"))))) (Pow2 (Tanh (Var "gamma")))) (Sin (Var "sqrt3")))	m,g,z
(Neg (Sin (Cos (Var "g"))))	m,g,z
(Neg (Var "c"))	m,g,z
(Pow2 (Var "sqrt3"))	m,g,z
(Abs (Var "m"))	m,g,z
(Mul (Mul (Var "e") (Pow2 (Mul (Mul (Var "g") (Add (ProtectedDiv (Cos (Sin (Pow2 (Var "c")))) (ProtectedInv (Var "m"))) (Var "gamma"))) (Tanh (Add (ProtectedLog (Var "pi")) (Var "sqrt2")))))) (Sin (Var "sqrt3")))	m,g,z
(ProtectedDiv (Sub (Neg (ProtectedLog (Var "n"))) (Sin (Var "gamma"))) (ProtectedExp (Var "sqrt2")))	T,n,v,p
(Mul (Pow2 (Sub (Pow2 (Sub (Var "g_earth") (Add (Pow2 (Pow2 (Var "gamma"))) (Neg (Var "n"))))) (Var "qe"))) (Exp (Neg (Var "g_earth"))))	T,n,v,p
(ProtectedExp (Sub (Cos (Var "v")) (Abs (Pow3 (ProtectedSqrt (ProtectedInv (ProtectedDiv (Var "T") (ProtectedSqrt (Var "sqrt3")))))))))	T,n,v,p
(Sub (Pow2 (Sub (Var "g_earth") (Add (Pow2 (Pow2 (Var "gamma"))) (Neg (Var "n"))))) (Var "phi"))	T,n,v,p
(ProtectedExp (Sub (Cos (Var "v")) (Sub (Pow3 (ProtectedInv (Var "T"))) (ProtectedSqrt (ProtectedDiv (Var "T") (ProtectedExp (Var "hbar")))))))	T,n,v,p
(ProtectedDiv (Neg (Pow2 (Sub (Pow2 (Var "mu0")) (Var "gamma")))) (Var "v"))	T,n,v,p
