28	26	0.022135
13	8	0.006234
12	8	0.005830
15	12	0.006096
12	12	0.002650
15	9	0.005194
19	13	0.005715
12	9	0.005507
11	8	0.005415
24	24	0.002917
20	19	0.006973
12	10	0.005145
12	10	0.005121
19	16	0.007634
20	17	0.006370
17	12	0.005516
15	15	0.002511
26	20	0.005621
24	22	0.005919
12	8	0.005352
9	9	0.002633
22	19	0.006959
13	13	0.002886
13	8	0.005671
37	34	0.006249
19	18	0.006094
19	18	0.005896
11	11	0.003361
8	8	0.003341
35	34	0.006586
11	11	0.002577
8	8	0.002818
12	12	0.002767
8	8	0.002540
15	14	0.006318
14	12	0.005897
14	12	0.005424
8	8	0.002418
10	10	0.002498
7	7	0.002561
7	5	0.004667
13	13	0.002592
12	12	0.003456
13	8	0.005816
13	12	0.005498
8	7	0.005610
13	13	0.002563
12	11	0.005595
11	11	0.002553
11	11	0.002689
11	11	0.003428
11	11	0.003439
11	11	0.002982
11	11	0.002652
11	11	0.002678
11	8	0.005718
11	8	0.006574
11	11	0.002699
11	11	0.002765
12	12	0.002809
11	10	0.005330
11	11	0.002424
11	11	0.002775
10	10	0.002981
9	9	0.002647
9	9	0.002472
12	7	0.008572
8	8	0.002454
8	8	0.002418
8	8	0.002396
12	11	0.005576
12	11	0.005202
12	11	0.006349
12	11	0.005866
12	11	0.005591
9	7	0.005554
9	9	0.002597
8	8	0.002479
7	7	0.002378
7	7	0.002314
7	7	0.002298
9	9	0.002332
7	7	0.002339
7	7	0.002331
7	7	0.002269
19	17	0.005379
15	14	0.005498
8	7	0.005422
17	14	0.005736
13	13	0.002602
11	3	0.004940
10	10	0.002749
20	20	0.003060
50	45	0.007568
18	18	0.002776
9	7	0.005445
7	7	0.002392
19	19	0.002905
53	42	0.007096
6	5	0.005001
7	6	0.005099
6	5	0.005013
12	8	0.005497
8	7	0.005449
12	8	0.005697
11	10	0.005233
23	22	0.006621
10	10	0.002356
36	36	0.003162
30	30	0.003214
52	45	0.006196
12	10	0.006290
10	7	0.005841
14	14	0.002770
16	16	0.002967
7	7	0.002608
7	7	0.002646
6	6	0.002905
6	6	0.002825
7	7	0.002902
8	8	0.002591
6	6	0.002548
9	9	0.002542
13	13	0.002650
33	33	0.003712
14	12	0.006685
25	25	0.003098
38	31	0.008993
8	5	0.004924
8	5	0.004979
10	10	0.002709
10	10	0.002692
12	12	0.002697
10	10	0.002642
13	5	0.005356
16	14	0.005643
13	13	0.002796
10	9	0.005491
16	16	0.002690
10	10	0.003893
10	10	0.003821
12	10	0.006557
12	10	0.005817
13	11	0.005654
15	13	0.006913
13	11	0.005954
13	11	0.005641
13	11	0.006116
10	9	0.005369
10	9	0.005224
10	9	0.005651
21	11	0.005450
14	12	0.005353
24	24	0.002703
15	15	0.002652
15	15	0.003494
7	7	0.002860
14	11	0.005211
11	11	0.002578
8	8	0.002538
28	28	0.002865
16	12	0.005499
10	6	0.005446
7	5	0.005550
12	11	0.005831
9	9	0.002567
7	7	0.002659
12	12	0.002437
5	5	0.002421
5	5	0.002405
6	6	0.002529
10	8	0.006094
11	11	0.002456
19	13	0.005696
8	8	0.002449
7	7	0.002678
5	5	0.002590
9	8	0.005406
13	8	0.005366
14	14	0.002765
7	7	0.002383
7	7	0.002502
7	5	0.005084
6	4	0.005079
8	1	0.004741
8	8	0.002670
6	6	0.002393
8	8	0.002628
8	8	0.002644
10	10	0.002525
6	6	0.002533
5	5	0.003546
5	5	0.002525
10	10	0.002517
9	7	0.005215
10	8	0.005996
16	5	0.005593
10	9	0.005284
6	6	0.002615
11	10	0.005306
8	8	0.002625
9	9	0.002813
5	3	0.005193
11	8	0.005325
10	6	0.005977
12	9	0.005404
5	5	0.002582
12	12	0.003937
5	3	0.005489
8	6	0.006040
11	11	0.003342
7	7	0.003128
7	5	0.005023
10	10	0.002650
10	10	0.002557
10	10	0.002631
11	11	0.002866
5	5	0.002681
5	3	0.004798
5	5	0.003180
13	13	0.003870
15	13	0.007125
15	13	0.006221
22	22	0.003991
22	22	0.002887
32	23	0.006089
32	30	0.005847
11	11	0.002658
8	8	0.002979
8	8	0.003002
8	8	0.002993
12	12	0.003661
15	15	0.002947
16	11	0.006252
16	11	0.006421
16	11	0.006211
17	7	0.005403
12	12	0.002800
22	11	0.005686
9	9	0.002552
9	9	0.002682
17	11	0.005496
17	11	0.005489
17	11	0.005388
11	10	0.005325
11	10	0.005250
11	10	0.005250
38	36	0.006848
10	8	0.006661
20	20	0.003793
20	17	0.007618
7	7	0.002790
9	9	0.002376
20	17	0.006713
11	11	0.002539
7	7	0.003490
19	19	0.002955
14	14	0.002878
19	18	0.005724
6	3	0.004906
6	3	0.005003
8	7	0.006314
11	11	0.002564
7	7	0.002502
30	28	0.005942
23	12	0.005600
23	16	0.005544
23	12	0.005424
15	15	0.002578
9	7	0.005338
8	8	0.002415
12	11	0.005429
14	14	0.003015
6	6	0.002579
16	15	0.005369
19	18	0.005619
6	6	0.002472
9	9	0.002386
10	10	0.003474
8	8	0.002844
9	8	0.006584
25	22	0.005793
10	9	0.005077
7	7	0.002551
13	13	0.002672
7	7	0.003075
19	19	0.003032
8	6	0.004929
10	8	0.005148
14	12	0.006680
8	8	0.002438
25	20	0.005797
25	20	0.007328
34	33	0.006495
7	7	0.002391
6	6	0.002412
8	8	0.002811
20	20	0.002874
7	7	0.002308
6	6	0.002277
7	7	0.002469
9	9	0.003363
7	7	0.002689
8	8	0.002474
6	6	0.002401
6	6	0.002293
17	14	0.005292
17	14	0.005177
17	17	0.002626
30	30	0.002942
10	9	0.005511
10	9	0.005306
10	9	0.005272
19	15	0.006002
11	11	0.003213
13	13	0.003878
12	12	0.003926
16	12	0.006006
21	21	0.002996
17	16	0.005588
17	16	0.006376
9	9	0.002943
50	47	0.006317
13	13	0.002550
15	14	0.005530
10	10	0.002509
16	16	0.002587
15	15	0.002681
15	15	0.002604
10	10	0.002521
15	15	0.002549
15	13	0.006781
9	9	0.003411
9	9	0.002610
18	16	0.006467
9	9	0.002897
8	8	0.002527
14	14	0.002664
15	9	0.005372
12	12	0.002668
15	13	0.005108
12	12	0.002792
10	10	0.002792
6	6	0.002457
12	12	0.002449
13	13	0.002508
6	6	0.002375
11	11	0.002529
9	6	0.005068
21	17	0.006506
9	9	0.003716
18	18	0.003319
11	11	0.002669
13	10	0.005498
13	10	0.005390
13	10	0.006170
10	9	0.005771
20	13	0.008345
20	13	0.008400
16	14	0.005494
13	12	0.005123
13	12	0.006296
6	5	0.005285
6	5	0.005273
6	5	0.006436
19	17	0.005470
13	10	0.005125
18	13	0.005532
15	15	0.002651
14	14	0.002660
13	3	0.009237
9	9	0.002710
8	8	0.002299
27	27	0.003697
17	15	0.005722
18	16	0.005966
13	11	0.005903
18	16	0.006717
16	14	0.006532
13	11	0.005442
17	15	0.006666
18	18	0.002739
17	15	0.006506
10	10	0.003141
10	10	0.002707
14	11	0.006862
14	14	0.002954
18	15	0.006453
19	15	0.007002
19	15	0.006275
10	7	0.005496
12	9	0.006012
13	10	0.009916
16	16	0.003099
7	7	0.002618
7	5	0.005538
20	20	0.002735
13	13	0.002664
11	11	0.002724
13	13	0.003563
50	47	0.008206
21	21	0.003352
18	18	0.003577
19	19	0.002989
27	27	0.003185
25	25	0.003172
10	9	0.006721
10	9	0.006552
10	10	0.002746
13	11	0.005527
9	9	0.002543
9	9	0.002573
9	9	0.002537
9	9	0.002750
9	9	0.002532
9	9	0.002819
18	16	0.006572
18	17	0.005712
17	14	0.005518
11	11	0.002471
13	13	0.002674
8	8	0.002757
7	7	0.002506
6	4	0.005742
6	6	0.002851
13	11	0.005847
8	8	0.002556
7	7	0.002818
8	4	0.006170
13	13	0.002655
8	8	0.002673
8	8	0.002966
19	19	0.003764
9	9	0.003435
8	8	0.003212
8	8	0.002745
8	8	0.002604
7	7	0.002625
7	7	0.002615
17	16	0.005714
16	16	0.002724
8	8	0.002537
8	6	0.004922
8	8	0.002636
8	8	0.003632
7	7	0.003174
8	8	0.002782
8	8	0.002749
9	9	0.002639
8	8	0.002626
8	8	0.002656
9	8	0.005545
10	10	0.002631
6	4	0.005758
15	15	0.002517
6	6	0.002529
9	8	0.006414
18	18	0.002711
17	17	0.002709
16	16	0.003413
16	16	0.002984
7	4	0.006183
8	8	0.002913
48	35	0.006305
13	11	0.005582
40	31	0.006159
32	30	0.007251
15	15	0.002734
12	12	0.002862
18	17	0.005742
7	3	0.004814
9	9	0.002304
9	5	0.004965
11	6	0.007239
11	11	0.003539
12	8	0.005494
22	21	0.006555
7	7	0.002674
10	10	0.002650
12	12	0.002547
6	6	0.002607
5	5	0.002303
13	13	0.002734
7	7	0.002655
6	6	0.003256
5	5	0.002402
6	6	0.002929
5	3	0.006443
18	18	0.002745
5	5	0.002616
5	5	0.002610
10	8	0.006892
7	6	0.006537
8	8	0.002463
13	12	0.005955
23	23	0.002670
5	5	0.002655
5	5	0.002633
5	5	0.002173
7	7	0.002229
5	5	0.002206
22	22	0.002883
11	11	0.002500
6	6	0.002400
9	9	0.002502
6	6	0.002616
14	14	0.002631
11	9	0.006604
6	6	0.002598
22	22	0.003035
6	6	0.002742
5	5	0.002862
7	5	0.005173
14	12	0.005532
7	7	0.002667
7	7	0.002604
6	6	0.002287
7	7	0.002302
9	9	0.002626
5	5	0.002406
5	5	0.002247
6	6	0.002268
5	5	0.002255
5	5	0.002928
5	5	0.003294
7	7	0.002931
6	6	0.002467
7	7	0.002557
5	5	0.002457
5	5	0.002330
5	5	0.002422
9	9	0.002731
7	7	0.003373
7	7	0.003521
12	12	0.002918
16	16	0.002794
7	7	0.002493
9	8	0.006411
5	5	0.002344
5	5	0.002513
5	5	0.003076
8	8	0.002368
5	3	0.005464
10	5	0.005386
7	7	0.002444
8	8	0.002425
6	6	0.002242
10	9	0.005246
8	8	0.002301
33	31	0.005888
8	8	0.003277
6	6	0.002898
6	6	0.002384
8	8	0.002383
5	5	0.002790
5	5	0.002692
7	7	0.002510
29	23	0.005919
5	3	0.005482
5	5	0.002542
5	5	0.003074
9	7	0.005407
9	9	0.002570
9	9	0.002508
7	7	0.002286
9	9	0.003301
6	6	0.003063
10	10	0.002902
35	34	0.007218
5	5	0.002295
5	5	0.002310
5	5	0.002307
5	5	0.002402
5	5	0.002270
7	7	0.002479
7	7	0.002691
20	3	0.007782
5	3	0.006019
18	18	0.003132
5	5	0.002605
5	5	0.002706
10	8	0.005237
12	12	0.002742
13	12	0.005349
7	7	0.002613
18	13	0.005230
23	23	0.002917
7	7	0.002479
5	5	0.002787
9	9	0.002378
5	5	0.002396
6	3	0.006613
5	5	0.002633
7	7	0.002441
5	5	0.002356
6	3	0.007384
8	8	0.003746
10	8	0.006415
13	13	0.002707
16	15	0.005865
9	9	0.002768
7	7	0.002632
5	5	0.002479
12	8	0.005716
5	5	0.003642
9	9	0.003053
5	5	0.002510
6	6	0.002769
11	10	0.006395
5	5	0.002372
7	7	0.002534
9	9	0.002832
9	9	0.002809
10	10	0.003236
9	9	0.002747
8	8	0.002910
8	8	0.003299
8	8	0.002957
11	11	0.002717
8	8	0.002498
6	6	0.002405
11	9	0.005809
7	7	0.002684
5	5	0.002535
7	7	0.002483
7	7	0.002466
5	5	0.002648
7	7	0.003152
6	6	0.002823
5	5	0.002340
16	5	0.007088
33	31	0.006443
6	6	0.003282
6	6	0.002808
7	7	0.002534
5	5	0.002348
5	5	0.002240
5	5	0.002227
5	5	0.002311
13	10	0.005514
5	5	0.002583
13	13	0.002495
7	5	0.005234
11	11	0.002549
6	5	0.005387
6	6	0.002459
5	5	0.002303
5	5	0.002393
5	5	0.002930
10	10	0.002645
7	7	0.002486
6	5	0.005063
8	6	0.005250
8	8	0.002525
6	6	0.002245
5	5	0.003201
8	8	0.003112
7	7	0.002560
5	5	0.002479
5	5	0.002679
9	9	0.002590
23	23	0.002857
7	7	0.002346
6	6	0.002614
5	5	0.002321
5	5	0.002264
10	10	0.002713
11	10	0.005017
16	15	0.005438
8	7	0.004959
7	7	0.002267
43	42	0.006358
15	1	0.007489
6	6	0.002484
23	20	0.005768
22	22	0.002655
20	17	0.005618
7	7	0.002384
33	33	0.002773
7	7	0.002341
21	21	0.002606
9	9	0.002400
9	9	0.002299
13	12	0.005389
8	8	0.002343
7	6	0.005227
7	7	0.002494
8	8	0.003137
7	7	0.002638
6	6	0.003031
6	6	0.002707
36	30	0.006365
36	30	0.006075
13	12	0.005355
23	17	0.005657
30	29	0.005882
30	29	0.005958
14	1	0.005152
7	6	0.005120
8	6	0.005841
13	9	0.005821
10	8	0.005334
5	3	0.005393
5	3	0.007007
19	19	0.003342
19	19	0.002862
7	7	0.002321
6	6	0.002408
6	6	0.002443
18	16	0.005529
6	6	0.002298
9	9	0.002716
19	16	0.006481
12	12	0.002943
10	9	0.005543
9	9	0.002694
10	10	0.003171
10	10	0.002760
10	7	0.006729
5	5	0.002675
6	5	0.005767
8	8	0.002382
5	5	0.002356
10	10	0.002817
10	10	0.002738
16	15	0.005827
20	17	0.005652
24	24	0.003012
17	17	0.002845
17	17	0.003602
17	17	0.003620
17	17	0.003319
16	16	0.003002
10	9	0.005774
17	17	0.003083
8	8	0.002763
10	7	0.005917
10	10	0.002688
6	5	0.005813
5	5	0.003139
5	3	0.005109
41	41	0.003069
5	5	0.002437
7	7	0.002437
5	5	0.002966
23	21	0.006846
8	8	0.003074
12	12	0.003019
13	13	0.002916
13	13	0.002800
23	17	0.005622
9	6	0.005336
13	13	0.003381
13	13	0.003278
12	12	0.002655
12	12	0.003081
11	11	0.003583
11	11	0.003111
12	12	0.003636
6	6	0.002626
12	1	0.009169
12	1	0.008729
13	13	0.002832
12	12	0.002927
14	11	0.005450
9	9	0.003106
18	18	0.002989
7	7	0.002957
15	13	0.006088
8	8	0.003327
31	31	0.003461
7	7	0.002733
7	5	0.006332
8	8	0.002924
19	19	0.003885
8	6	0.006051
8	8	0.002390
8	8	0.002529
7	5	0.005254
7	5	0.005137
8	7	0.005105
8	8	0.002306
6	6	0.002491
6	6	0.002326
8	8	0.002350
4	3	0.005271
4	3	0.005342
4	1	0.005602
6	5	0.006359
6	1	0.005457
6	5	0.005677
5	4	0.006327
5	4	0.006086
7	6	0.006497
6	5	0.006664
4	3	0.008471
5	4	0.006555
6	5	0.006218
8	7	0.006651
5	4	0.005026
4	3	0.004867
4	3	0.005520
4	3	0.005633
7	5	0.006449
4	3	0.005379
15	14	0.005757
18	13	0.005762
4	3	0.004857
4	3	0.005409
4	3	0.005463
5	1	0.005754
8	7	0.005267
11	10	0.005421
4	3	0.005792
16	11	0.005728
30	21	0.006543
7	6	0.006343
7	6	0.005437
9	8	0.006613
5	4	0.005419
4	3	0.005300
4	3	0.005297
6	1	0.006050
6	5	0.005402
7	5	0.005395
21	20	0.007159
5	4	0.006239
4	3	0.005665
4	1	0.006477
4	3	0.005402
4	1	0.004853
4	1	0.004762
4	1	0.004717
6	5	0.005330
4	1	0.004790
4	3	0.004846
6	5	0.005253
6	5	0.005342
6	1	0.005237
5	4	0.005315
4	3	0.005368
4	3	0.005575
4	3	0.005321
4	3	0.005360
5	1	0.005131
6	5	0.005171
4	3	0.005208
4	3	0.006241
4	3	0.006225
4	3	0.006403
6	5	0.005813
14	13	0.006634
16	15	0.006243
13	12	0.005271
15	14	0.006865
15	14	0.005465
15	14	0.007016
5	4	0.005407
7	6	0.005047
5	4	0.005904
5	4	0.005023
4	1	0.006063
15	14	0.005510
8	7	0.006596
4	3	0.005269
16	12	0.005926
4	3	0.005184
4	3	0.005658
4	3	0.007450
4	3	0.006980
4	3	0.005390
10	8	0.005547
4	1	0.004839
4	1	0.004918
15	14	0.006185
5	4	0.005667
5	4	0.005434
6	5	0.005503
9	8	0.006532
7	5	0.006556
14	13	0.005984
4	3	0.006254
5	4	0.006277
4	1	0.005283
4	1	0.006373
8	7	0.006184
4	3	0.006004
4	3	0.005480
4	3	0.005385
4	3	0.005098
4	3	0.005066
4	3	0.006440
14	12	0.006097
14	13	0.006653
10	10	0.003122
12	12	0.002440
11	11	0.002603
10	8	0.005280
10	8	0.005235
10	8	0.005118
14	12	0.005521
14	13	0.005432
14	12	0.005783
20	17	0.006586
13	7	0.005470
7	7	0.002500
13	12	0.005509
11	10	0.005557
11	11	0.002696
13	13	0.002591
9	9	0.002487
11	7	0.006238
18	18	0.003190
9	6	0.007852
28	27	0.005923
8	8	0.002294
27	24	0.006065
22	22	0.003004
13	13	0.003244
6	6	0.002338
9	8	0.005419
24	24	0.002805
28	27	0.006552
7	7	0.002614
6	6	0.002347
12	12	0.002700
9	9	0.002531
9	3	0.005278
9	9	0.002818
6	4	0.006352
15	13	0.005755
15	13	0.005855
6	4	0.006047
13	13	0.002777
10	5	0.005639
13	12	0.005514
10	10	0.002599
10	10	0.002606
7	6	0.005643
6	6	0.002829
5	5	0.002701
5	5	0.002679
5	5	0.002749
5	5	0.003377
5	5	0.002843
5	5	0.002742
6	6	0.002659
12	12	0.003151
5	5	0.002781
10	9	0.006655
10	10	0.002661
10	10	0.002793
9	9	0.003221
9	9	0.003139
5	5	0.002795
5	5	0.002739
5	5	0.003337
6	6	0.002498
5	5	0.002479
6	6	0.002418
5	5	0.002502
5	5	0.002497
6	6	0.002494
5	5	0.002461
12	12	0.002807
12	10	0.005522
12	4	0.007943
17	17	0.002600
10	10	0.002366
9	9	0.002261
8	8	0.002294
7	7	0.002421
8	8	0.002958
6	6	0.002948
6	6	0.002396
6	6	0.002304
8	8	0.002827
7	7	0.003320
7	6	0.005961
6	4	0.005288
5	3	0.004896
7	4	0.005866
5	3	0.005254
5	3	0.005109
5	3	0.005079
5	3	0.004815
5	3	0.004775
5	3	0.005852
6	4	0.005233
5	3	0.005045
5	3	0.006295
7	1	0.005504
5	3	0.004816
5	3	0.005383
5	3	0.005082
5	3	0.005217
5	3	0.005594
10	10	0.002760
9	9	0.002750
15	15	0.003482
7	7	0.002406
6	3	0.005822
7	7	0.003475
6	6	0.003025
6	6	0.003302
6	3	0.005318
8	6	0.006388
6	6	0.002305
6	6	0.002293
6	6	0.002327
13	13	0.002836
6	6	0.002547
6	6	0.002502
9	9	0.002354
6	3	0.004685
6	3	0.005249
6	3	0.005209
9	9	0.002281
10	10	0.002835
7	7	0.003391
7	7	0.002522
7	7	0.002795
7	7	0.003018
9	9	0.002377
6	6	0.002367
6	6	0.002535
6	6	0.003339
6	4	0.004997
6	6	0.002924
6	6	0.002361
6	6	0.002932
6	6	0.002385
6	6	0.002348
6	6	0.002361
8	8	0.002600
7	7	0.002576
8	8	0.002537
7	7	0.002284
9	9	0.002251
9	9	0.002299
7	5	0.005051
7	5	0.005119
6	6	0.002339
5	5	0.002493
6	6	0.002506
7	7	0.002306
5	5	0.002225
5	5	0.002306
5	5	0.002820
8	8	0.003800
5	5	0.002787
16	16	0.003609
44	44	0.003327
17	17	0.002555
6	5	0.005286
5	5	0.002302
13	13	0.002557
6	6	0.002461
6	6	0.002276
5	5	0.002270
11	11	0.002446
10	10	0.002372
8	8	0.002259
7	7	0.003088
7	7	0.002626
7	7	0.002456
7	7	0.002363
6	6	0.002288
9	9	0.002553
9	9	0.002375
7	7	0.002293
9	9	0.002277
7	7	0.002264
7	7	0.003302
6	6	0.002787
6	5	0.005318
7	7	0.002260
6	6	0.002218
7	7	0.002516
6	6	0.002548
7	7	0.002438
7	7	0.002276
6	6	0.002560
6	6	0.003034
6	6	0.003136
8	8	0.002745
9	9	0.002331
28	27	0.005594
7	7	0.002365
5	5	0.002546
6	6	0.002498
5	5	0.002523
5	5	0.002431
5	5	0.002483
5	5	0.002615
5	5	0.002583
5	5	0.002617
7	7	0.002217
6	6	0.002209
5	5	0.002386
5	5	0.002269
5	5	0.002202
5	5	0.002225
9	9	0.002482
11	11	0.002519
28	28	0.002911
10	7	0.006932
16	16	0.003571
8	8	0.003023
13	13	0.002668
7	4	0.005931
8	8	0.002906
5	3	0.005315
5	3	0.006039
12	12	0.002501
11	11	0.002565
8	8	0.002403
16	16	0.002570
13	13	0.002778
12	12	0.002800
18	16	0.005248
6	6	0.002353
9	9	0.002504
6	6	0.002406
9	9	0.002441
9	9	0.002476
7	7	0.002480
10	10	0.002499
5	5	0.002429
6	6	0.002380
5	5	0.002404
5	5	0.002658
5	5	0.003756
5	5	0.002446
5	5	0.002811
5	5	0.003417
12	12	0.002406
5	5	0.002741
8	8	0.003451
5	5	0.002378
6	6	0.002366
6	6	0.003100
6	6	0.002367
5	5	0.002400
7	7	0.003157
5	5	0.002477
5	5	0.002436
5	5	0.002590
5	5	0.002360
5	5	0.002395
7	6	0.005085
7	6	0.005256
6	6	0.002181
10	10	0.003087
14	14	0.002561
14	14	0.002473
6	1	0.006786
5	3	0.006550
5	3	0.005047
5	3	0.005010
10	6	0.005292
6	1	0.005940
5	3	0.005221
5	3	0.005110
6	1	0.006617
7	1	0.005887
7	5	0.006170
15	13	0.005955
7	5	0.005535
5	3	0.005032
5	3	0.005098
30	29	0.005766
20	19	0.005603
13	1	0.008164
17	16	0.005593
17	16	0.006475
17	13	0.005702
24	23	0.005751
11	9	0.005252
13	10	0.006874
17	15	0.006800
7	7	0.002651
31	28	0.005980
7	6	0.006541
9	8	0.005372
14	8	0.005325
10	8	0.005427
8	7	0.006348
9	8	0.005581
18	17	0.005505
7	3	0.006530
8	8	0.002424
15	14	0.005552
8	7	0.005862
12	11	0.005943
8	7	0.005799
7	6	0.006383
7	6	0.006586
7	6	0.005298
7	6	0.005180
7	6	0.005509
11	9	0.005048
6	6	0.002374
7	7	0.002631
9	9	0.002384
6	6	0.002376
6	3	0.005175
6	3	0.005071
6	3	0.005059
6	3	0.005159
6	3	0.005104
7	7	0.002227
9	9	0.002441
12	11	0.005806
10	9	0.005288
10	10	0.002434
8	3	0.005568
6	6	0.002214
7	7	0.002207
12	12	0.002335
7	6	0.005079
6	6	0.002245
6	6	0.002205
10	10	0.002576
21	21	0.002650
17	12	0.005461
7	1	0.008953
6	5	0.005467
6	6	0.002286
5	5	0.003003
5	5	0.002485
5	5	0.002279
6	5	0.005122
6	5	0.005090
8	8	0.002172
5	5	0.002233
6	6	0.002247
6	6	0.002208
5	5	0.002236
6	6	0.002336
6	5	0.005063
6	5	0.005122
6	5	0.005393
6	5	0.006234
6	6	0.002291
7	7	0.002236
9	9	0.002415
6	6	0.002422
5	5	0.002207
5	5	0.002178
5	5	0.002266
13	13	0.002563
10	10	0.002474
9	8	0.005942
10	10	0.003071
30	30	0.003122
8	7	0.005183
8	7	0.005379
10	6	0.006056
14	6	0.005231
17	12	0.005464
16	6	0.006572
15	10	0.005306
16	12	0.005449
6	3	0.006145
10	1	0.006206
8	4	0.005404
8	8	0.003751
13	13	0.002665
17	13	0.005523
16	12	0.005447
16	12	0.005887
12	8	0.005166
10	8	0.005200
17	17	0.003139
7	7	0.002459
7	5	0.004854
7	7	0.002599
8	3	0.005530
7	7	0.002426
23	23	0.002884
25	20	0.005641
25	20	0.005566
14	8	0.005162
13	4	0.010621
19	18	0.005504
7	7	0.002235
21	16	0.005481
18	18	0.002718
25	25	0.002850
11	6	0.005502
6	6	0.002268
6	6	0.002463
38	38	0.002748
6	3	0.005742
11	6	0.005772
9	9	0.002597
7	7	0.002484
23	23	0.002822
23	20	0.005792
21	18	0.005856
7	7	0.002447
6	6	0.002637
7	4	0.005514
6	3	0.005435
8	8	0.002284
6	6	0.002313
6	6	0.002286
6	3	0.005460
8	8	0.002213
5	5	0.002463
5	5	0.003252
6	6	0.002359
5	5	0.002227
33	33	0.002975
4	4	0.002200
10	10	0.002513
4	4	0.002254
4	4	0.002504
4	4	0.002538
8	8	0.002628
4	4	0.002649
4	4	0.002196
4	4	0.002255
4	4	0.002252
4	4	0.002176
10	10	0.002547
10	9	0.005314
4	4	0.002547
5	5	0.002376
8	8	0.002201
6	2	0.005927
4	4	0.002434
20	13	0.005561
4	4	0.002867
4	4	0.002588
12	12	0.002617
5	5	0.002776
5	4	0.006404
13	13	0.002687
4	4	0.003249
4	4	0.002312
10	8	0.005257
12	12	0.002293
23	22	0.005865
12	12	0.002283
10	10	0.002758
4	4	0.002573
4	4	0.002399
4	4	0.002451
4	2	0.005253
4	4	0.002583
7	7	0.002297
11	11	0.002436
5	5	0.002347
5	5	0.002405
22	22	0.003401
5	5	0.002345
6	6	0.002225
4	4	0.002210
4	4	0.002189
4	4	0.003224
4	4	0.002531
4	4	0.002205
4	4	0.002549
18	17	0.006818
5	5	0.003071
5	4	0.005548
5	5	0.003444
8	8	0.002262
4	4	0.002174
4	4	0.002231
6	6	0.002185
5	5	0.002332
4	4	0.002208
10	10	0.002418
8	8	0.002238
6	6	0.002391
8	8	0.002463
6	6	0.002208
4	4	0.002282
10	10	0.002256
9	9	0.002201
7	7	0.002178
6	6	0.003342
5	4	0.005372
5	4	0.005153
6	6	0.002400
12	12	0.002699
10	8	0.005192
9	9	0.002323
9	9	0.002621
9	9	0.002434
6	6	0.002201
6	6	0.002215
9	9	0.002676
12	9	0.005490
5	5	0.002664
5	5	0.002229
5	5	0.002248
5	5	0.002223
10	10	0.002382
7	7	0.002439
7	7	0.002595
9	9	0.002408
7	7	0.002731
7	7	0.003154
5	5	0.002424
5	5	0.002229
4	4	0.002168
4	4	0.002140
4	4	0.002205
10	10	0.003603
7	6	0.005359
12	10	0.005817
4	4	0.002227
4	4	0.002195
5	4	0.004683
5	4	0.005044
4	4	0.002553
6	6	0.002289
5	5	0.002220
25	15	0.005934
4	4	0.002417
4	4	0.002465
6	4	0.005093
4	4	0.002196
4	4	0.002232
5	5	0.002330
4	4	0.002510
4	4	0.002255
4	4	0.002222
4	4	0.002185
6	6	0.002250
5	5	0.002196
8	7	0.004834
10	9	0.005275
4	4	0.002442
4	4	0.002969
8	8	0.003187
4	4	0.002197
4	4	0.002237
10	10	0.002642
12	12	0.002258
6	6	0.002231
4	4	0.002676
4	4	0.003089
10	10	0.002949
6	6	0.003438
4	4	0.002251
5	5	0.002199
39	36	0.005981
8	8	0.002247
4	4	0.002656
4	4	0.002220
4	4	0.002440
7	7	0.003137
6	6	0.002463
5	5	0.002487
4	4	0.002812
4	4	0.002919
4	4	0.002905
5	5	0.002500
5	5	0.002400
6	6	0.002425
4	4	0.002165
5	4	0.005003
6	4	0.004792
4	4	0.002571
4	4	0.002551
12	12	0.002394
5	5	0.002388
13	13	0.002697
4	4	0.002169
4	4	0.002198
7	7	0.002455
6	6	0.002386
6	6	0.002284
5	5	0.002328
10	10	0.002527
5	5	0.002408
4	4	0.002241
4	4	0.002181
8	8	0.002753
4	4	0.002484
4	4	0.002585
12	10	0.005465
5	5	0.003250
8	8	0.002544
4	4	0.002214
4	4	0.002248
4	4	0.002327
4	4	0.002273
6	6	0.002469
4	4	0.002425
4	4	0.002360
15	14	0.005562
4	4	0.002189
4	4	0.002192
4	4	0.002412
4	4	0.002373
4	4	0.002418
4	4	0.002437
6	6	0.002413
5	5	0.002373
5	5	0.002242
4	4	0.002531
4	4	0.002224
4	4	0.002485
4	4	0.003208
5	5	0.002218
5	4	0.005143
5	4	0.005932
7	7	0.002870
4	4	0.002187
4	4	0.002309
23	22	0.006311
19	13	0.005452
18	16	0.006804
12	12	0.002614
12	12	0.003742
13	9	0.005712
15	14	0.005607
15	15	0.002765
15	14	0.005502
17	17	0.002805
9	7	0.005364
17	17	0.002628
7	7	0.002457
24	23	0.005415
13	10	0.005693
7	7	0.002582
7	7	0.002227
8	8	0.002448
9	7	0.004871
17	17	0.002655
9	9	0.002366
20	16	0.005444
8	7	0.005087
8	7	0.005104
35	31	0.006764
35	31	0.006846
29	24	0.005693
16	13	0.005365
8	8	0.002479
32	29	0.005969
18	18	0.002761
7	3	0.006257
48	48	0.002916
6	1	0.004869
8	8	0.002505
21	21	0.002629
6	1	0.004898
48	48	0.003196
7	6	0.005643
21	21	0.003720
16	16	0.002948
19	12	0.005551
19	12	0.005340
18	16	0.006049
18	16	0.005600
13	13	0.002533
13	13	0.002517
15	15	0.003111
13	13	0.004015
13	13	0.004686
13	13	0.003492
11	8	0.005889
34	25	0.005987
10	9	0.007127
15	13	0.005814
15	13	0.005753
12	1	0.005318
16	8	0.005850
26	26	0.002864
23	23	0.002527
10	9	0.006087
15	14	0.007406
8	8	0.003206
7	7	0.002649
7	7	0.002518
10	9	0.005518
8	8	0.002491
10	9	0.005653
30	25	0.006606
10	10	0.002701
11	11	0.002571
7	7	0.002298
8	8	0.002587
9	9	0.003240
9	9	0.002961
5	5	0.003285
5	5	0.002559
21	17	0.005783
7	5	0.005444
7	7	0.002643
9	9	0.003546
7	7	0.003020
8	8	0.002524
6	6	0.002483
5	5	0.002532
8	7	0.005223
9	9	0.002559
5	5	0.003096
9	9	0.003106
7	7	0.002691
5	5	0.002510
5	5	0.002515
6	6	0.002470
6	6	0.002458
5	3	0.004969
19	17	0.005286
5	3	0.004927
5	5	0.002467
11	9	0.006631
21	16	0.009658
9	9	0.002490
6	6	0.002643
7	5	0.005249
11	9	0.005524
6	4	0.005134
5	3	0.004887
5	3	0.004846
5	3	0.006279
5	3	0.004886
9	5	0.005342
9	9	0.002655
27	25	0.006670
27	23	0.006497
14	9	0.005336
14	9	0.005301
5	5	0.002603
7	5	0.005529
9	7	0.005694
7	5	0.005030
5	3	0.005313
21	21	0.002906
6	6	0.002621
6	6	0.002667
5	3	0.005120
5	5	0.002768
5	5	0.002730
7	7	0.003036
5	5	0.002747
10	8	0.005349
5	5	0.002592
18	13	0.005577
18	13	0.005503
9	9	0.002495
19	14	0.005657
11	9	0.008653
11	11	0.002701
8	8	0.002829
24	23	0.005663
24	23	0.005787
20	20	0.002716
7	7	0.002723
14	14	0.002741
24	22	0.005765
24	22	0.005642
18	16	0.005446
23	21	0.005631
13	12	0.005972
13	7	0.005550
14	13	0.005426
13	7	0.005365
14	14	0.002498
12	12	0.002320
12	12	0.002341
10	9	0.005268
10	9	0.005684
33	33	0.003850
9	9	0.002475
14	14	0.002756
14	14	0.002739
27	24	0.005199
18	18	0.002721
10	10	0.002260
9	8	0.005470
9	7	0.005232
9	9	0.002635
7	7	0.002798
9	9	0.002358
22	20	0.005614
16	16	0.002780
9	7	0.005546
9	9	0.003296
9	9	0.002934
34	34	0.002985
34	34	0.003001
11	10	0.005368
6	5	0.005685
8	7	0.005494
8	7	0.005591
33	31	0.006557
10	10	0.002726
16	16	0.002964
7	7	0.002472
21	20	0.005502
21	20	0.005563
9	7	0.006030
9	7	0.006173
11	11	0.003744
14	14	0.002540
16	12	0.006168
25	25	0.002669
7	6	0.005173
13	13	0.002491
6	6	0.002686
6	6	0.002724
6	6	0.002576
6	6	0.002471
10	10	0.002702
13	13	0.002627
6	6	0.002451
21	21	0.002806
7	6	0.006604
21	21	0.002817
6	6	0.002474
7	7	0.002815
6	6	0.003182
7	7	0.002475
27	27	0.002762
27	27	0.002909
25	25	0.002592
14	14	0.002609
9	8	0.005476
30	29	0.007561
12	12	0.002677
19	19	0.002700
23	23	0.003221
11	11	0.003662
11	11	0.002580
10	10	0.002693
25	22	0.005728
11	11	0.002819
9	9	0.002498
12	11	0.005199
16	16	0.002676
12	11	0.006188
27	22	0.005965
12	11	0.008645
12	11	0.005612
12	11	0.005377
17	17	0.002528
14	14	0.002525
12	11	0.005052
12	11	0.006337
11	11	0.002473
11	11	0.002522
9	9	0.002429
7	7	0.002381
8	5	0.005182
26	15	0.005705
26	26	0.002662
26	15	0.005746
17	17	0.002529
17	17	0.002579
17	15	0.005815
12	3	0.005181
8	6	0.005164
10	9	0.005142
8	8	0.002369
6	6	0.002199
6	6	0.002607
6	6	0.002319
7	7	0.002449
27	23	0.005423
8	6	0.005329
25	23	0.005647
10	9	0.005483
6	6	0.002333
12	12	0.002691
6	6	0.002259
6	6	0.002270
6	6	0.002252
9	9	0.002444
7	6	0.006561
14	13	0.005496
12	11	0.005394
10	10	0.002692
13	11	0.005139
11	11	0.002489
9	8	0.005324
15	15	0.002938
19	19	0.003168
22	21	0.005675
10	10	0.002513
17	17	0.002754
8	8	0.002712
7	7	0.002490
11	8	0.005364
6	6	0.002422
6	6	0.002465
6	6	0.002461
11	11	0.002691
11	8	0.005308
6	6	0.002571
11	11	0.002596
17	17	0.002946
17	17	0.002366
13	9	0.005472
11	11	0.002240
7	7	0.002305
20	16	0.005657
49	49	0.003007
28	26	0.005760
13	10	0.005383
13	10	0.005340
14	10	0.005743
8	8	0.002523
6	5	0.004860
13	8	0.006755
14	13	0.005540
18	18	0.002571
14	14	0.002621
13	11	0.005392
13	11	0.006810
30	30	0.002710
20	16	0.005288
17	17	0.002717
11	11	0.002334
15	12	0.006493
35	32	0.005914
30	26	0.005577
17	17	0.002545
17	13	0.005422
30	25	0.005469
15	15	0.002614
18	16	0.005547
18	16	0.006139
18	16	0.005593
17	15	0.007011
15	15	0.003725
17	16	0.006177
37	33	0.006039
11	11	0.002563
11	11	0.002763
13	11	0.005872
12	12	0.002523
15	15	0.002304
10	10	0.003234
10	10	0.003182
19	17	0.005775
12	11	0.005378
18	18	0.002668
13	9	0.005088
15	12	0.005479
15	15	0.002804
17	17	0.002715
8	8	0.002571
15	15	0.002562
17	17	0.002643
12	12	0.002567
12	12	0.002532
13	13	0.003890
27	27	0.003967
27	27	0.003488
8	8	0.002730
9	9	0.002313
11	11	0.002527
18	14	0.005878
13	11	0.005450
9	9	0.002558
9	9	0.002531
9	9	0.002557
20	11	0.005522
18	16	0.005544
18	17	0.005566
20	16	0.005412
10	10	0.002327
8	6	0.005083
14	14	0.002367
10	10	0.002465
15	9	0.004919
42	39	0.006116
8	8	0.002258
8	8	0.002484
14	14	0.003221
8	8	0.002701
13	13	0.002786
8	8	0.002516
8	8	0.002496
8	8	0.002581
7	7	0.002529
7	7	0.002691
7	7	0.003527
7	7	0.002555
8	8	0.002473
7	7	0.002516
8	8	0.002466
8	8	0.002640
8	8	0.002858
8	8	0.002756
8	8	0.002752
8	8	0.002495
18	18	0.002544
9	9	0.002491
8	8	0.003426
11	11	0.002632
8	8	0.002396
6	6	0.002506
7	7	0.002256
15	15	0.002287
8	8	0.002239
13	9	0.005371
8	8	0.002300
8	8	0.002275
11	11	0.002235
11	11	0.002277
13	13	0.002746
24	24	0.003018
26	5	0.006962
26	26	0.002967
22	22	0.002866
17	16	0.005514
19	19	0.002694
19	19	0.002600
12	12	0.002687
13	11	0.005554
19	19	0.002696
13	13	0.003101
9	7	0.005303
9	9	0.003082
16	16	0.003017
12	12	0.002746
8	7	0.005383
18	18	0.002600
15	15	0.002834
7	7	0.002262
7	7	0.002609
12	1	0.005354
18	18	0.002862
18	18	0.002847
12	12	0.002782
12	12	0.002598
9	9	0.002697
5	4	0.005405
5	5	0.002719
7	7	0.003409
27	21	0.005732
7	5	0.005284
7	7	0.002462
8	8	0.002345
5	5	0.002255
5	5	0.002245
12	9	0.005447
10	10	0.002448
6	6	0.002456
5	5	0.002626
16	16	0.002629
5	5	0.002960
5	5	0.002710
5	5	0.002545
16	9	0.006018
9	9	0.002308
10	3	0.005271
5	1	0.005334
7	5	0.005488
7	7	0.002397
5	5	0.002422
7	5	0.005713
10	10	0.003340
8	7	0.006637
5	5	0.002627
16	16	0.003446
8	8	0.002422
10	10	0.002734
13	10	0.005047
20	20	0.002816
22	17	0.005479
7	6	0.004986
5	4	0.006056
5	4	0.005599
7	4	0.005412
5	4	0.005227
7	5	0.005278
5	5	0.002253
18	15	0.005804
18	16	0.005250
18	16	0.005289
9	9	0.002425
15	15	0.002700
10	10	0.002678
5	5	0.002580
12	10	0.005871
7	5	0.004822
16	16	0.002748
12	5	0.005207
5	4	0.005790
5	5	0.002318
10	8	0.006326
5	5	0.002598
5	5	0.002622
7	7	0.002425
6	6	0.002419
10	10	0.002270
9	9	0.002625
6	6	0.002450
5	4	0.005227
13	12	0.006330
5	4	0.005003
5	4	0.004952
10	10	0.002665
8	8	0.003180
5	5	0.002226
12	5	0.006130
5	5	0.002463
5	5	0.002396
21	21	0.002806
8	6	0.004908
18	18	0.002840
15	15	0.002556
7	7	0.002460
8	7	0.005081
11	11	0.002499
21	21	0.002644
14	13	0.006630
22	20	0.005796
6	6	0.002535
5	5	0.002421
10	10	0.002460
14	14	0.002459
31	29	0.005351
27	25	0.005646
6	6	0.002443
7	7	0.002464
40	40	0.002789
6	6	0.002551
9	8	0.006255
9	9	0.002308
20	9	0.005698
13	13	0.002527
5	5	0.002928
5	5	0.002222
20	20	0.002868
8	8	0.003111
12	7	0.004935
50	49	0.006512
12	12	0.003052
5	5	0.002594
5	1	0.006323
8	8	0.002730
8	8	0.002837
8	8	0.002836
9	9	0.002584
7	5	0.006576
10	8	0.005224
6	5	0.005011
5	5	0.002369
10	9	0.005399
7	7	0.002484
13	13	0.002737
13	13	0.002591
5	5	0.002296
36	27	0.005744
29	29	0.002895
5	5	0.002961
13	13	0.003311
14	14	0.003113
6	6	0.003059
21	19	0.005374
9	9	0.002622
6	6	0.003345
22	20	0.005934
5	1	0.005426
6	5	0.004950
5	5	0.002616
8	8	0.002474
10	10	0.002568
9	9	0.003347
9	9	0.002990
8	8	0.002519
7	7	0.002436
7	7	0.002466
6	6	0.002490
13	10	0.006289
9	9	0.002644
5	5	0.002825
5	5	0.002982
6	6	0.003378
7	6	0.006255
5	4	0.005179
5	4	0.005060
14	12	0.005517
11	9	0.004937
5	1	0.005279
7	7	0.002795
10	10	0.003222
8	8	0.002684
13	12	0.005723
9	9	0.003147
5	5	0.003034
22	22	0.003236
5	5	0.002376
5	5	0.002290
5	5	0.002340
19	19	0.002795
8	7	0.005150
7	6	0.005350
6	5	0.005437
18	18	0.002443
7	1	0.004939
8	8	0.002478
5	5	0.002268
8	7	0.005274
6	6	0.002266
6	6	0.003406
10	10	0.003798
5	5	0.003011
16	16	0.002927
7	7	0.002942
5	5	0.003529
5	4	0.006016
5	4	0.005018
27	21	0.005919
7	5	0.005530
7	5	0.006259
7	7	0.002759
40	38	0.006992
9	9	0.002523
6	6	0.002529
5	5	0.002949
23	18	0.005801
5	5	0.002734
5	5	0.002687
5	5	0.002348
5	5	0.002286
8	7	0.005518
8	8	0.002272
7	6	0.005318
6	6	0.003008
7	6	0.005723
18	18	0.002836
8	8	0.002583
9	9	0.002649
7	7	0.002400
5	5	0.002227
5	5	0.002421
40	40	0.002945
5	3	0.005460
6	6	0.002568
9	8	0.006467
9	9	0.002632
20	9	0.006893
18	18	0.002686
13	13	0.002542
7	7	0.002366
5	5	0.002274
5	5	0.002284
5	4	0.004992
16	9	0.006039
8	7	0.005264
13	13	0.002580
7	7	0.002504
5	5	0.002882
5	5	0.003629
6	5	0.005717
7	3	0.005322
8	6	0.005401
4	4	0.002413
6	6	0.002606
4	4	0.002731
4	4	0.003331
3	3	0.002452
3	3	0.002410
3	1	0.004779
4	4	0.002893
6	5	0.005270
3	3	0.003389
3	3	0.002807
5	3	0.005663
7	7	0.002605
5	5	0.002555
4	1	0.004919
13	12	0.005433
5	5	0.002595
8	8	0.002602
5	5	0.002664
3	1	0.004761
3	1	0.005114
3	1	0.005732
3	1	0.005152
3	1	0.005877
5	5	0.003610
5	5	0.002947
13	1	0.008364
4	1	0.004887
4	1	0.005113
5	1	0.005056
5	1	0.006043
5	1	0.004793
5	1	0.006096
5	1	0.004955
5	1	0.004764
5	1	0.005514
5	1	0.005519
5	1	0.004846
5	1	0.005787
5	5	0.002761
4	4	0.002508
4	4	0.002494
4	4	0.002433
4	4	0.002542
4	1	0.005120
4	4	0.002444
6	6	0.002517
4	1	0.005096
10	10	0.002567
5	1	0.004877
5	5	0.002449
4	4	0.002423
11	11	0.002570
5	5	0.002398
10	8	0.005151
11	11	0.002579
4	4	0.002409
4	4	0.002383
4	4	0.002394
4	4	0.002389
4	4	0.002445
7	7	0.002407
8	7	0.006364
7	7	0.002770
8	8	0.002685
15	12	0.005678
6	5	0.004888
7	7	0.002639
7	7	0.002676
5	5	0.002457
5	5	0.002747
5	5	0.003303
5	5	0.002522
5	5	0.002482
5	5	0.002460
5	3	0.005210
5	5	0.002584
7	7	0.002644
6	1	0.006249
6	1	0.005213
6	1	0.005196
7	5	0.006561
8	5	0.005479
5	1	0.005050
8	1	0.005175
7	7	0.002674
6	1	0.005149
6	1	0.005302
6	1	0.007092
6	1	0.005666
6	6	0.003628
6	1	0.005466
8	6	0.005613
7	7	0.002666
7	7	0.002690
7	7	0.003070
5	5	0.003028
5	5	0.002670
5	5	0.002633
5	5	0.002621
5	5	0.002604
5	1	0.005111
5	5	0.002624
5	5	0.002586
6	1	0.005058
6	1	0.005005
5	5	0.002669
5	5	0.002860
5	5	0.003454
7	7	0.002744
7	7	0.002519
6	5	0.005472
6	5	0.005860
6	5	0.006164
6	5	0.004956
8	8	0.002557
6	6	0.002477
7	7	0.002697
7	7	0.002611
9	7	0.005044
5	5	0.002442
7	7	0.002617
5	1	0.004956
3	3	0.002638
3	3	0.003251
3	3	0.002780
3	3	0.003164
3	3	0.002620
3	3	0.002583
3	3	0.002419
3	3	0.002457
3	3	0.002504
3	3	0.002467
3	3	0.003044
3	3	0.003147
3	3	0.002603
3	3	0.002397
3	3	0.002429
5	3	0.005069
5	3	0.004984
5	3	0.005076
5	5	0.002663
5	5	0.003282
4	1	0.004832
4	1	0.004832
4	1	0.004829
4	1	0.004719
4	4	0.002395
4	4	0.002437
4	4	0.002628
10	10	0.002640
3	1	0.004673
3	1	0.004834
3	1	0.004743
3	1	0.004818
3	1	0.004690
3	1	0.005853
10	8	0.005473
12	12	0.003488
10	10	0.002650
12	11	0.005508
5	5	0.002497
7	7	0.002509
6	6	0.002625
6	1	0.005852
5	1	0.005032
5	1	0.005748
5	1	0.004694
5	1	0.004833
5	1	0.005437
4	4	0.003274
4	4	0.002575
4	4	0.002582
4	4	0.002642
6	1	0.005601
5	5	0.002505
4	4	0.002564
5	5	0.002450
18	14	0.005713
6	6	0.002578
7	6	0.005295
9	9	0.002493
6	6	0.002593
9	9	0.002502
3	3	0.002370
3	3	0.002395
3	3	0.002400
3	3	0.002427
3	3	0.002651
3	3	0.003886
3	3	0.004318
3	3	0.002981
3	3	0.002793
3	3	0.002478
3	3	0.002376
3	3	0.002402
3	3	0.003132
9	7	0.005594
5	3	0.005093
9	3	0.005460
9	3	0.005257
11	8	0.005513
5	5	0.002497
6	6	0.002490
11	10	0.005302
6	1	0.005699
4	4	0.002376
4	4	0.002672
4	4	0.003124
7	7	0.002625
25	24	0.006090
25	24	0.005786
25	24	0.006667
13	13	0.002977
5	4	0.005122
3	1	0.004783
3	1	0.004878
3	1	0.005584
3	1	0.004828
3	1	0.004812
3	1	0.004755
3	1	0.004811
3	1	0.004845
3	1	0.005055
3	1	0.005089
3	1	0.005050
3	1	0.005989
6	6	0.002762
14	14	0.002854
5	5	0.002427
5	5	0.002486
8	8	0.002561
8	8	0.002765
8	8	0.002701
6	6	0.002545
8	8	0.002614
5	1	0.004822
5	1	0.004778
5	1	0.004723
5	1	0.004971
5	1	0.005653
5	1	0.004898
5	1	0.004831
5	1	0.004782
5	1	0.005504
4	4	0.002836
4	4	0.002536
4	4	0.002535
4	4	0.002472
6	6	0.002673
4	4	0.002398
4	4	0.002468
4	1	0.007049
10	10	0.002924
10	10	0.002522
4	4	0.002459
4	4	0.002463
4	4	0.003274
36	33	0.007172
5	1	0.004897
5	1	0.004743
10	8	0.006311
12	12	0.002848
5	5	0.002484
5	5	0.002677
5	5	0.003494
26	21	0.006682
6	1	0.005277
3	3	0.003290
3	3	0.002875
3	3	0.002679
3	3	0.002669
3	3	0.002453
3	3	0.002436
3	3	0.002438
3	3	0.003129
6	4	0.005522
7	4	0.005516
6	3	0.005314
11	11	0.003290
4	1	0.005223
4	1	0.004876
10	8	0.005080
42	36	0.006257
27	25	0.006327
6	1	0.004823
18	18	0.002796
10	10	0.002538
3	1	0.004866
3	1	0.005394
3	1	0.004848
3	1	0.005589
3	1	0.005301
3	1	0.005493
3	1	0.005225
3	1	0.005113
3	1	0.005242
3	1	0.005279
5	1	0.004790
5	5	0.002459
6	6	0.002655
6	6	0.003308
6	1	0.005127
4	1	0.005562
5	1	0.005485
5	1	0.004778
5	1	0.005833
5	1	0.005467
5	1	0.006896
5	1	0.006312
5	1	0.005104
5	1	0.005655
5	1	0.005812
5	1	0.004898
5	1	0.005103
5	1	0.005296
5	1	0.005603
5	5	0.002495
4	4	0.002495
4	4	0.002529
4	4	0.002532
4	1	0.004833
4	4	0.002447
4	1	0.004878
5	1	0.004777
4	4	0.002420
6	6	0.003337
4	1	0.005196
6	6	0.002492
51	49	0.006743
51	49	0.006646
5	5	0.002533
7	7	0.003227
5	5	0.002878
6	6	0.002509
5	1	0.006070
5	1	0.005085
3	3	0.002411
3	3	0.002608
3	3	0.003315
3	3	0.002580
3	3	0.002687
3	3	0.003092
3	3	0.002607
3	3	0.002408
3	3	0.002439
3	3	0.002674
3	3	0.003217
3	3	0.002448
11	6	0.006463
6	6	0.002810
6	6	0.002483
6	6	0.002472
8	8	0.002568
6	6	0.002611
12	10	0.006581
11	8	0.007112
6	6	0.002734
6	6	0.003217
5	5	0.003440
3	1	0.005166
3	1	0.004829
3	1	0.005612
3	1	0.006372
3	1	0.005442
26	26	0.003062
8	8	0.002502
5	1	0.005955
6	6	0.002720
5	1	0.004968
5	1	0.004927
5	1	0.004847
5	1	0.004802
5	1	0.004768
5	1	0.004727
5	1	0.004807
5	1	0.005054
8	8	0.002549
7	7	0.002495
5	5	0.002457
31	29	0.007167
4	4	0.002692
8	8	0.002609
4	4	0.002430
6	6	0.002492
5	5	0.002380
5	1	0.004734
10	9	0.005669
4	1	0.006647
5	1	0.005850
5	5	0.002799
5	5	0.002852
9	9	0.002627
7	7	0.002751
7	7	0.003451
5	1	0.006169
5	5	0.002524
3	3	0.002469
3	3	0.002465
3	3	0.002374
3	3	0.002426
3	3	0.002609
3	3	0.003262
3	3	0.002509
3	3	0.002463
3	3	0.002471
3	3	0.002407
3	3	0.002416
3	3	0.002752
3	3	0.003221
3	3	0.002456
3	3	0.002418
3	3	0.002432
10	10	0.002593
14	14	0.002952
9	9	0.003131
10	9	0.007445
9	9	0.003363
13	13	0.002711
13	1	0.004759
7	7	0.002507
7	1	0.004809
5	3	0.005076
7	1	0.004820
5	3	0.005184
7	1	0.004737
15	12	0.007258
9	9	0.002708
13	13	0.002565
8	8	0.002657
13	13	0.003149
6	6	0.002473
14	8	0.005331
7	7	0.002505
8	8	0.002446
25	22	0.005960
6	1	0.004719
31	29	0.006758
20	20	0.003018
20	20	0.002849
31	28	0.007179
31	28	0.007342
17	14	0.006650
17	16	0.006509
12	12	0.002786
17	12	0.006713
8	8	0.002495
9	9	0.002468
9	9	0.002477
9	9	0.002470
18	18	0.002679
7	7	0.002755
7	7	0.003341
7	7	0.002571
7	7	0.002655
7	7	0.002559
9	9	0.002536
7	7	0.002482
17	15	0.005542
17	17	0.002652
15	15	0.002564
8	8	0.002454
6	6	0.002449
6	6	0.002679
6	6	0.002404
7	7	0.002401
6	6	0.002480
6	6	0.002692
6	6	0.003137
17	17	0.003066
15	9	0.006458
7	7	0.002568
12	12	0.002575
12	12	0.002595
5	5	0.002454
5	5	0.002493
10	10	0.002542
10	10	0.002460
5	5	0.002452
5	5	0.003241
5	5	0.002902
6	6	0.002619
5	5	0.002420
5	5	0.002436
9	9	0.002909
6	5	0.005342
6	5	0.005927
5	5	0.002521
5	3	0.004821
13	12	0.005226
9	9	0.002814
18	17	0.006578
6	6	0.002484
13	13	0.002751
5	1	0.004840
4	1	0.004877
4	1	0.004695
4	1	0.004861
4	1	0.004722
14	14	0.002555
5	1	0.004703
5	1	0.006121
5	1	0.005867
5	1	0.004957
5	1	0.004806
5	1	0.005883
5	5	0.002526
5	5	0.002429
20	17	0.006143
4	4	0.003213
4	4	0.002793
4	4	0.002465
4	4	0.002442
8	8	0.002583
34	32	0.006382
7	5	0.005136
18	11	0.006467
18	11	0.005844
14	13	0.005131
8	6	0.005138
5	1	0.005430
5	1	0.005295
5	5	0.002435
5	5	0.002497
5	5	0.002462
8	8	0.002528
14	14	0.002627
7	7	0.002798
8	8	0.003139
6	6	0.002483
17	10	0.005341
7	7	0.002464
7	7	0.002947
7	7	0.003319
10	1	0.006863
6	5	0.005446
6	1	0.004792
16	12	0.006307
13	13	0.002915
17	13	0.005452
17	14	0.005308
17	14	0.005650
17	16	0.005682
13	1	0.006242
18	14	0.005663
10	10	0.002567
9	9	0.002570
9	9	0.002514
7	7	0.002507
7	7	0.002500
13	13	0.002595
13	11	0.005574
7	7	0.002514
6	6	0.002446
6	6	0.002522
9	9	0.002473
8	8	0.003293
6	6	0.002811
6	4	0.006011
6	6	0.002770
6	6	0.002521
5	5	0.003164
10	10	0.003429
10	10	0.002636
5	4	0.005176
5	5	0.002550
5	5	0.002716
5	5	0.003306
6	6	0.003362
13	13	0.002920
6	6	0.002488
5	5	0.002520
5	5	0.002391
3	1	0.004897
3	1	0.004797
3	1	0.004812
3	1	0.004738
3	1	0.004750
3	1	0.005617
3	1	0.004771
3	1	0.004804
3	1	0.004873
3	1	0.004722
3	1	0.005031
3	1	0.005090
3	1	0.005102
8	8	0.002500
18	18	0.002950
15	15	0.003249
16	13	0.005507
12	11	0.005179
6	6	0.002914
11	11	0.003397
6	6	0.002550
13	13	0.002816
7	1	0.004888
14	14	0.002853
7	7	0.002511
7	7	0.002471
6	1	0.005687
6	5	0.005307
6	1	0.004816
6	1	0.006108
6	1	0.004845
17	15	0.006521
13	13	0.003440
33	32	0.006129
21	21	0.002744
17	14	0.007189
14	10	0.005585
17	14	0.005357
10	1	0.008082
10	10	0.002837
20	20	0.002679
16	16	0.003424
18	13	0.005766
10	9	0.006609
8	8	0.002645
9	9	0.002570
7	1	0.004844
15	15	0.002692
8	8	0.002541
9	9	0.002599
15	15	0.003019
7	1	0.005533
7	1	0.005537
10	1	0.005966
7	5	0.005225
7	7	0.002520
7	7	0.002479
7	7	0.002537
7	1	0.005109
7	5	0.005161
7	7	0.003639
7	7	0.002999
7	7	0.002553
9	9	0.002779
17	17	0.003549
6	6	0.002575
6	6	0.002491
6	1	0.005100
7	7	0.002798
6	6	0.003268
6	6	0.002571
7	7	0.002647
6	6	0.002586
9	7	0.005418
17	17	0.003184
10	10	0.002500
23	19	0.005761
5	5	0.002623
17	17	0.002682
5	5	0.002390
7	7	0.002433
7	5	0.005277
7	5	0.005811
6	3	0.005721
5	5	0.002463
7	7	0.002453
5	5	0.002523
13	13	0.003538
9	9	0.002555
9	9	0.002517
12	12	0.002534
8	8	0.002499
13	13	0.002583
13	13	0.002589
14	14	0.002522
11	11	0.002534
14	14	0.003270
10	10	0.002896
6	6	0.002530
7	7	0.002486
6	1	0.005038
18	18	0.002741
20	16	0.006447
12	1	0.007977
31	28	0.006196
17	16	0.006576
17	14	0.006084
15	12	0.006080
17	14	0.005398
13	10	0.005319
18	18	0.002902
25	24	0.005734
12	12	0.002815
11	8	0.007085
10	10	0.002898
17	12	0.005773
9	9	0.002609
9	9	0.002541
18	18	0.002652
9	9	0.002584
7	7	0.002660
7	7	0.002597
8	8	0.003429
17	17	0.003004
6	6	0.002492
6	6	0.002472
6	6	0.002508
6	6	0.002663
6	6	0.003189
7	5	0.006017
6	4	0.005427
7	7	0.002825
6	6	0.002688
8	8	0.002667
13	11	0.005404
7	7	0.002668
11	11	0.002662
9	9	0.002680
7	7	0.002707
12	12	0.003601
8	8	0.002785
7	7	0.002499
10	10	0.002493
8	1	0.005441
10	10	0.003124
13	13	0.002713
9	9	0.002500
10	10	0.002528
7	7	0.002462
8	8	0.003335
7	7	0.002811
6	6	0.002599
6	6	0.002630
6	6	0.002435
6	6	0.002718
9	9	0.003325
7	7	0.003340
8	8	0.002777
8	8	0.002780
5	1	0.005795
5	1	0.005433
5	1	0.004801
5	1	0.004898
5	1	0.004665
5	1	0.005813
5	1	0.004899
6	1	0.006053
5	5	0.002608
5	5	0.002472
5	5	0.002499
8	8	0.002608
13	13	0.003611
15	15	0.003052
6	6	0.002536
13	13	0.002859
7	7	0.002590
6	1	0.004800
13	13	0.002615
20	20	0.003037
17	16	0.005871
17	14	0.005460
13	10	0.005167
17	16	0.005522
31	28	0.006845
20	17	0.006443
16	13	0.005417
10	10	0.002731
17	12	0.005786
8	8	0.002816
9	9	0.003423
9	9	0.002796
7	7	0.002811
7	7	0.002549
7	7	0.002539
7	7	0.002545
6	6	0.002467
6	6	0.002447
6	6	0.002505
6	6	0.002500
7	1	0.008310
8	8	0.002724
7	7	0.002712
6	6	0.002629
7	7	0.002709
8	8	0.002559
24	24	0.002850
7	7	0.002589
21	19	0.005868
4	1	0.004934
4	1	0.005186
4	1	0.005108
4	1	0.004992
4	1	0.005414
4	1	0.005635
4	1	0.006088
4	1	0.005129
4	1	0.005858
20	20	0.003610
16	16	0.002590
8	1	0.007331
9	9	0.002538
10	10	0.002593
7	7	0.002514
6	6	0.002643
7	7	0.002434
20	16	0.007049
8	8	0.002471
18	18	0.002772
7	7	0.002728
6	1	0.004946
6	1	0.004697
13	13	0.002573
20	20	0.003697
17	14	0.005292
18	14	0.005402
10	10	0.003338
17	12	0.005835
17	12	0.006944
17	14	0.006302
17	13	0.006562
18	18	0.002845
9	9	0.002554
9	9	0.002643
7	7	0.002796
10	10	0.003590
15	15	0.002766
15	15	0.002796
15	15	0.002622
16	16	0.003039
13	13	0.002786
8	8	0.002504
6	6	0.002484
6	6	0.002518
6	6	0.002426
6	6	0.002441
6	6	0.002450
9	9	0.002758
6	6	0.002419
7	7	0.002999
7	7	0.003781
18	18	0.002911
6	6	0.002775
6	6	0.002637
7	7	0.002605
9	9	0.002978
13	13	0.003235
10	10	0.002546
8	8	0.002679
19	18	0.005500
10	6	0.005221
17	14	0.005125
6	6	0.002426
6	6	0.002549
13	12	0.005791
6	6	0.002525
7	7	0.002731
7	7	0.002682
13	12	0.005446
11	11	0.002531
5	1	0.004828
5	1	0.004729
5	1	0.004730
5	1	0.004698
5	1	0.004600
5	1	0.004771
5	4	0.005072
5	1	0.006150
6	1	0.005130
6	6	0.002415
6	1	0.004967
6	6	0.002393
6	1	0.006402
6	1	0.004676
5	5	0.002437
5	5	0.002377
5	5	0.002616
8	8	0.002500
5	1	0.004794
5	1	0.004889
5	1	0.005096
5	1	0.005013
5	1	0.004753
5	1	0.004607
5	1	0.005017
5	1	0.006165
8	8	0.002515
8	6	0.005394
9	9	0.002889
8	8	0.002529
6	6	0.002543
6	6	0.002362
22	20	0.005699
8	8	0.002413
5	5	0.002465
5	5	0.003366
9	9	0.002436
5	1	0.004822
5	1	0.004986
5	1	0.006066
5	1	0.005200
5	1	0.005334
5	1	0.005560
5	1	0.005002
5	1	0.006137
5	1	0.005163
5	1	0.005075
7	7	0.002730
10	10	0.003816
6	1	0.004611
5	5	0.002440
8	8	0.002433
8	8	0.002529
8	8	0.002740
17	17	0.002968
9	1	0.004850
15	15	0.002736
19	18	0.005822
15	15	0.002587
13	13	0.003078
8	8	0.003439
13	11	0.005371
20	17	0.005220
20	16	0.005528
18	16	0.005817
18	16	0.005562
16	14	0.005415
34	27	0.006096
17	15	0.005189
15	15	0.002505
31	29	0.005673
9	9	0.002473
8	7	0.006045
9	9	0.002835
12	12	0.002557
10	9	0.005522
10	6	0.005226
8	8	0.002531
16	16	0.002640
8	8	0.002831
19	19	0.002580
8	8	0.002534
17	17	0.002586
17	17	0.002625
9	9	0.002479
15	13	0.005154
7	7	0.002484
9	9	0.002575
7	7	0.002446
11	11	0.002558
9	9	0.003583
7	7	0.002649
8	8	0.002418
9	5	0.004940
9	5	0.005041
7	7	0.002458
7	7	0.002467
7	7	0.002503
7	1	0.004762
9	9	0.002718
8	8	0.002576
7	7	0.002433
7	7	0.002528
8	8	0.002530
6	1	0.004803
6	1	0.004762
16	12	0.005098
30	30	0.002729
14	14	0.002554
17	14	0.005542
17	14	0.005543
17	12	0.006297
7	7	0.002757
9	9	0.002529
9	9	0.002577
7	1	0.004680
9	9	0.002480
7	7	0.002445
7	7	0.002434
13	13	0.002663
9	9	0.002741
7	7	0.002461
15	15	0.002599
6	6	0.002446
6	6	0.002610
6	6	0.002482
6	6	0.002485
11	11	0.002520
9	9	0.002447
13	13	0.002724
34	34	0.002944
13	13	0.002745
8	8	0.003343
8	8	0.002601
8	8	0.002596
9	7	0.005063
9	9	0.002487
19	18	0.005510
25	25	0.002869
19	18	0.005719
18	18	0.003299
7	7	0.002492
25	25	0.003078
27	23	0.007061
20	16	0.005574
20	19	0.005652
18	16	0.005528
18	16	0.005605
34	30	0.006689
20	20	0.002735
13	11	0.005929
15	11	0.005891
13	11	0.005429
10	10	0.002731
9	9	0.002656
13	10	0.005398
10	10	0.002467
8	8	0.002495
8	8	0.002553
16	16	0.002557
16	16	0.002583
16	16	0.003498
10	10	0.002564
15	15	0.002596
9	9	0.002571
7	6	0.005115
9	9	0.003407
9	9	0.002607
7	7	0.002507
7	6	0.005076
9	9	0.002525
7	7	0.002503
5	1	0.004686
5	1	0.004705
5	1	0.006364
5	1	0.004810
5	1	0.004881
5	1	0.006148
5	1	0.005033
5	1	0.004745
5	1	0.004758
5	1	0.004735
5	1	0.004823
5	1	0.004692
5	1	0.004777
5	1	0.004668
5	1	0.004709
5	1	0.005239
5	1	0.004823
5	1	0.005725
5	1	0.004784
5	1	0.004851
5	1	0.004742
14	10	0.005480
8	8	0.002492
13	13	0.002770
8	8	0.002483
14	14	0.002707
9	9	0.003354
19	18	0.005782
7	7	0.002684
18	16	0.005563
18	16	0.005596
18	16	0.006330
17	15	0.005752
34	26	0.005927
24	24	0.003659
13	11	0.005688
17	14	0.006142
17	17	0.002634
14	14	0.002576
15	15	0.002478
10	10	0.002466
9	9	0.002508
13	10	0.005352
8	8	0.002495
11	11	0.002543
8	8	0.003715
8	8	0.002594
8	8	0.002515
16	16	0.003023
9	9	0.002453
7	7	0.002584
8	8	0.002551
11	11	0.002500
7	7	0.002514
7	7	0.002496
7	7	0.002463
9	1	0.007593
9	9	0.002469
7	7	0.002432
7	7	0.002419
12	12	0.002494
12	12	0.002623
7	7	0.002533
7	7	0.002454
7	7	0.002449
6	1	0.004692
6	1	0.005005
6	1	0.004788
30	26	0.005904
31	28	0.005763
17	14	0.005853
13	10	0.006144
17	12	0.007265
9	9	0.002565
7	7	0.002384
7	7	0.002408
9	9	0.002527
7	1	0.004783
7	7	0.002501
6	6	0.002496
6	6	0.002551
6	6	0.002625
6	6	0.002471
8	8	0.002484
13	13	0.002810
8	8	0.003247
8	8	0.002435
7	7	0.002497
10	6	0.005188
6	1	0.004703
39	36	0.006030
18	16	0.005587
13	13	0.002516
31	28	0.005753
20	20	0.002905
16	12	0.005624
17	14	0.005634
17	16	0.005658
17	12	0.006325
17	12	0.006264
8	8	0.002473
7	7	0.002507
7	1	0.006280
31	29	0.006704
12	12	0.002758
9	9	0.002491
7	7	0.002492
9	9	0.002467
10	10	0.002506
19	19	0.002595
8	8	0.002490
8	8	0.002655
6	6	0.002711
6	6	0.002465
6	6	0.002507
6	6	0.002478
8	8	0.002448
7	7	0.002473
16	16	0.002886
6	1	0.005356
10	9	0.005217
15	15	0.002761
20	20	0.003936
31	28	0.006180
20	20	0.002589
17	14	0.005583
17	16	0.005516
17	14	0.005498
17	17	0.002758
11	10	0.005423
17	16	0.005786
18	15	0.006479
17	12	0.006351
15	12	0.006125
17	12	0.005603
8	8	0.002529
19	18	0.005375
9	6	0.005288
8	8	0.002454
8	1	0.004761
7	7	0.002490
7	7	0.002432
19	15	0.006742
6	6	0.002448
6	6	0.002488
6	6	0.002940
6	6	0.002680
6	6	0.002477
8	8	0.002404
9	9	0.002463
7	7	0.002426
7	7	0.002453
9	9	0.002588
8	8	0.002493
8	7	0.005066
6	1	0.005026
6	1	0.005997
6	1	0.005148
6	1	0.006000
12	12	0.002554
13	13	0.002893
31	28	0.006228
30	29	0.005982
20	20	0.002612
20	20	0.002681
17	14	0.006025
17	16	0.005652
17	12	0.006304
17	14	0.006624
14	11	0.006698
31	28	0.005821
7	7	0.002428
9	9	0.002441
9	9	0.002490
8	8	0.002463
7	7	0.002412
7	7	0.002484
6	6	0.002481
6	6	0.002380
6	6	0.002636
6	6	0.003292
12	12	0.002584
9	9	0.002451
8	8	0.002524
9	9	0.002432
14	14	0.003874
8	8	0.002989
16	16	0.002786
11	7	0.005152
25	25	0.003120
19	18	0.005670
19	18	0.005821
10	10	0.002538
7	7	0.003710
21	1	0.009198
21	19	0.005908
18	16	0.005493
33	25	0.006737
31	27	0.005908
20	20	0.002611
16	16	0.002545
17	17	0.002619
14	14	0.002502
13	13	0.002530
13	10	0.005770
17	17	0.002954
13	10	0.005300
9	9	0.002535
8	8	0.002670
21	18	0.005500
8	8	0.002498
18	18	0.002639
13	13	0.002502
11	11	0.002559
15	15	0.002536
7	7	0.002562
7	1	0.007550
9	9	0.002456
7	1	0.008581
10	10	0.002510
9	9	0.002552
7	7	0.002714
5	5	0.002465
5	5	0.002807
5	5	0.002375
5	5	0.002435
5	5	0.002499
9	9	0.002640
7	7	0.002494
7	7	0.002468
7	1	0.004655
7	7	0.002455
7	7	0.002507
6	1	0.005159
6	1	0.005785
6	1	0.004750
8	8	0.002443
29	28	0.005651
13	13	0.002554
18	15	0.005212
20	20	0.002605
29	29	0.002872
16	12	0.005239
17	14	0.005405
17	14	0.005484
17	14	0.005283
17	16	0.005580
10	8	0.005196
8	8	0.002968
7	7	0.002542
9	9	0.002739
9	9	0.003026
9	9	0.002858
8	8	0.003212
7	7	0.002425
7	7	0.002459
10	10	0.002570
6	6	0.002401
6	6	0.002573
6	6	0.002509
7	6	0.005043
20	19	0.006574
12	11	0.005161
7	6	0.004902
7	6	0.005019
7	7	0.002643
17	14	0.005488
17	14	0.005534
7	7	0.002658
31	28	0.006015
15	15	0.003097
13	13	0.002879
8	8	0.002531
8	8	0.002583
7	7	0.002646
18	15	0.005757
7	7	0.002680
4	4	0.002856
4	4	0.002551
4	4	0.002583
4	4	0.002452
4	4	0.002597
4	4	0.002566
4	4	0.002417
11	9	0.006136
16	16	0.002971
16	15	0.006323
16	15	0.005794
6	6	0.002546
5	1	0.005011
5	5	0.002516
10	9	0.006768
7	7	0.002551
7	7	0.002588
5	1	0.004941
5	1	0.004976
5	4	0.005237
5	1	0.005653
5	1	0.006257
5	1	0.005720
8	8	0.002482
18	18	0.002813
5	5	0.002492
26	24	0.005335
12	11	0.005040
25	23	0.006759
4	4	0.002467
4	4	0.002433
4	4	0.002766
4	4	0.002421
4	4	0.002395
4	4	0.002420
4	4	0.002449
13	12	0.006041
7	7	0.002474
8	8	0.002496
8	8	0.002464
8	8	0.002418
5	1	0.005640
5	1	0.004773
9	9	0.002483
6	4	0.006706
6	6	0.002579
4	1	0.004758
4	1	0.004747
9	9	0.002610
7	7	0.002505
5	1	0.004797
6	1	0.004719
5	1	0.004827
6	1	0.004938
8	8	0.003525
14	13	0.005100
17	16	0.006322
8	8	0.002477
7	7	0.002500
7	7	0.002503
5	1	0.004796
5	1	0.004709
5	1	0.004626
5	1	0.004831
5	1	0.005070
5	1	0.004912
5	1	0.004750
5	1	0.004769
5	1	0.004713
5	1	0.004922
5	1	0.005697
5	1	0.004772
5	1	0.004720
5	1	0.005119
5	1	0.005885
31	29	0.006869
7	7	0.002471
7	7	0.002467
6	6	0.002544
8	8	0.002426
17	17	0.002799
12	12	0.002720
7	7	0.002403
7	7	0.002489
5	5	0.002502
5	5	0.002355
5	5	0.002409
5	5	0.002475
5	5	0.002566
4	4	0.002868
4	4	0.002559
4	4	0.002851
4	4	0.002565
4	4	0.002414
14	14	0.002534
14	14	0.002476
7	7	0.002577
10	1	0.008883
8	8	0.002510
6	6	0.002435
10	10	0.002693
4	1	0.004834
4	1	0.004734
6	6	0.002447
6	1	0.004659
5	1	0.005028
5	1	0.005624
6	1	0.005246
10	1	0.007423
10	1	0.007517
5	1	0.004837
5	1	0.004869
5	1	0.004768
5	1	0.005216
5	1	0.004755
5	1	0.004814
5	1	0.004647
5	5	0.002463
5	5	0.002475
4	4	0.002363
4	4	0.002425
4	4	0.002440
4	4	0.002396
8	8	0.002810
8	8	0.003267
5	5	0.002477
5	5	0.002407
9	9	0.002675
5	1	0.004799
5	5	0.002610
5	5	0.002604
18	18	0.002660
7	6	0.005499
7	7	0.002865
9	9	0.003375
20	18	0.005182
13	13	0.002767
8	8	0.002443
14	14	0.002573
7	7	0.002460
7	5	0.004871
7	7	0.002604
7	7	0.002404
13	13	0.002695
6	1	0.004691
6	1	0.005320
6	1	0.005045
34	30	0.006811
31	29	0.006648
31	29	0.005646
17	14	0.005437
8	8	0.002546
13	1	0.008632
9	9	0.002649
7	1	0.005134
7	1	0.005251
8	8	0.002552
8	8	0.002643
8	8	0.002619
7	7	0.003691
7	7	0.002564
8	8	0.003137
10	10	0.002794
8	8	0.002578
6	6	0.002476
6	6	0.002732
8	8	0.002506
6	6	0.002575
6	6	0.002535
6	4	0.005043
6	6	0.002723
5	5	0.002679
5	5	0.003227
5	1	0.005169
5	5	0.002740
5	5	0.002672
5	5	0.003145
3	3	0.002881
3	3	0.002533
3	3	0.003006
3	3	0.003006
3	3	0.002498
3	3	0.002439
3	3	0.002449
3	3	0.002525
3	3	0.002504
3	3	0.002620
3	3	0.002497
3	3	0.002570
3	3	0.002502
3	3	0.002413
3	3	0.002491
3	3	0.002633
3	3	0.002661
3	3	0.002694
3	3	0.003212
3	3	0.002515
3	3	0.002686
3	3	0.002613
20	19	0.006076
8	8	0.002802
7	7	0.002617
6	6	0.003150
5	1	0.005815
8	8	0.002798
4	4	0.002627
5	5	0.002637
5	5	0.003267
5	5	0.002807
5	5	0.003047
5	5	0.003045
6	6	0.002794
5	5	0.002812
10	10	0.002855
3	1	0.005407
3	1	0.005357
3	1	0.006339
3	1	0.005721
3	1	0.006143
3	1	0.005880
3	1	0.005115
3	1	0.005801
3	1	0.004954
3	1	0.006481
9	1	0.006049
7	1	0.005228
5	5	0.002524
5	3	0.005897
5	5	0.002544
7	7	0.002774
6	6	0.002715
5	1	0.004795
5	1	0.005805
10	9	0.005627
6	6	0.002508
4	1	0.004858
15	1	0.007837
6	1	0.004995
7	7	0.002809
6	6	0.002500
5	1	0.004779
5	1	0.006228
5	5	0.002428
14	13	0.005226
9	9	0.002487
5	1	0.004707
5	1	0.004747
5	1	0.004866
5	1	0.005969
5	1	0.004831
5	1	0.006070
5	1	0.004723
5	1	0.004858
5	1	0.004782
5	1	0.004961
5	1	0.005697
5	1	0.004711
5	1	0.004786
5	1	0.004764
5	1	0.004749
5	1	0.004917
7	7	0.002473
17	16	0.006043
7	7	0.002569
6	6	0.002456
7	7	0.002462
6	6	0.003536
8	8	0.002778
5	5	0.003069
5	5	0.002839
5	5	0.002454
5	5	0.002510
5	5	0.002472
7	7	0.002464
6	5	0.004963
4	4	0.002347
4	4	0.002411
4	4	0.002492
4	4	0.002429
4	4	0.002596
4	4	0.002833
4	4	0.002883
6	1	0.004812
5	5	0.002428
5	5	0.002533
5	5	0.002533
5	1	0.005851
4	4	0.002765
4	4	0.002365
4	1	0.004829
5	1	0.004725
5	1	0.005909
5	1	0.006069
5	5	0.002712
5	5	0.003533
9	7	0.005399
10	1	0.007548
10	10	0.002603
17	14	0.005448
13	13	0.002598
4	4	0.002395
4	4	0.002330
4	4	0.002443
28	28	0.002707
5	5	0.002409
5	5	0.002940
7	7	0.002919
6	6	0.002485
7	7	0.002629
5	1	0.005071
3	3	0.002390
3	3	0.002514
3	3	0.002621
3	3	0.002433
3	3	0.002627
3	3	0.002610
3	3	0.002394
3	3	0.002417
3	3	0.002406
3	3	0.002427
3	3	0.003314
3	3	0.002433
3	3	0.002322
6	6	0.002529
5	5	0.002610
16	16	0.002523
5	5	0.002660
4	1	0.004830
5	1	0.004697
4	4	0.002417
4	4	0.002433
14	13	0.005150
10	10	0.002669
5	4	0.007008
3	1	0.006613
3	1	0.005632
3	1	0.006208
3	1	0.006068
10	8	0.005892
10	8	0.005808
12	12	0.003094
10	10	0.002763
10	8	0.005584
9	7	0.005401
10	8	0.005777
12	10	0.005667
10	10	0.002859
13	13	0.002695
6	6	0.002607
14	12	0.006581
6	1	0.006131
7	7	0.003176
5	1	0.006248
4	1	0.005774
17	14	0.005670
6	6	0.002561
5	1	0.005427
8	8	0.002688
5	1	0.004898
5	1	0.005951
5	1	0.006156
5	1	0.005466
5	1	0.005667
5	1	0.005601
5	1	0.004776
5	1	0.004779
5	1	0.005880
5	1	0.004885
5	1	0.004744
5	1	0.004924
5	1	0.005059
5	1	0.004912
5	1	0.004842
5	1	0.004780
18	16	0.005774
9	9	0.002545
31	29	0.006533
7	7	0.003124
8	8	0.002891
7	7	0.002813
7	1	0.005780
8	8	0.002677
5	5	0.002507
5	5	0.002626
5	5	0.002593
5	5	0.002486
8	8	0.002705
4	4	0.002681
4	4	0.002515
4	4	0.002822
4	4	0.003412
4	4	0.003446
4	4	0.002841
4	1	0.004901
7	7	0.002743
5	5	0.002543
20	20	0.002720
4	1	0.004909
5	1	0.004930
5	1	0.004818
5	1	0.004804
5	1	0.004784
6	6	0.002503
5	1	0.005992
4	4	0.002431
4	4	0.002352
4	4	0.002396
6	1	0.004785
6	1	0.005518
3	3	0.002773
3	3	0.002466
3	3	0.002704
3	3	0.003294
3	3	0.002620
3	3	0.002494
3	3	0.002727
3	3	0.002562
3	3	0.002459
3	3	0.002413
3	3	0.002438
3	3	0.002494
3	3	0.002398
3	3	0.003244
3	3	0.003020
7	4	0.005552
9	4	0.006584
14	14	0.003001
4	1	0.004813
13	13	0.002590
4	4	0.002427
4	4	0.002412
4	4	0.002509
4	4	0.002462
4	4	0.002433
9	8	0.006659
3	1	0.005303
3	1	0.004901
3	1	0.005754
10	8	0.005280
11	7	0.005267
5	1	0.005425
6	6	0.002563
6	6	0.002634
6	1	0.006076
5	1	0.005224
5	1	0.006331
5	1	0.005390
5	1	0.004760
5	1	0.005495
7	7	0.002894
5	5	0.002578
4	4	0.002471
4	4	0.002571
4	4	0.002498
4	4	0.002699
13	10	0.006014
5	1	0.004915
4	4	0.002472
5	1	0.004832
12	12	0.002611
6	6	0.002471
4	4	0.002425
6	1	0.005617
5	5	0.003681
5	5	0.002963
14	12	0.005608
7	7	0.003152
3	3	0.002837
3	3	0.002497
3	3	0.002472
3	3	0.002502
3	3	0.002454
3	3	0.002439
3	3	0.002423
3	3	0.002505
3	3	0.002432
3	3	0.002476
3	3	0.002412
3	3	0.002417
3	3	0.003071
3	3	0.002853
3	3	0.002493
12	12	0.002863
7	1	0.004924
10	1	0.004763
5	3	0.006727
13	10	0.006515
27	26	0.006095
22	20	0.006286
17	16	0.006883
6	5	0.005054
8	8	0.002567
4	1	0.004711
5	5	0.002477
5	1	0.004837
4	4	0.003266
11	11	0.003333
6	6	0.002599
3	1	0.005998
3	1	0.005455
3	1	0.005125
3	1	0.004946
3	1	0.004861
3	1	0.004717
3	1	0.004890
3	1	0.005099
3	1	0.005068
3	1	0.006234
3	1	0.005366
6	6	0.002617
6	6	0.002777
6	6	0.003174
33	32	0.006755
7	7	0.003305
6	6	0.002539
5	1	0.005741
5	5	0.002837
5	1	0.004876
4	1	0.004787
4	1	0.004943
7	7	0.002546
6	6	0.002452
13	13	0.002730
5	1	0.005061
5	1	0.005552
5	5	0.003256
5	1	0.004890
5	1	0.005117
8	8	0.002574
5	1	0.004864
5	1	0.005059
5	1	0.004834
5	1	0.004694
5	1	0.004766
5	1	0.004991
5	1	0.004780
5	1	0.005052
5	1	0.005730
5	1	0.004877
5	1	0.004900
5	1	0.005924
5	1	0.005342
8	8	0.003346
31	25	0.006325
6	6	0.002677
6	6	0.002625
18	15	0.005611
5	5	0.003311
5	5	0.002604
5	5	0.002556
7	7	0.002610
4	4	0.003153
4	4	0.002790
4	4	0.002447
9	9	0.002580
6	1	0.005002
4	4	0.002511
4	1	0.004793
5	5	0.003136
5	1	0.005043
14	14	0.002815
5	1	0.004770
4	4	0.002486
4	4	0.002438
4	4	0.002433
5	5	0.002748
5	5	0.003065
6	5	0.005469
6	2	0.004642
3	3	0.003237
3	3	0.002732
3	3	0.002445
3	3	0.002346
3	3	0.002461
3	3	0.002443
3	3	0.002399
3	3	0.002385
3	3	0.002406
3	3	0.002643
3	3	0.003263
8	2	0.005239
7	5	0.005007
7	3	0.004948
5	3	0.004682
5	3	0.004742
4	1	0.004702
4	1	0.004866
4	1	0.005176
4	1	0.005949
8	6	0.005103
21	14	0.005773
6	4	0.005860
6	1	0.005095
5	3	0.005856
18	15	0.005893
16	14	0.005590
13	11	0.005449
5	3	0.004614
3	1	0.004881
3	1	0.004777
3	1	0.006037
3	1	0.004872
3	1	0.004860
3	1	0.005079
3	1	0.005125
3	1	0.005470
6	1	0.005048
6	1	0.005620
9	7	0.004827
6	1	0.005398
7	5	0.005077
5	1	0.004938
5	3	0.005786
5	3	0.004754
5	3	0.004620
5	3	0.005686
6	4	0.005950
6	4	0.004896
5	1	0.005470
5	1	0.005107
7	5	0.005217
9	7	0.005252
4	1	0.005694
7	5	0.006596
7	5	0.005328
5	1	0.006144
5	1	0.006233
5	1	0.005602
18	14	0.005977
14	12	0.006257
5	1	0.006213
5	1	0.005045
5	1	0.005043
5	1	0.005093
5	1	0.005082
5	1	0.005097
5	1	0.005375
5	1	0.005938
5	1	0.005749
5	1	0.005890
5	1	0.005930
5	1	0.005870
5	1	0.005418
5	1	0.006802
5	1	0.005564
5	1	0.005252
5	1	0.005362
8	6	0.005104
8	6	0.005425
7	5	0.005753
8	6	0.006032
13	11	0.007030
8	6	0.005032
7	5	0.005919
7	5	0.005007
8	6	0.004924
8	6	0.006088
5	3	0.004873
5	3	0.005142
5	3	0.005965
5	3	0.004900
5	3	0.004786
7	5	0.004967
4	2	0.004825
4	2	0.004727
4	2	0.004727
4	2	0.004832
4	2	0.004920
4	2	0.004865
4	2	0.005185
5	1	0.004943
5	1	0.004777
5	1	0.005006
5	1	0.005056
5	1	0.004708
6	1	0.008801
7	5	0.006181
4	2	0.005979
4	2	0.004904
8	6	0.004914
6	4	0.004851
8	1	0.005387
8	1	0.005145
8	6	0.004752
5	3	0.004601
11	9	0.006570
6	4	0.005140
5	3	0.004994
5	1	0.005978
5	1	0.005158
4	2	0.004910
8	6	0.005337
5	3	0.005997
5	3	0.005549
5	3	0.005691
5	3	0.005492
5	3	0.006115
12	10	0.005020
12	10	0.005038
12	10	0.004843
6	3	0.004871
7	5	0.004973
6	4	0.004906
5	1	0.004813
3	1	0.004620
3	1	0.004927
3	1	0.005679
3	1	0.005500
3	1	0.004599
3	1	0.004814
3	1	0.004657
3	1	0.004589
3	1	0.004735
3	1	0.004987
3	1	0.005468
3	1	0.004634
3	1	0.004506
3	1	0.004619
3	1	0.005815
3	1	0.004637
3	1	0.004801
3	1	0.004693
3	3	0.002581
3	3	0.002679
8	8	0.002661
6	6	0.003288
6	6	0.003472
5	5	0.002814
6	6	0.002845
4	1	0.005163
10	10	0.002812
7	7	0.002634
7	7	0.003355
14	13	0.006216
14	13	0.006627
7	7	0.002749
14	13	0.005964
3	1	0.004953
3	1	0.005786
3	1	0.005324
3	1	0.006007
3	1	0.005610
10	8	0.006771
6	1	0.006091
24	24	0.002905
7	7	0.003442
7	7	0.002978
8	8	0.003562
6	6	0.003097
4	1	0.005193
4	1	0.005148
7	7	0.002701
5	1	0.005144
5	1	0.006276
5	1	0.005153
5	1	0.005078
7	7	0.002667
6	1	0.006122
5	1	0.006361
5	1	0.005290
5	1	0.005127
5	1	0.006105
5	1	0.005165
5	1	0.005365
5	1	0.005068
5	1	0.005112
5	1	0.005180
5	1	0.005092
5	1	0.005293
5	1	0.005674
5	1	0.006458
5	1	0.006443
5	1	0.007589
5	1	0.006410
5	1	0.005490
5	1	0.005221
8	8	0.002988
8	8	0.002895
7	7	0.003050
6	6	0.003041
7	7	0.002919
8	8	0.002970
7	7	0.003045
17	16	0.006542
6	6	0.003159
5	5	0.003232
5	5	0.003002
5	5	0.002874
5	5	0.003014
7	7	0.003039
4	4	0.002918
4	4	0.002803
4	4	0.003072
4	4	0.002911
4	4	0.002833
5	5	0.003067
5	5	0.003265
5	5	0.002952
5	1	0.005918
5	1	0.006775
5	1	0.005973
5	1	0.006128
5	1	0.006156
5	5	0.003239
7	7	0.003294
6	6	0.003218
4	4	0.003579
4	4	0.003509
5	5	0.003128
5	1	0.006621
5	1	0.006174
4	4	0.003152
5	5	0.003100
5	5	0.003076
5	5	0.003178
5	5	0.003090
7	7	0.003054
6	5	0.006268
10	10	0.003390
5	5	0.003238
3	3	0.003242
3	3	0.003205
3	3	0.003197
3	3	0.003240
3	3	0.003223
3	3	0.003142
3	3	0.003225
3	3	0.003622
3	3	0.003255
3	3	0.003161
3	3	0.003129
3	3	0.003236
3	3	0.003270
3	3	0.003130
3	3	0.003253
3	3	0.003270
8	7	0.006487
11	11	0.003450
6	1	0.006476
16	16	0.003559
16	16	0.003619
5	5	0.003365
4	1	0.006574
9	9	0.003593
6	6	0.003615
14	13	0.007399
10	10	0.003516
5	5	0.003313
9	7	0.006793
7	5	0.007090
7	5	0.007447
3	1	0.007096
3	1	0.006951
3	1	0.006863
3	1	0.006904
3	1	0.007128
3	1	0.007387
3	1	0.007345
3	1	0.007286
3	1	0.007542
3	1	0.007313
10	10	0.003917
7	7	0.003809
6	6	0.003830
7	7	0.004208
6	6	0.004230
6	6	0.004074
7	7	0.004161
6	6	0.004288
4	1	0.009048
11	10	0.008877
18	17	0.009843
18	17	0.009340
5	1	0.008130
5	1	0.008257
6	1	0.007959
6	1	0.007928
7	7	0.004765
6	6	0.004265
8	8	0.004303
5	1	0.008230
5	1	0.009194
5	1	0.008822
5	1	0.008611
5	1	0.010122
5	1	0.009171
5	1	0.007956
5	1	0.008682
5	1	0.008509
5	1	0.008127
5	1	0.008304
5	1	0.008222
5	1	0.009400
5	1	0.008293
7	1	0.008078
10	10	0.004266
6	6	0.004209
6	6	0.004513
5	5	0.004230
5	5	0.004175
5	5	0.004358
5	5	0.004812
7	7	0.004670
4	4	0.004658
4	4	0.005091
4	4	0.004422
4	4	0.004550
5	5	0.004345
10	10	0.004370
5	1	0.008364
12	12	0.004425
6	1	0.008085
5	1	0.008069
5	1	0.008163
4	4	0.004237
4	4	0.004514
5	5	0.004388
5	5	0.004306
5	5	0.004792
8	8	0.004821
8	8	0.004503
10	10	0.003401
3	3	0.003262
3	3	0.003224
3	3	0.003672
3	3	0.003633
3	3	0.003776
3	3	0.003360
3	3	0.003106
3	3	0.003443
3	3	0.003510
3	3	0.003081
3	3	0.002968
16	16	0.003245
15	14	0.005932
15	14	0.005748
6	3	0.005614
4	1	0.005095
5	1	0.005993
3	1	0.006126
3	1	0.005315
5	5	0.002636
6	6	0.003298
6	3	0.006038
10	7	0.005768
4	1	0.005718
4	4	0.002693
15	15	0.002787
27	23	0.006337
15	15	0.003234
10	10	0.002944
8	7	0.005908
21	21	0.003397
3	1	0.004978
3	1	0.005055
3	1	0.005251
11	11	0.003098
6	1	0.005490
15	15	0.002882
18	18	0.002736
6	1	0.005384
17	16	0.006189
5	1	0.006296
4	1	0.005704
4	1	0.006144
7	7	0.002922
7	7	0.003019
5	1	0.005841
5	5	0.002866
6	6	0.002829
6	6	0.002928
9	9	0.002917
5	1	0.005517
5	1	0.006065
5	1	0.005383
5	1	0.006026
5	1	0.005389
5	1	0.005848
5	1	0.005490
5	1	0.007202
5	1	0.006330
16	16	0.003042
5	5	0.002979
5	5	0.003113
6	5	0.005838
4	4	0.002719
4	4	0.002675
4	4	0.002649
15	15	0.002712
4	4	0.002648
6	6	0.002681
6	6	0.002675
5	1	0.005049
4	4	0.002876
6	6	0.003458
6	6	0.002988
6	6	0.002691
6	6	0.002625
5	5	0.002572
5	5	0.002760
5	5	0.002823
5	5	0.002739
5	5	0.002620
5	5	0.002607
16	16	0.003995
3	3	0.003425
3	3	0.002966
3	3	0.003125
3	3	0.002802
3	3	0.002788
3	3	0.003139
3	3	0.003399
3	3	0.002726
3	3	0.002609
3	3	0.002618
3	3	0.002802
3	3	0.002656
3	3	0.002651
3	3	0.002594
7	4	0.005703
15	11	0.005471
10	9	0.005539
10	7	0.006839
10	10	0.003659
3	1	0.004955
4	4	0.002691
3	3	0.002661
15	14	0.005682
25	25	0.002930
25	24	0.005845
20	20	0.002730
6	6	0.002656
6	6	0.002866
5	5	0.002694
3	1	0.005951
3	1	0.005519
8	8	0.002669
22	19	0.005828
10	6	0.007191
8	8	0.003073
8	8	0.002664
6	1	0.005256
5	1	0.006002
5	1	0.006314
5	1	0.005400
5	1	0.005112
5	1	0.005130
5	1	0.005518
5	1	0.005194
5	1	0.005855
5	1	0.005281
5	1	0.005932
4	1	0.006468
5	1	0.005087
4	4	0.002622
4	4	0.002687
4	4	0.002591
5	1	0.006037
4	4	0.002673
11	9	0.005596
14	14	0.002778
11	11	0.002783
11	11	0.003079
4	4	0.003379
5	5	0.003020
6	1	0.005998
3	3	0.002716
3	3	0.002647
3	3	0.002585
3	3	0.002725
3	3	0.002587
3	3	0.002606
3	3	0.002621
3	3	0.002580
3	3	0.002667
3	3	0.002650
3	3	0.002644
3	3	0.003153
9	7	0.005910
19	19	0.003696
19	19	0.003268
11	10	0.005431
5	5	0.002675
5	5	0.002655
14	14	0.002696
14	14	0.002767
7	7	0.002729
4	1	0.005094
5	5	0.002579
13	13	0.002889
6	1	0.005629
6	1	0.006102
10	8	0.006626
13	13	0.003987
30	30	0.003370
4	4	0.002866
16	12	0.006220
16	16	0.002815
5	3	0.006265
17	14	0.005693
5	5	0.002767
15	15	0.002849
25	24	0.006966
9	7	0.005481
27	22	0.006362
34	30	0.007942
28	28	0.003175
14	13	0.006485
14	13	0.005610
10	8	0.005849
10	10	0.002712
10	10	0.002753
10	10	0.002653
16	16	0.002783
14	14	0.002753
32	29	0.005878
17	17	0.002803
10	10	0.002950
10	10	0.003528
9	9	0.002832
9	9	0.002693
9	9	0.002975
7	7	0.003585
7	7	0.002819
7	7	0.002933
9	7	0.006263
9	7	0.005839
10	10	0.002916
7	7	0.003575
9	8	0.005463
10	10	0.002987
5	5	0.003591
5	5	0.002821
10	10	0.003197
5	5	0.002712
3	1	0.005971
3	1	0.005475
3	1	0.005175
3	1	0.004854
3	1	0.004811
3	1	0.004879
3	1	0.005982
3	1	0.004804
3	1	0.005863
3	1	0.004717
3	1	0.005938
3	1	0.006664
3	1	0.005896
3	1	0.005446
3	1	0.005192
5	5	0.002660
8	8	0.002699
7	7	0.002726
5	1	0.005289
6	6	0.002748
9	9	0.002868
5	1	0.005126
13	11	0.005467
5	1	0.005253
5	1	0.005158
5	1	0.006316
5	1	0.005141
5	1	0.005130
5	1	0.005128
5	1	0.005236
5	1	0.005188
5	1	0.005153
5	1	0.005181
8	8	0.002773
5	5	0.002827
5	5	0.003153
6	6	0.003587
6	6	0.002941
4	4	0.003133
4	4	0.003588
4	4	0.003143
4	4	0.002931
4	4	0.003015
5	1	0.006899
4	4	0.003330
4	4	0.003764
4	1	0.005880
5	5	0.002887
6	6	0.003391
4	4	0.003277
5	5	0.002989
5	5	0.003064
12	12	0.003216
5	5	0.002962
5	3	0.005762
5	5	0.002961
5	5	0.002873
6	2	0.006127
9	9	0.003438
5	5	0.002935
3	3	0.003763
3	3	0.003281
3	3	0.003253
3	3	0.003803
3	3	0.003296
3	3	0.003603
3	3	0.003152
3	3	0.003696
3	3	0.002902
3	3	0.002840
3	3	0.002802
3	3	0.002836
3	3	0.002819
3	3	0.002795
3	3	0.002822
6	6	0.002942
14	14	0.003028
34	31	0.006537
34	31	0.006857
34	33	0.008563
34	33	0.006512
5	1	0.005584
5	1	0.005443
4	4	0.002835
4	4	0.002923
13	13	0.003037
7	7	0.003402
5	5	0.003307
3	1	0.005460
3	1	0.007002
3	1	0.005310
3	1	0.005181
3	1	0.005323
3	1	0.005644
3	1	0.005481
11	11	0.002976
9	9	0.002880
6	5	0.006844
6	6	0.003070
11	10	0.006955
5	1	0.005329
5	1	0.005416
10	10	0.002810
5	5	0.002669
4	1	0.005211
5	1	0.005317
5	1	0.005029
5	1	0.005152
6	6	0.002744
8	8	0.002729
5	1	0.005521
5	1	0.006163
5	1	0.005265
5	1	0.005850
5	1	0.005253
5	1	0.005209
5	1	0.005254
5	1	0.006052
5	1	0.005524
5	1	0.005197
5	1	0.005799
5	1	0.006576
5	1	0.006331
8	8	0.003287
9	9	0.002907
7	7	0.002620
6	6	0.002927
7	7	0.002928
5	5	0.002740
5	5	0.002734
5	5	0.002670
5	5	0.003534
5	5	0.003055
7	7	0.002731
6	6	0.002695
4	4	0.002746
4	4	0.002687
4	4	0.002651
4	4	0.002942
10	10	0.003289
5	1	0.005554
5	1	0.005092
5	1	0.005100
5	1	0.005259
4	4	0.002669
4	4	0.002675
11	11	0.003073
5	1	0.005581
5	1	0.005586
5	1	0.005197
8	8	0.002745
15	15	0.002796
6	1	0.005218
5	5	0.002622
6	1	0.005375
7	1	0.005498
19	19	0.003606
8	1	0.005821
8	1	0.006025
11	11	0.003381
11	11	0.003736
11	11	0.003684
11	11	0.002977
11	11	0.003656
11	11	0.003133
11	11	0.003019
11	11	0.003452
7	7	0.003256
8	8	0.002937
5	1	0.005455
5	1	0.006213
4	4	0.003397
4	4	0.002972
4	4	0.003413
9	9	0.002877
5	5	0.002674
5	5	0.002761
6	5	0.005555
6	6	0.002773
3	3	0.002834
3	3	0.002687
3	3	0.002579
3	3	0.002613
3	3	0.002616
3	3	0.002543
3	3	0.002562
3	3	0.002536
3	3	0.002621
3	3	0.002612
3	3	0.002591
3	3	0.002593
3	3	0.002856
6	6	0.003428
8	4	0.006506
6	6	0.002978
6	3	0.006720
6	1	0.004830
6	6	0.002731
6	6	0.002712
4	1	0.005136
34	30	0.006878
4	4	0.003634
4	4	0.003024
4	4	0.002788
14	14	0.002984
13	13	0.002752
3	1	0.005121
3	1	0.005273
3	1	0.005066
9	5	0.005550
7	7	0.003492
5	5	0.002904
5	5	0.002709
5	5	0.002645
7	7	0.002756
5	1	0.004986
4	1	0.006019
4	1	0.005383
5	1	0.005159
5	1	0.005011
5	1	0.005091
5	1	0.006168
5	1	0.005219
5	1	0.006040
5	1	0.005321
5	1	0.006391
5	1	0.006199
5	1	0.006134
5	1	0.005094
5	1	0.005169
5	1	0.005136
5	5	0.002861
4	4	0.002845
4	4	0.002684
4	4	0.002719
4	4	0.002681
5	1	0.005155
4	4	0.002662
4	4	0.002712
4	1	0.005331
7	7	0.002756
5	1	0.005206
15	14	0.005727
6	6	0.002729
4	4	0.002671
6	6	0.003307
6	6	0.003012
4	4	0.002700
4	4	0.002733
4	4	0.003043
5	5	0.003520
7	7	0.002857
6	6	0.002770
5	1	0.005425
3	3	0.002698
3	3	0.002821
3	3	0.003533
3	3	0.002755
3	3	0.002715
3	3	0.002710
3	3	0.002735
3	3	0.002673
3	3	0.002699
3	3	0.002785
3	3	0.002699
3	3	0.002674
3	3	0.002737
3	3	0.002992
3	3	0.002672
3	3	0.002638
5	5	0.002667
11	11	0.002814
4	1	0.005661
7	7	0.003704
3	1	0.005430
3	1	0.006928
5	5	0.003027
8	8	0.002897
5	1	0.005337
5	1	0.005439
5	1	0.005308
5	1	0.005566
5	1	0.005349
5	1	0.005369
4	4	0.003184
4	4	0.003207
7	7	0.003127
4	4	0.002729
4	4	0.002735
4	4	0.003009
4	1	0.006383
9	9	0.002977
20	20	0.003366
7	7	0.003667
5	1	0.005704
5	5	0.002843
5	5	0.002797
3	3	0.002758
3	3	0.002736
3	3	0.002608
3	3	0.002622
3	3	0.002678
3	3	0.002633
3	3	0.002627
3	3	0.002593
3	3	0.002625
3	3	0.002673
3	3	0.002654
3	3	0.002653
3	3	0.002737
3	3	0.002713
25	21	0.005853
25	21	0.005718
14	14	0.002816
13	13	0.002753
4	1	0.005232
7	5	0.005290
7	7	0.002709
14	13	0.005637
3	1	0.005126
3	1	0.005281
3	1	0.005246
5	5	0.002727
5	5	0.002645
5	5	0.002694
5	5	0.002708
7	7	0.002635
9	9	0.002745
22	22	0.003632
7	1	0.005334
8	8	0.002784
6	6	0.002739
4	1	0.005194
9	9	0.002720
6	6	0.002656
6	6	0.002645
5	5	0.002657
13	10	0.005509
8	8	0.002703
5	1	0.005191
5	1	0.006795
5	1	0.006432
5	1	0.005418
5	1	0.005137
5	1	0.006320
5	1	0.005381
5	1	0.007423
5	1	0.005689
5	1	0.005248
5	1	0.005247
8	8	0.002856
6	1	0.005061
7	7	0.002664
13	13	0.002734
5	5	0.002670
5	5	0.002594
5	5	0.002655
5	5	0.002770
4	4	0.002644
4	4	0.002881
4	4	0.002564
4	4	0.002541
4	4	0.002619
4	1	0.005021
5	5	0.002607
5	5	0.002557
5	5	0.002533
4	4	0.002489
4	4	0.002570
5	1	0.005133
10	1	0.005083
10	1	0.005067
5	1	0.006020
5	1	0.005122
5	5	0.002899
4	1	0.006505
11	11	0.002923
16	15	0.005482
5	1	0.005037
4	4	0.002579
4	4	0.002578
4	4	0.002611
5	5	0.002563
5	5	0.002554
7	7	0.002589
13	13	0.002649
3	3	0.002582
3	3	0.003269
3	3	0.002594
3	3	0.002664
3	3	0.002647
3	3	0.002561
3	3	0.002546
3	3	0.002532
3	3	0.002633
3	3	0.002629
3	3	0.002564
3	3	0.002547
3	3	0.002610
3	3	0.002519
3	3	0.002769
3	3	0.003636
5	1	0.005104
11	11	0.003385
8	4	0.005591
11	11	0.003058
7	7	0.002660
5	5	0.002635
11	11	0.002854
6	1	0.004999
10	10	0.002608
14	13	0.005483
3	1	0.006291
3	1	0.005247
3	1	0.005552
3	1	0.005380
3	1	0.005109
10	10	0.002727
16	9	0.005735
5	1	0.005112
5	1	0.005015
5	1	0.005901
5	1	0.005046
5	1	0.005124
5	1	0.004992
5	1	0.005020
5	1	0.005043
5	1	0.005043
5	1	0.005040
4	4	0.002600
4	4	0.002596
4	4	0.002591
4	4	0.002537
6	4	0.005234
4	1	0.004991
8	7	0.005288
8	7	0.005251
4	1	0.004944
4	1	0.005157
5	1	0.005018
5	1	0.005496
5	5	0.002580
6	6	0.003093
6	6	0.002849
4	4	0.003646
16	16	0.002703
24	24	0.002851
24	24	0.002890
3	3	0.002542
3	3	0.002557
3	3	0.003203
3	3	0.002515
3	3	0.002692
3	3	0.002740
3	3	0.002525
3	3	0.002620
3	3	0.002534
3	3	0.002919
3	3	0.002670
3	3	0.002536
3	3	0.002793
44	44	0.004245
23	23	0.003042
13	12	0.006553
13	13	0.002503
8	5	0.005956
8	5	0.005358
10	10	0.002365
20	18	0.006550
14	14	0.002501
12	12	0.002733
20	15	0.005192
9	9	0.003854
8	8	0.002668
16	16	0.002376
16	16	0.002328
16	16	0.002491
12	12	0.002503
24	20	0.006575
24	20	0.005579
11	9	0.005366
30	30	0.002959
14	12	0.005076
12	9	0.008373
16	14	0.005947
13	5	0.005171
10	10	0.002423
12	10	0.005904
17	15	0.005570
24	24	0.002879
7	7	0.002301
9	9	0.002351
14	14	0.002720
13	13	0.003742
13	13	0.002980
13	13	0.002652
20	20	0.002588
21	11	0.005346
9	9	0.003328
23	23	0.002983
10	10	0.002709
11	6	0.005362
11	6	0.006398
11	10	0.005258
11	10	0.005079
7	7	0.002689
8	8	0.002599
16	16	0.002911
12	12	0.003318
9	9	0.002723
10	7	0.005288
9	9	0.002265
9	9	0.002308
10	7	0.005397
8	6	0.005158
7	7	0.002248
8	8	0.002448
9	9	0.002687
7	7	0.002599
9	9	0.002425
6	3	0.004761
6	5	0.004842
6	5	0.005227
6	5	0.005150
25	25	0.002386
15	9	0.005960
20	13	0.006760
8	7	0.006906
14	7	0.005438
14	7	0.005217
14	14	0.002485
22	6	0.007812
39	39	0.003030
6	6	0.002292
6	6	0.002185
16	16	0.002682
6	6	0.002321
8	8	0.002230
9	9	0.003347
6	6	0.002526
18	18	0.002524
20	19	0.006351
10	10	0.002559
10	10	0.002719
12	12	0.002808
14	14	0.002790
33	26	0.007010
11	9	0.005316
29	23	0.005770
9	9	0.002639
26	23	0.006952
20	18	0.005225
16	16	0.002721
15	15	0.003042
15	15	0.002703
13	13	0.002560
13	13	0.002664
13	13	0.002663
13	13	0.002793
14	14	0.002835
12	10	0.005485
12	10	0.005337
15	15	0.002736
12	9	0.005308
15	15	0.002547
27	18	0.005647
12	12	0.002418
12	12	0.002515
29	29	0.002739
10	8	0.005138
10	8	0.005078
8	6	0.004909
14	10	0.005142
26	18	0.005516
16	16	0.002579
11	11	0.002506
6	4	0.005107
5	5	0.002481
11	11	0.002467
6	6	0.002427
6	6	0.002422
7	7	0.002584
17	17	0.002793
5	3	0.005091
7	7	0.002428
20	20	0.002899
5	5	0.002898
7	7	0.002653
17	17	0.002862
10	10	0.002490
11	11	0.002562
6	6	0.003522
6	6	0.002404
5	5	0.002309
5	5	0.002387
14	11	0.005332
14	11	0.006086
6	6	0.002459
6	6	0.002478
6	6	0.002474
5	5	0.002655
7	7	0.002643
7	7	0.002447
5	5	0.002494
10	10	0.003511
5	5	0.002470
6	5	0.005264
6	5	0.006118
5	5	0.002714
5	3	0.005175
7	5	0.005227
15	14	0.005449
9	7	0.004897
17	17	0.002751
20	20	0.002647
12	10	0.005665
5	5	0.002463
13	13	0.002519
20	20	0.002592
9	9	0.002477
6	6	0.002399
9	9	0.002439
6	1	0.005802
6	6	0.002824
7	7	0.002462
7	7	0.002473
5	5	0.002402
5	5	0.002569
35	35	0.003056
7	7	0.002548
20	20	0.003087
6	6	0.003460
5	1	0.004757
9	5	0.004903
7	7	0.002447
16	14	0.005448
13	11	0.005690
16	14	0.005946
6	1	0.005146
16	16	0.002744
16	16	0.002803
9	9	0.002698
9	9	0.002808
7	4	0.005225
7	4	0.006486
18	18	0.002777
6	5	0.005229
5	5	0.002563
39	33	0.009589
5	5	0.003183
7	4	0.005650
6	6	0.002624
51	51	0.003127
7	7	0.002635
10	10	0.002599
6	4	0.006000
12	10	0.005718
7	4	0.005203
7	4	0.005202
8	5	0.005243
5	5	0.002590
19	13	0.005845
5	5	0.002617
46	42	0.006165
23	20	0.005617
9	9	0.002660
8	8	0.002707
9	7	0.004970
34	33	0.005693
15	8	0.005155
14	14	0.003857
14	14	0.002884
14	14	0.002684
20	15	0.006466
20	15	0.005500
13	9	0.005377
13	13	0.002661
24	21	0.005522
9	7	0.004863
7	7	0.002233
7	5	0.005742
12	12	0.002520
13	13	0.002517
10	8	0.005329
11	11	0.002487
7	5	0.005007
12	12	0.002471
12	10	0.005278
6	5	0.005152
7	6	0.006510
22	19	0.006539
13	13	0.002810
13	10	0.006571
9	9	0.002936
7	5	0.006130
16	9	0.005458
15	15	0.002614
8	8	0.002468
7	1	0.004668
16	14	0.005359
16	16	0.002853
9	9	0.002532
16	16	0.002745
22	21	0.007004
26	20	0.005778
13	13	0.002485
13	13	0.002433
12	11	0.006160
13	12	0.004990
8	1	0.005788
11	11	0.002723
15	13	0.005530
11	11	0.002482
11	11	0.002476
17	13	0.005759
16	12	0.006417
22	22	0.002800
9	9	0.002236
9	9	0.002266
11	10	0.005219
11	11	0.002310
37	37	0.002938
21	21	0.002792
14	14	0.002707
10	6	0.005334
8	6	0.005300
11	10	0.005083
14	5	0.005139
7	7	0.002297
6	6	0.002562
8	8	0.002914
32	32	0.002779
13	13	0.002548
10	10	0.002607
10	8	0.005311
11	11	0.002759
20	17	0.006832
31	30	0.006217
23	22	0.006439
15	14	0.005574
18	15	0.005569
11	8	0.006458
10	9	0.006322
12	7	0.005813
23	22	0.006053
8	3	0.004657
8	3	0.004624
9	3	0.005275
10	5	0.005259
10	9	0.005255
31	28	0.006997
35	35	0.004432
12	11	0.007140
8	8	0.002487
14	13	0.006526
17	16	0.005295
13	10	0.005370
14	14	0.002498
16	15	0.005455
19	12	0.005362
26	23	0.005584
21	18	0.005474
15	8	0.008013
13	10	0.005302
21	18	0.006415
19	16	0.005488
19	16	0.005471
15	12	0.005275
15	12	0.005407
19	19	0.002577
13	10	0.005284
13	10	0.006260
13	10	0.005233
20	18	0.005869
14	14	0.003638
16	13	0.005473
14	14	0.002555
12	8	0.005175
9	7	0.005150
11	9	0.006277
11	9	0.006700
44	41	0.006373
25	22	0.005937
25	23	0.007144
26	22	0.005816
11	9	0.005357
10	8	0.005255
10	8	0.005301
11	9	0.005247
9	7	0.005225
10	8	0.005308
13	11	0.005352
23	21	0.005671
24	23	0.005619
23	21	0.005965
9	3	0.005319
27	21	0.005748
27	21	0.005785
13	11	0.005681
10	7	0.005786
9	9	0.002681
22	22	0.003128
12	12	0.002709
7	7	0.002463
10	6	0.005228
18	16	0.005540
13	10	0.005065
15	5	0.005183
6	6	0.003489
10	10	0.002447
8	8	0.002432
7	7	0.002458
26	25	0.005956
8	8	0.003271
10	5	0.007574
6	6	0.002561
10	6	0.006346
6	6	0.002480
12	6	0.005195
8	8	0.002466
8	8	0.002481
6	6	0.002475
12	10	0.005282
26	25	0.005678
6	6	0.002404
14	14	0.002568
28	10	0.006914
13	13	0.002531
7	7	0.003578
9	9	0.002743
13	10	0.005707
10	10	0.002902
10	9	0.005245
9	9	0.002215
8	7	0.005142
7	4	0.005679
20	13	0.008579
8	4	0.005724
8	4	0.005875
42	38	0.006144
42	38	0.006002
21	19	0.005217
13	13	0.002545
22	19	0.006229
35	28	0.006538
35	31	0.005985
19	15	0.005241
17	14	0.005520
18	16	0.005557
18	16	0.006383
18	16	0.006617
14	14	0.002761
30	30	0.002688
8	6	0.005267
9	9	0.002523
32	28	0.005723
9	7	0.005331
10	8	0.005288
10	8	0.005230
19	17	0.007099
19	17	0.005590
18	17	0.005514
12	11	0.005411
12	9	0.006674
10	10	0.002426
12	12	0.002515
10	10	0.002424
10	10	0.002440
8	5	0.006497
9	8	0.005285
9	8	0.005288
9	9	0.002525
9	8	0.005235
9	9	0.002488
20	16	0.005489
18	16	0.005575
21	19	0.005521
15	1	0.008789
8	8	0.002449
15	13	0.005902
18	17	0.005525
10	10	0.002432
17	17	0.002511
7	7	0.002631
6	6	0.002401
10	10	0.002433
7	7	0.002269
10	10	0.002449
8	8	0.002437
10	10	0.002297
14	14	0.003122
42	41	0.007252
9	7	0.005245
8	8	0.002579
8	8	0.002749
18	18	0.002643
8	8	0.003382
8	8	0.002529
7	7	0.002470
7	7	0.002489
8	8	0.002458
8	8	0.003463
14	14	0.002886
7	7	0.002472
8	8	0.002441
8	3	0.005053
8	8	0.002697
7	7	0.002931
18	18	0.002830
18	18	0.002562
10	10	0.002423
6	6	0.002272
7	7	0.003741
7	7	0.002516
6	6	0.002498
6	6	0.002274
10	10	0.002468
9	7	0.005224
6	6	0.002315
7	7	0.002632
35	31	0.005813
6	6	0.002214
6	6	0.002242
8	8	0.002433
10	10	0.002309
9	9	0.002549
8	7	0.005236
7	7	0.002664
10	10	0.002488
12	10	0.005047
30	28	0.006191
30	27	0.006879
15	15	0.002701
9	9	0.002512
8	8	0.002431
12	12	0.002630
9	3	0.004766
9	9	0.003474
10	10	0.003432
13	13	0.002889
9	7	0.005201
11	11	0.002606
10	10	0.002682
10	10	0.002520
10	10	0.002639
10	10	0.002730
7	7	0.002478
7	7	0.002459
16	14	0.005251
9	9	0.002466
18	18	0.003012
14	14	0.003160
11	11	0.002943
10	10	0.003349
7	5	0.005195
9	7	0.005310
8	7	0.005232
10	9	0.005161
18	18	0.002788
10	10	0.002680
11	11	0.003190
17	17	0.003924
5	3	0.005012
11	11	0.002530
5	5	0.002438
5	5	0.002606
7	3	0.005145
6	5	0.005315
7	5	0.005190
5	5	0.002204
14	13	0.005238
6	6	0.002439
5	1	0.004853
10	5	0.005023
10	10	0.002337
9	9	0.002515
11	11	0.002274
5	5	0.002227
8	8	0.002462
7	7	0.002290
8	8	0.002498
8	8	0.002489
10	8	0.004969
10	10	0.002550
10	10	0.002478
9	9	0.002708
9	9	0.003408
9	9	0.002416
10	10	0.002734
6	3	0.005130
20	14	0.005553
17	14	0.006027
17	14	0.006644
19	15	0.005554
17	16	0.006617
14	14	0.002689
5	5	0.002671
15	15	0.002740
5	5	0.002251
12	9	0.005426
6	6	0.002255
5	5	0.002233
7	7	0.002620
5	5	0.002575
5	5	0.002422
8	8	0.002526
10	9	0.005056
10	5	0.005081
7	7	0.002607
8	8	0.002311
9	9	0.002653
6	6	0.002441
7	7	0.002276
5	5	0.002259
5	5	0.002216
15	14	0.005449
11	11	0.002543
8	8	0.002320
18	17	0.005690
11	11	0.002451
10	10	0.002507
23	23	0.002839
8	8	0.002525
14	14	0.002485
10	10	0.002276
19	17	0.006653
12	12	0.002493
14	12	0.005078
8	8	0.002826
7	7	0.002958
7	7	0.002384
6	6	0.002487
5	5	0.002314
9	9	0.002263
19	19	0.002606
11	9	0.006199
12	12	0.002524
7	7	0.002656
7	7	0.002410
11	8	0.005182
9	9	0.002684
8	8	0.002453
9	9	0.002498
11	9	0.005401
19	18	0.005403
5	5	0.002718
46	46	0.003101
9	9	0.003270
8	8	0.002399
5	5	0.002292
5	5	0.002292
12	12	0.002473
7	7	0.002441
9	9	0.002642
5	5	0.002311
5	5	0.002510
5	5	0.003181
5	5	0.002137
10	10	0.002536
13	12	0.006606
6	6	0.002539
8	8	0.003084
6	6	0.002246
48	47	0.006302
5	5	0.002487
5	5	0.002204
5	5	0.002180
5	5	0.002200
5	5	0.002497
9	5	0.006023
6	6	0.002276
7	7	0.002706
18	18	0.002722
7	7	0.002556
15	15	0.002556
6	6	0.002492
5	5	0.002252
14	14	0.002362
7	7	0.002396
5	5	0.002845
7	7	0.003022
5	5	0.002548
5	5	0.003554
5	5	0.002716
5	5	0.002552
7	7	0.003516
5	5	0.002280
10	10	0.002700
8	8	0.002253
6	6	0.002227
15	15	0.002718
12	9	0.005215
5	5	0.002237
5	5	0.002245
16	16	0.002521
11	10	0.005545
7	7	0.002991
6	6	0.002454
5	5	0.002226
6	6	0.002784
12	12	0.002951
5	5	0.002712
10	10	0.002601
13	13	0.002927
7	7	0.002290
7	7	0.002369
6	6	0.002370
16	7	0.005794
16	14	0.005520
5	5	0.002204
11	11	0.002261
7	7	0.003669
7	7	0.002740
5	5	0.002484
5	5	0.003448
10	9	0.005373
10	5	0.005880
8	8	0.002427
9	9	0.002943
7	7	0.002624
5	5	0.002656
8	8	0.002443
6	5	0.005328
14	13	0.005140
5	5	0.002248
5	5	0.002470
13	12	0.007045
6	6	0.002283
48	47	0.007502
37	36	0.005582
5	5	0.002243
5	5	0.002204
5	5	0.002282
15	15	0.002681
24	24	0.002818
16	13	0.005685
16	16	0.002715
28	27	0.005861
37	37	0.002972
28	28	0.002851
28	28	0.002806
28	28	0.002876
24	24	0.002851
44	43	0.006082
24	24	0.002787
14	14	0.002691
16	16	0.003346
16	16	0.002564
16	16	0.002731
16	16	0.002720
15	15	0.002683
6	6	0.002455
7	7	0.002721
5	5	0.002475
19	18	0.005861
10	1	0.008076
6	6	0.002464
7	7	0.002259
16	16	0.002730
9	9	0.002292
5	5	0.002896
6	6	0.003110
6	6	0.002369
5	5	0.003182
5	5	0.002737
12	12	0.002475
19	15	0.009536
12	12	0.003324
7	7	0.002427
23	20	0.005442
7	7	0.002524
11	11	0.002510
5	5	0.002457
5	5	0.002231
5	5	0.002293
15	6	0.005237
10	10	0.002695
7	7	0.002486
8	8	0.002240
10	10	0.002824
15	15	0.003328
5	5	0.002840
17	14	0.005734
10	10	0.002599
10	10	0.002582
8	8	0.002590
34	32	0.007015
8	8	0.002777
7	7	0.002520
7	7	0.002521
7	7	0.002460
18	16	0.005443
8	8	0.002495
7	7	0.002482
6	6	0.002939
8	8	0.003625
8	8	0.002421
9	8	0.005261
9	8	0.005216
9	9	0.002504
15	13	0.005075
24	24	0.002889
8	8	0.002749
6	6	0.002688
8	8	0.002724
6	6	0.002590
6	6	0.002494
14	14	0.002793
16	16	0.002696
6	6	0.002544
6	6	0.002646
20	19	0.005582
8	8	0.002544
6	6	0.003173
11	11	0.003816
6	6	0.002958
14	14	0.002645
11	11	0.002594
11	11	0.002630
9	9	0.003476
7	7	0.002838
6	6	0.002528
6	4	0.005326
6	1	0.006257
5	1	0.006286
5	1	0.006467
7	5	0.006137
35	35	0.003741
9	9	0.003700
18	18	0.003816
6	6	0.003010
7	7	0.002572
6	6	0.002609
6	6	0.003307
6	6	0.002541
6	6	0.003253
6	6	0.002822
6	6	0.003419
50	50	0.003553
6	6	0.002791
7	7	0.002564
9	9	0.002676
5	5	0.002461
5	5	0.002474
7	6	0.006078
11	7	0.006578
7	7	0.002483
11	11	0.002746
14	14	0.002817
13	13	0.002801
12	12	0.002780
12	12	0.002785
7	7	0.002750
12	12	0.002724
12	10	0.005890
14	14	0.002797
6	6	0.002663
11	10	0.005336
7	7	0.002652
7	7	0.002618
6	3	0.007693
6	5	0.005069
7	7	0.002827
7	7	0.002557
7	7	0.002441
8	8	0.002466
10	10	0.002615
13	13	0.003358
12	12	0.002845
9	9	0.002639
7	7	0.002684
8	8	0.002651
4	3	0.005112
8	7	0.005296
6	5	0.005231
6	5	0.005225
9	7	0.005255
13	12	0.005411
13	12	0.005792
6	5	0.005337
6	5	0.005229
6	1	0.005815
4	3	0.005289
4	1	0.004845
4	3	0.005151
4	3	0.005288
9	5	0.005546
6	5	0.005213
4	1	0.004754
4	1	0.005230
5	1	0.005530
5	4	0.005292
9	7	0.005400
4	3	0.005540
4	3	0.005993
4	1	0.004854
4	1	0.005221
53	49	0.007693
4	3	0.006563
13	10	0.005535
11	10	0.005465
4	3	0.005297
18	17	0.005742
4	1	0.005155
6	5	0.006561
4	3	0.005309
25	24	0.005785
5	4	0.006559
4	3	0.005177
4	3	0.005069
18	17	0.005649
52	49	0.006613
25	24	0.006896
6	1	0.005248
4	3	0.006258
7	4	0.006042
5	4	0.005493
4	3	0.005176
4	3	0.005285
4	3	0.005613
5	4	0.005382
27	26	0.005750
10	9	0.005566
6	1	0.006687
4	3	0.005609
4	3	0.006246
11	10	0.005768
6	5	0.007278
6	1	0.007000
16	15	0.006444
4	3	0.005212
4	3	0.005187
4	3	0.006369
25	23	0.006083
52	47	0.007530
50	49	0.007488
30	27	0.006333
50	49	0.006303
53	45	0.006376
25	24	0.005686
42	39	0.005956
50	49	0.006166
25	23	0.005687
15	14	0.005358
40	38	0.005950
15	14	0.006481
15	14	0.005987
15	14	0.005516
50	43	0.007067
25	24	0.006171
50	49	0.006337
42	39	0.007473
22	19	0.005745
25	22	0.006198
25	24	0.005917
50	47	0.007409
50	47	0.006289
51	48	0.007215
50	49	0.006781
29	27	0.005784
41	37	0.005995
40	38	0.006039
51	48	0.006256
42	39	0.006239
42	39	0.007106
42	39	0.006024
50	49	0.006365
50	49	0.006146
42	37	0.006027
42	41	0.006091
51	50	0.006100
41	37	0.006019
41	37	0.005850
42	39	0.006082
29	28	0.007185
41	37	0.006041
42	39	0.006202
42	39	0.006042
25	24	0.006314
24	23	0.006787
50	49	0.006408
51	48	0.006343
22	21	0.006147
21	20	0.006687
25	24	0.005819
50	49	0.006414
53	47	0.006390
50	49	0.006366
25	23	0.005828
15	14	0.005430
50	47	0.007154
47	46	0.008147
25	24	0.006675
25	24	0.006043
50	49	0.006550
25	22	0.005900
22	21	0.007647
35	33	0.006623
7	6	0.005390
42	39	0.006091
42	41	0.006956
5	4	0.005605
42	39	0.006283
4	3	0.005314
4	3	0.005060
7	6	0.005271
4	1	0.006162
4	1	0.006295
6	5	0.005465
5	4	0.005360
4	1	0.005158
5	4	0.005307
5	4	0.006074
6	1	0.005083
6	1	0.006347
5	4	0.005366
10	9	0.005491
9	8	0.005461
41	37	0.007024
42	39	0.006697
30	29	0.005985
25	24	0.005923
4	3	0.005151
11	11	0.002544
12	12	0.002701
11	9	0.005389
11	10	0.006520
13	13	0.002731
13	13	0.002727
12	12	0.002654
11	11	0.003203
11	10	0.005088
16	16	0.002632
14	14	0.002718
12	11	0.005589
11	11	0.002489
12	12	0.002556
8	8	0.002767
7	1	0.005621
7	6	0.005124
11	11	0.002585
16	12	0.006530
16	15	0.005574
6	6	0.002548
6	1	0.004800
6	1	0.004983
10	10	0.003545
28	24	0.006005
14	14	0.002719
12	12	0.002591
11	11	0.002782
8	7	0.005453
11	11	0.002604
11	10	0.005215
8	7	0.006256
10	9	0.005842
10	9	0.006149
10	9	0.005799
8	7	0.005421
8	8	0.002614
17	11	0.005878
11	9	0.005770
12	11	0.005951
12	11	0.007200
12	11	0.005603
8	7	0.006245
18	18	0.002995
8	8	0.002976
21	11	0.009421
11	11	0.002622
9	9	0.002958
9	9	0.002889
8	8	0.002548
8	7	0.005383
11	6	0.005024
6	6	0.002397
9	9	0.002447
13	9	0.005370
16	1	0.007561
7	7	0.002577
7	7	0.003125
7	7	0.003439
47	46	0.007259
8	8	0.002580
26	22	0.005917
26	22	0.006181
7	6	0.006165
9	9	0.003043
6	6	0.003467
6	6	0.003214
7	6	0.005344
7	7	0.002745
6	3	0.006322
6	3	0.006158
7	7	0.002582
7	6	0.005342
7	3	0.005500
8	1	0.007794
5	5	0.002492
5	5	0.002402
5	5	0.002459
5	5	0.002741
5	5	0.002777
5	5	0.002435
5	5	0.002473
5	5	0.002519
5	5	0.002369
6	6	0.002486
5	5	0.003072
5	5	0.002767
5	5	0.002634
10	10	0.002522
7	7	0.002545
5	5	0.002715
6	6	0.003452
7	7	0.002923
6	6	0.003301
5	5	0.003005
20	17	0.007129
6	3	0.005631
24	23	0.005910
14	7	0.005305
14	7	0.005261
11	8	0.005449
6	6	0.003289
6	6	0.003155
6	6	0.003188
5	5	0.002436
5	5	0.002490
5	5	0.002421
5	5	0.002395
10	10	0.002716
5	5	0.002397
9	9	0.002507
9	9	0.002666
9	9	0.002643
5	5	0.002445
5	5	0.002435
5	5	0.002397
5	5	0.002475
9	9	0.002525
6	6	0.002461
15	15	0.002578
15	15	0.002572
5	3	0.006095
5	3	0.005170
5	3	0.005388
18	16	0.005709
7	7	0.002781
7	7	0.003323
7	6	0.005396
6	6	0.002517
21	18	0.005749
23	23	0.002723
8	8	0.002515
13	13	0.002591
5	5	0.002470
15	15	0.002862
5	5	0.003266
25	21	0.005866
5	5	0.002639
29	29	0.002953
6	6	0.002468
12	12	0.002453
20	19	0.005329
12	12	0.002571
11	11	0.002539
9	9	0.002661
5	5	0.003268
5	5	0.003063
27	27	0.003180
7	7	0.002645
11	11	0.002503
29	29	0.002779
14	10	0.005400
14	10	0.005351
14	10	0.005402
24	21	0.006875
8	7	0.005495
7	6	0.005303
7	6	0.005328
7	6	0.005256
7	6	0.005555
9	9	0.003103
26	24	0.006512
5	3	0.005256
6	1	0.005186
5	3	0.006354
5	3	0.005274
5	3	0.006193
6	1	0.005298
7	5	0.005415
5	1	0.004881
6	1	0.006103
6	1	0.006371
7	1	0.005504
5	3	0.005940
6	1	0.005349
33	29	0.006910
20	17	0.007101
17	13	0.006761
20	1	0.009759
16	15	0.005743
20	19	0.005799
20	19	0.006041
25	24	0.005782
14	13	0.005618
17	13	0.005620
16	11	0.005391
17	13	0.005548
8	7	0.005715
8	7	0.006357
7	6	0.006117
8	7	0.005375
9	8	0.006592
9	8	0.005544
9	8	0.005824
19	18	0.005580
9	8	0.005300
7	6	0.005215
7	6	0.005225
7	6	0.005221
7	6	0.005274
7	6	0.006383
7	6	0.005430
7	7	0.003605
7	7	0.002957
7	6	0.005244
7	6	0.005241
18	17	0.005640
17	16	0.005632
6	6	0.003234
7	6	0.005665
7	7	0.002947
6	6	0.003320
15	14	0.005739
5	5	0.003546
6	5	0.005724
6	6	0.002625
9	9	0.002544
9	8	0.005392
10	10	0.002690
6	6	0.002624
5	5	0.002456
7	7	0.002545
6	5	0.006190
8	8	0.003547
6	5	0.005676
6	5	0.005376
6	5	0.005316
10	10	0.002750
5	5	0.002446
6	6	0.002656
6	5	0.006296
6	6	0.002976
7	7	0.002690
8	7	0.005564
11	11	0.003055
11	7	0.006150
9	8	0.006611
7	6	0.005441
6	6	0.002668
10	1	0.006602
7	7	0.003088
17	13	0.005704
16	16	0.003480
7	7	0.002792
53	44	0.006532
7	5	0.004981
6	6	0.002509
10	8	0.005770
8	8	0.003149
7	7	0.002788
16	16	0.002783
8	8	0.002399
4	4	0.002481
4	2	0.004910
5	5	0.002407
4	4	0.002417
8	8	0.002658
5	4	0.005912
5	5	0.002548
7	7	0.002480
6	6	0.003240
4	4	0.002819
4	4	0.002446
5	5	0.002475
4	4	0.002978
4	4	0.003282
16	16	0.003248
5	5	0.002574
4	4	0.002548
4	4	0.002462
4	4	0.002484
4	4	0.002625
4	4	0.002604
7	6	0.005428
8	8	0.002632
5	5	0.003455
5	5	0.002747
5	5	0.002638
8	8	0.002715
6	6	0.002801
6	6	0.003641
4	4	0.004395
4	4	0.002580
5	5	0.002733
4	4	0.003495
4	4	0.002683
7	4	0.005195
5	5	0.003404
5	5	0.002560
18	17	0.005703
9	4	0.006389
10	10	0.002734
7	7	0.002468
7	7	0.002460
4	4	0.002482
4	4	0.002510
4	4	0.002623
11	11	0.002741
14	14	0.003147
11	11	0.002849
44	38	0.007239
11	11	0.002643
14	13	0.005241
13	13	0.002593
5	5	0.002557
6	4	0.005786
6	4	0.005396
6	4	0.006440
6	4	0.005087
4	4	0.002424
4	4	0.002443
4	4	0.002479
4	4	0.002398
7	7	0.002508
4	4	0.002438
4	4	0.002447
4	4	0.003246
4	4	0.002891
10	10	0.002569
6	6	0.002482
9	9	0.002528
8	8	0.002453
4	4	0.002436
4	4	0.002480
4	2	0.004864
4	4	0.002618
10	10	0.002792
8	8	0.002568
8	8	0.002456
8	8	0.002465
6	6	0.002679
6	6	0.002603
5	5	0.002403
6	6	0.002708
12	6	0.005074
8	8	0.003221
11	6	0.005687
4	4	0.002429
4	4	0.002426
4	4	0.002499
10	8	0.005256
6	2	0.005061
4	4	0.002384
4	4	0.002415
4	2	0.004890
4	4	0.003400
6	6	0.002994
6	6	0.002733
10	10	0.002666
4	4	0.002445
5	5	0.002452
5	5	0.002660
4	4	0.002733
4	4	0.003244
6	6	0.002696
4	4	0.002422
4	4	0.002488
4	4	0.002452
6	6	0.002517
5	5	0.002541
6	2	0.005311
4	4	0.003250
4	4	0.002478
44	39	0.008542
16	16	0.002829
4	4	0.002472
4	4	0.002644
4	4	0.002739
4	4	0.002691
13	13	0.002817
6	6	0.002705
5	4	0.005318
5	5	0.002419
5	5	0.002600
8	8	0.002696
6	6	0.002602
6	6	0.002423
6	2	0.005045
4	4	0.002423
4	4	0.002403
4	4	0.002459
5	5	0.003487
5	5	0.002772
4	4	0.002405
4	4	0.002439
16	16	0.002624
6	5	0.005438
4	4	0.002472
4	4	0.002660
6	6	0.003481
5	4	0.005683
5	5	0.002667
5	5	0.002442
5	5	0.002684
7	4	0.005298
8	8	0.002505
6	6	0.002611
4	4	0.002402
4	4	0.002406
4	4	0.002467
13	13	0.002851
5	5	0.002552
4	4	0.002465
4	4	0.002473
4	4	0.002405
4	4	0.002493
8	7	0.005404
11	11	0.002559
4	4	0.003352
4	4	0.002777
5	5	0.002785
4	4	0.003502
4	4	0.002749
7	4	0.005855
50	46	0.007736
5	4	0.005923
6	6	0.002635
5	5	0.002649
18	17	0.005709
6	6	0.002445
6	6	0.002497
5	5	0.002427
7	7	0.002558
4	4	0.002745
4	4	0.002411
4	4	0.002496
4	4	0.002434
4	4	0.002429
8	7	0.005352
7	7	0.002447
4	4	0.002418
4	4	0.002560
4	4	0.002728
4	4	0.003315
6	6	0.002737
5	5	0.002672
7	6	0.005467
4	4	0.002400
4	4	0.002759
4	4	0.003192
8	8	0.002617
6	6	0.002689
6	6	0.002729
4	4	0.003170
4	4	0.002538
4	4	0.002500
4	4	0.002635
5	5	0.002743
5	5	0.002613
4	4	0.002637
6	4	0.005203
6	4	0.005310
8	8	0.002742
19	18	0.008204
9	9	0.003202
8	6	0.005704
15	11	0.005923
27	23	0.006021
8	8	0.003364
8	2	0.005193
8	3	0.007807
10	10	0.002641
12	10	0.005017
13	13	0.002600
7	7	0.002428
9	6	0.005314
16	10	0.008604
53	49	0.006255
7	7	0.003440
8	4	0.006480
20	20	0.002626
7	7	0.002284
16	16	0.002565
13	13	0.002556
11	9	0.005362
6	6	0.002558
16	16	0.002495
21	20	0.005470
28	27	0.005759
7	7	0.002305
13	13	0.002479
7	7	0.002258
9	4	0.005504
9	9	0.002742
7	5	0.004833
6	1	0.004771
6	1	0.005039
6	1	0.004988
5	3	0.004998
29	24	0.007348
8	8	0.002675
6	6	0.002513
8	8	0.002473
31	29	0.006339
5	5	0.002309
7	5	0.006395
8	8	0.002812
5	5	0.003014
5	5	0.003237
22	19	0.006655
10	9	0.005509
12	12	0.002733
13	12	0.005665
7	6	0.006238
12	12	0.002686
13	13	0.002789
14	12	0.005514
17	12	0.007771
12	12	0.003564
15	14	0.006497
13	13	0.002565
15	15	0.002931
17	15	0.006808
17	14	0.006482
17	14	0.007550
13	12	0.005209
10	10	0.002539
25	21	0.006943
14	14	0.002668
14	14	0.002649
41	27	0.006892
41	27	0.007844
6	6	0.002475
8	7	0.004980
7	7	0.002342
12	12	0.002501
41	37	0.006060
10	10	0.002486
8	7	0.004915
6	6	0.002294
7	7	0.002309
8	8	0.002377
6	6	0.002296
17	16	0.006503
4	1	0.006050
6	3	0.005443
4	3	0.005383
4	3	0.006125
4	3	0.005207
7	6	0.005516
12	10	0.005561
4	3	0.005155
4	3	0.006420
4	3	0.005327
12	10	0.005566
8	6	0.005239
4	3	0.005245
4	3	0.005949
4	3	0.007264
4	1	0.005955
5	4	0.007103
5	4	0.005325
4	3	0.005208
4	1	0.004802
4	1	0.004740
4	1	0.004750
4	1	0.004737
4	1	0.004908
9	9	0.003476
4	4	0.002596
11	1	0.005066
6	3	0.004811
4	1	0.004591
4	3	0.005116
9	8	0.005306
4	3	0.006497
4	3	0.005268
4	3	0.005445
4	3	0.006013
4	1	0.005075
18	15	0.005853
18	15	0.006881
11	10	0.006483
10	1	0.005275
4	3	0.005192
4	3	0.005182
6	5	0.005233
9	8	0.005681
4	1	0.004701
5	1	0.004975
4	3	0.005102
4	3	0.005094
11	10	0.005759
4	3	0.005206
4	3	0.005092
4	1	0.004938
4	3	0.005865
4	3	0.005971
9	4	0.005821
12	10	0.005213
19	18	0.005517
19	18	0.005862
6	5	0.005603
4	3	0.005248
4	3	0.004998
53	49	0.006367
6	6	0.002656
8	4	0.005047
12	8	0.007688
8	8	0.002617
8	8	0.002521
12	6	0.004845
8	4	0.004739
7	7	0.002656
21	21	0.002763
6	6	0.002225
8	8	0.002709
21	19	0.005056
16	15	0.005388
7	7	0.002368
14	14	0.002510
14	14	0.002489
24	24	0.002642
7	7	0.002465
50	50	0.003086
7	7	0.002693
8	8	0.003534
8	8	0.002600
6	6	0.002389
13	13	0.002546
8	3	0.005067
8	3	0.006289
6	6	0.002384
9	9	0.002453
14	12	0.005305
11	11	0.002447
15	12	0.005315
5	5	0.002469
5	5	0.002680
7	7	0.002481
5	5	0.002418
14	13	0.005203
7	7	0.002472
5	5	0.002396
5	5	0.002309
7	7	0.002384
5	5	0.002420
5	5	0.002360
5	5	0.002464
7	7	0.002429
5	5	0.002340
5	5	0.002395
7	6	0.005542
13	13	0.002618
5	3	0.005313
14	12	0.006359
12	12	0.002483
6	6	0.002372
6	6	0.002744
6	6	0.002395
7	7	0.002720
6	6	0.003266
5	5	0.002638
7	7	0.004569
9	9	0.003024
11	8	0.006140
20	19	0.005279
7	7	0.002392
5	5	0.002268
7	5	0.004945
11	11	0.002437
5	5	0.002225
5	5	0.002359
5	5	0.002481
18	17	0.005416
6	6	0.002540
6	6	0.002589
6	6	0.002595
6	6	0.002578
7	4	0.005019
31	30	0.005819
6	6	0.002542
7	7	0.002706
26	24	0.005998
26	24	0.005809
8	8	0.002662
8	5	0.004907
11	11	0.002478
16	16	0.002740
5	5	0.002419
5	5	0.002635
5	5	0.002335
5	5	0.003524
5	5	0.002957
5	5	0.002405
5	5	0.002439
7	7	0.002396
8	7	0.005557
7	6	0.005412
7	6	0.006094
7	6	0.005268
7	6	0.005363
7	6	0.005111
8	8	0.002530
30	30	0.003087
8	7	0.005214
5	1	0.004694
6	1	0.004933
7	1	0.004951
7	1	0.005024
7	1	0.005027
7	1	0.004600
14	12	0.005012
21	19	0.005615
17	13	0.005601
35	35	0.003871
35	32	0.005885
31	27	0.005716
20	19	0.005640
16	11	0.005363
15	13	0.005534
17	13	0.005512
17	13	0.005522
17	13	0.005406
17	15	0.006166
10	9	0.005246
10	9	0.006649
6	6	0.002263
7	6	0.005281
13	4	0.007858
9	8	0.005295
13	13	0.002500
13	13	0.002481
7	6	0.005180
8	8	0.002398
7	6	0.005469
7	6	0.006409
7	6	0.005814
7	6	0.006347
9	9	0.002477
6	6	0.003363
8	8	0.002537
8	8	0.002239
8	7	0.005210
17	16	0.005571
9	7	0.004859
7	7	0.002287
5	5	0.002232
6	5	0.005322
5	5	0.002223
5	5	0.002402
5	5	0.002835
5	5	0.003089
7	7	0.002429
6	5	0.005214
5	5	0.002432
6	5	0.005311
5	5	0.002201
6	5	0.005189
6	6	0.002677
6	5	0.005960
5	5	0.002268
5	5	0.002248
6	5	0.005271
8	8	0.002651
8	8	0.002303
8	8	0.002304
8	8	0.002649
13	13	0.002553
19	13	0.007921
19	13	0.006746
19	19	0.002909
11	7	0.006602
12	12	0.002682
18	18	0.003071
15	14	0.005699
8	7	0.005320
9	9	0.002470
10	10	0.002641
8	8	0.002316
14	10	0.005418
17	17	0.002732
13	13	0.002560
9	8	0.005006
9	8	0.005624
12	12	0.002952
10	10	0.002526
10	10	0.002703
10	10	0.002777
7	6	0.005260
6	4	0.004956
6	6	0.002257
14	10	0.005476
6	6	0.002557
5	5	0.002698
12	12	0.002563
14	14	0.002536
11	11	0.002537
6	6	0.002248
6	6	0.003522
8	8	0.002383
4	4	0.002266
4	4	0.002204
22	19	0.005140
6	4	0.005284
5	5	0.002537
6	6	0.002446
11	11	0.002521
4	4	0.002286
4	4	0.002201
8	6	0.004808
12	12	0.002761
8	8	0.003495
5	5	0.002220
5	5	0.002380
8	8	0.002435
4	4	0.002260
4	4	0.002249
5	4	0.005875
4	4	0.002549
5	5	0.002403
22	20	0.005678
6	6	0.003330
5	5	0.002212
4	4	0.002209
5	4	0.005589
7	4	0.005114
4	4	0.002397
4	2	0.004651
4	4	0.002613
4	4	0.002635
7	7	0.002539
9	9	0.002353
6	6	0.002498
8	8	0.002501
8	8	0.002426
9	9	0.002299
4	4	0.002202
4	4	0.002219
4	4	0.002210
4	4	0.002229
8	8	0.002253
8	8	0.002302
4	4	0.002388
5	5	0.002397
5	5	0.002207
4	4	0.002233
4	4	0.002194
5	5	0.002785
4	4	0.002750
5	4	0.006664
9	9	0.002441
14	12	0.005400
4	4	0.002211
15	15	0.003565
6	6	0.002606
6	6	0.002217
4	4	0.002196
4	4	0.002256
6	6	0.002245
5	4	0.004986
7	6	0.004859
7	7	0.002404
6	6	0.002457
6	6	0.002508
5	5	0.002367
5	4	0.005735
12	11	0.005377
6	6	0.002398
9	9	0.002501
5	5	0.002435
7	6	0.005148
13	13	0.002494
9	9	0.002632
24	24	0.002797
13	13	0.002710
12	12	0.002845
10	10	0.003708
18	18	0.002695
6	6	0.002607
4	4	0.002435
4	4	0.002212
6	6	0.002231
13	13	0.002524
4	4	0.002134
4	4	0.002245
4	4	0.003693
4	4	0.002689
8	6	0.005265
5	5	0.002484
8	8	0.002665
4	4	0.002318
4	4	0.003171
8	7	0.004887
8	8	0.002355
17	17	0.002666
9	9	0.002295
4	4	0.002233
7	7	0.002246
14	14	0.003507
13	13	0.002822
5	5	0.002224
7	7	0.002295
4	4	0.002235
6	6	0.002274
5	5	0.002780
4	4	0.003930
4	4	0.002934
4	4	0.002705
5	5	0.002422
7	7	0.002261
6	4	0.005189
6	6	0.002424
4	4	0.002224
6	6	0.002210
8	8	0.002230
4	4	0.002246
6	6	0.002271
5	4	0.004799
49	48	0.007110
6	6	0.002631
4	4	0.002399
7	7	0.002368
4	4	0.002240
5	4	0.004787
6	6	0.002376
5	5	0.002494
4	4	0.002288
18	18	0.002688
15	15	0.002905
4	4	0.002936
4	4	0.002251
8	7	0.004987
8	8	0.002422
5	4	0.005392
5	5	0.002420
18	18	0.002709
8	8	0.002486
4	4	0.002229
10	10	0.002540
10	10	0.002687
10	10	0.002795
20	20	0.002679
16	16	0.002709
15	7	0.005209
11	11	0.002478
20	12	0.008299
28	25	0.005610
14	11	0.005351
7	7	0.002502
17	16	0.005438
17	16	0.005408
18	18	0.002703
15	14	0.006360
15	14	0.005637
8	7	0.005234
10	10	0.002469
7	7	0.002368
15	13	0.005444
15	13	0.005413
15	13	0.005191
15	13	0.005177
7	7	0.002375
6	6	0.002437
6	6	0.002686
6	6	0.002453
6	6	0.002479
9	9	0.002631
6	6	0.002522
7	7	0.002437
7	6	0.004987
7	7	0.002461
7	7	0.002560
6	6	0.002345
10	10	0.002506
7	7	0.002457
12	12	0.002461
8	8	0.002683
6	3	0.006250
6	3	0.006523
6	3	0.005175
51	49	0.006410
51	49	0.006226
9	7	0.005305
8	6	0.005135
7	1	0.005091
10	8	0.006351
11	9	0.005234
9	7	0.005200
8	6	0.005287
10	4	0.005203
8	5	0.006111
8	6	0.006249
8	6	0.005202
9	7	0.006338
11	9	0.005566
9	7	0.005199
7	1	0.004779
7	5	0.005195
7	5	0.006307
8	6	0.006491
7	1	0.004956
7	1	0.005504
9	7	0.005275
7	5	0.005570
8	4	0.005162
14	14	0.002575
14	14	0.002550
9	6	0.005244
7	3	0.005165
7	3	0.005122
6	6	0.002748
6	6	0.002525
12	12	0.002581
13	13	0.002872
12	12	0.002983
9	5	0.005703
10	7	0.005582
7	7	0.002416
10	10	0.002489
9	8	0.005229
9	8	0.005202
26	18	0.007029
45	45	0.002773
13	13	0.002575
11	11	0.002494
7	3	0.007980
5	5	0.002363
8	8	0.002537
9	9	0.002483
5	5	0.002423
5	5	0.002415
5	5	0.002383
5	5	0.002379
5	5	0.002374
8	8	0.002469
5	5	0.002401
5	3	0.004731
5	5	0.002375
8	8	0.002600
9	4	0.005584
10	10	0.002528
20	17	0.005796
9	6	0.005232
10	10	0.003123
10	10	0.002437
10	9	0.004996
8	6	0.006003
15	14	0.005665
17	17	0.002542
18	18	0.002639
13	13	0.002754
12	12	0.002696
12	12	0.002611
7	4	0.005282
7	7	0.002435
6	3	0.006533
6	3	0.005131
12	12	0.002547
20	12	0.008150
12	1	0.008425
20	12	0.008260
12	12	0.002648
7	7	0.002696
7	7	0.002655
7	6	0.005483
14	14	0.003164
15	15	0.002803
29	25	0.006512
29	25	0.005948
21	20	0.005538
23	22	0.006600
12	11	0.006174
18	16	0.006345
6	6	0.002660
17	14	0.005361
6	6	0.002491
8	7	0.005400
9	8	0.005333
46	41	0.007025
9	7	0.005623
7	7	0.003246
6	6	0.002492
6	5	0.005201
6	5	0.005149
4	3	0.005122
4	3	0.005163
4	3	0.005145
4	3	0.005085
4	3	0.005133
5	4	0.005121
4	3	0.005103
4	3	0.005185
4	3	0.005027
5	1	0.005066
4	3	0.006502
4	3	0.005497
4	3	0.005632
4	3	0.006133
12	6	0.005744
4	1	0.005108
10	9	0.005833
8	7	0.005347
6	5	0.006242
4	3	0.005325
11	10	0.005317
16	5	0.006418
8	4	0.005664
4	1	0.005743
4	1	0.005809
14	13	0.005496
6	5	0.005073
4	3	0.005701
4	3	0.005421
4	1	0.004983
4	3	0.005110
4	3	0.005185
4	3	0.005885
10	9	0.006032
10	9	0.005345
4	1	0.004686
4	3	0.005541
4	3	0.005262
4	3	0.005036
4	1	0.005055
4	1	0.005460
9	4	0.005501
5	2	0.005592
5	2	0.004645
6	3	0.005241
4	1	0.004554
6	5	0.005225
10	9	0.005398
10	9	0.005440
6	1	0.005079
5	4	0.005342
4	3	0.006201
4	3	0.005221
6	5	0.005097
4	1	0.005004
4	3	0.005169
5	4	0.005188
5	4	0.005132
4	3	0.005009
4	1	0.004742
6	5	0.005363
4	3	0.005051
4	3	0.005123
4	3	0.005190
4	3	0.005129
4	3	0.005106
4	3	0.005089
5	4	0.005479
9	8	0.006019
9	8	0.005319
12	10	0.005759
4	3	0.006162
4	3	0.005531
4	3	0.006623
4	3	0.005072
16	14	0.005475
9	6	0.004837
17	15	0.006267
7	7	0.002474
7	7	0.002401
16	16	0.003261
14	14	0.002860
14	14	0.002883
29	28	0.006351
11	10	0.005619
11	11	0.002696
6	6	0.002506
17	14	0.005814
6	6	0.003360
26	23	0.005722
8	5	0.005114
20	12	0.008273
20	12	0.008371
27	24	0.005660
7	7	0.002765
28	25	0.005815
19	17	0.006398
12	10	0.005554
11	9	0.005733
21	17	0.009389
6	6	0.002432
14	14	0.002517
17	12	0.005421
6	6	0.002623
7	6	0.005430
29	17	0.008693
23	19	0.005598
6	4	0.005341
5	3	0.005515
8	6	0.005286
7	1	0.005230
6	3	0.005302
11	9	0.005236
6	3	0.005016
6	3	0.005161
6	3	0.005519
8	7	0.005557
5	5	0.002400
6	6	0.002398
10	10	0.002529
29	19	0.010180
5	5	0.002535
5	5	0.002534
7	7	0.002803
5	5	0.002641
5	5	0.002430
5	5	0.002439
5	5	0.002470
13	13	0.002719
12	8	0.005404
10	10	0.002731
17	15	0.005478
17	15	0.005968
7	5	0.005222
6	1	0.005258
7	1	0.005785
8	6	0.006331
5	3	0.006072
5	1	0.005311
5	1	0.005230
15	15	0.002875
11	11	0.002572
8	8	0.002450
12	12	0.002523
9	9	0.002460
8	5	0.005157
8	5	0.005232
6	6	0.002389
10	10	0.002685
10	10	0.002692
8	1	0.006412
8	1	0.005338
6	6	0.002449
6	6	0.002386
24	24	0.002890
13	8	0.005294
8	7	0.005229
8	7	0.005206
9	9	0.002539
8	8	0.002465
7	7	0.002397
6	6	0.002571
6	5	0.005387
6	6	0.003532
6	5	0.006819
12	12	0.002809
5	5	0.002745
9	9	0.003312
5	5	0.002949
6	5	0.006553
7	7	0.002895
12	12	0.002786
6	6	0.002530
5	5	0.002416
9	9	0.002660
11	11	0.002573
7	7	0.002421
8	8	0.002463
7	7	0.002515
8	1	0.005980
6	3	0.005193
8	5	0.005109
8	5	0.005175
8	1	0.004790
13	13	0.002471
8	8	0.002561
6	6	0.002588
8	7	0.006273
7	1	0.005430
5	3	0.005210
5	3	0.005204
10	1	0.005016
9	1	0.005057
7	1	0.005032
5	3	0.005100
30	29	0.005800
14	14	0.002785
6	3	0.005191
10	10	0.002518
12	12	0.002555
6	6	0.002358
26	22	0.005752
10	10	0.002514
8	8	0.002415
7	7	0.002563
7	7	0.002427
5	5	0.002277
7	7	0.003659
28	17	0.008891
7	7	0.002557
7	7	0.002547
28	26	0.005661
20	16	0.005698
27	25	0.005645
20	11	0.008359
9	8	0.006605
8	8	0.003397
8	8	0.002612
24	24	0.002811
28	26	0.005709
18	16	0.005614
6	3	0.005416
6	1	0.005137
6	3	0.005228
6	3	0.005119
6	3	0.005060
6	3	0.005068
6	3	0.005104
6	3	0.005086
6	3	0.005109
6	3	0.005073
13	12	0.005481
7	3	0.005111
8	7	0.005230
20	15	0.008197
7	6	0.005660
7	6	0.005200
7	6	0.005192
7	6	0.005197
7	7	0.002539
8	8	0.002631
7	7	0.002283
6	6	0.003594
27	25	0.005942
27	25	0.005956
20	18	0.005690
29	27	0.005640
9	5	0.005210
13	9	0.005437
8	7	0.005373
11	9	0.005772
7	1	0.005160
7	1	0.004986
7	1	0.004960
7	1	0.005285
7	5	0.005213
7	5	0.005208
5	3	0.006641
5	3	0.005264
7	1	0.006152
7	1	0.005959
7	1	0.005846
7	1	0.005311
7	1	0.005356
7	5	0.005197
7	1	0.006340
5	3	0.005128
5	3	0.005080
5	3	0.005252
7	1	0.006734
7	1	0.005463
7	1	0.005875
20	13	0.008535
28	26	0.005827
15	13	0.005424
15	13	0.005399
15	13	0.005427
20	18	0.005592
20	13	0.008230
7	1	0.005050
7	1	0.005022
7	1	0.005054
6	1	0.005275
20	13	0.010461
7	1	0.005324
7	1	0.005545
7	1	0.005005
5	1	0.004714
5	1	0.005161
27	25	0.005712
7	1	0.004964
7	1	0.005033
7	1	0.005049
6	1	0.005046
7	1	0.006222
7	1	0.005123
6	1	0.005211
6	1	0.005066
6	2	0.004804
7	1	0.005400
7	1	0.006289
30	28	0.006201
20	13	0.008243
29	27	0.005804
7	1	0.005020
7	1	0.005022
26	24	0.006506
20	13	0.009691
20	13	0.008244
20	13	0.008575
27	25	0.005880
29	27	0.005905
20	12	0.009685
19	17	0.005485
20	13	0.008303
28	25	0.005743
7	1	0.005071
7	1	0.005287
7	1	0.005865
7	1	0.005246
7	1	0.005307
7	1	0.005195
7	1	0.005141
7	1	0.005120
7	1	0.005513
7	1	0.005075
7	1	0.006209
7	1	0.005097
7	1	0.005230
7	1	0.005088
7	1	0.005050
7	1	0.005331
7	1	0.005786
7	1	0.005110
7	1	0.006179
7	1	0.005111
7	1	0.005056
30	28	0.006511
29	27	0.005878
20	13	0.008420
20	13	0.008675
20	13	0.011382
30	28	0.007036
20	18	0.006143
20	13	0.008457
20	18	0.005570
16	14	0.005503
16	14	0.005519
26	24	0.006722
24	22	0.005816
9	7	0.005448
7	5	0.005266
7	5	0.006083
7	5	0.005854
7	5	0.005606
7	5	0.005245
20	13	0.008411
20	13	0.008381
20	13	0.008432
7	1	0.005433
7	5	0.005276
7	1	0.005123
7	1	0.005101
7	1	0.005008
7	1	0.005017
20	13	0.008367
6	4	0.005388
6	4	0.005438
6	4	0.005158
6	4	0.005264
7	1	0.005201
7	1	0.005897
7	1	0.005895
5	3	0.006234
29	26	0.006273
7	1	0.005179
7	1	0.006433
7	1	0.005426
7	1	0.005081
7	1	0.005011
7	1	0.005062
9	1	0.005172
30	28	0.005885
7	5	0.006413
29	27	0.006293
7	1	0.005148
7	1	0.005016
7	1	0.005115
7	1	0.005061
7	1	0.006214
7	1	0.005042
7	1	0.005180
7	1	0.005213
20	13	0.008355
7	1	0.005365
7	1	0.005880
7	1	0.005184
15	13	0.006803
7	5	0.005378
20	1	0.008901
20	16	0.005700
27	25	0.006524
16	16	0.003220
11	11	0.002787
34	31	0.006127
17	16	0.006433
16	15	0.006157
22	19	0.007045
18	1	0.013247
17	15	0.006703
17	13	0.006138
17	13	0.005623
18	14	0.005631
11	9	0.005854
13	10	0.005658
9	9	0.002799
24	24	0.002989
17	11	0.006421
10	8	0.005674
20	13	0.009389
28	26	0.006524
6	1	0.004818
15	15	0.002914
10	10	0.002850
27	25	0.005823
20	13	0.009617
30	28	0.006693
20	13	0.008799
7	4	0.005501
9	9	0.002671
7	7	0.002443
7	7	0.003457
7	7	0.003019
19	19	0.003013
7	6	0.005398
9	8	0.005498
12	11	0.005607
9	9	0.002711
7	6	0.005418
7	6	0.006502
7	6	0.005623
7	6	0.006487
7	6	0.005358
7	6	0.006346
6	3	0.006237
10	9	0.005813
28	26	0.006002
28	26	0.005782
27	25	0.006004
46	41	0.007269
14	13	0.006835
10	7	0.006324
11	7	0.005445
18	17	0.006839
9	8	0.005883
7	5	0.005301
7	5	0.005246
6	5	0.005324
5	5	0.002536
5	5	0.002425
5	5	0.002564
13	13	0.002490
7	5	0.005330
6	5	0.005218
6	5	0.006343
5	5	0.002467
7	5	0.005330
7	5	0.005293
28	28	0.002961
6	5	0.005293
6	5	0.005251
6	6	0.002636
15	15	0.002787
6	5	0.006503
7	5	0.006482
7	5	0.006475
7	5	0.005484
7	7	0.002732
7	7	0.002682
6	5	0.006475
6	5	0.005948
6	5	0.005948
6	5	0.006091
9	9	0.003080
5	5	0.002436
15	15	0.002666
5	5	0.002674
5	5	0.003270
7	5	0.005485
6	5	0.005375
8	8	0.002614
9	6	0.005162
18	15	0.005915
17	17	0.002794
8	8	0.002604
8	8	0.002706
8	4	0.005190
10	9	0.007212
7	7	0.002512
8	8	0.002647
17	17	0.002682
23	19	0.005762
11	10	0.005437
11	10	0.005438
11	10	0.005367
11	10	0.006697
20	12	0.009519
6	6	0.002686
6	6	0.002719
6	6	0.002660
20	20	0.002603
17	14	0.005445
17	14	0.005809
9	9	0.003318
16	16	0.003167
11	11	0.003353
13	13	0.002781
25	23	0.005729
17	16	0.005202
19	18	0.005202
11	10	0.006684
9	8	0.005504
17	12	0.005463
9	9	0.003452
14	14	0.003155
11	11	0.002587
10	10	0.002691
15	15	0.002769
9	9	0.002667
8	8	0.002584
8	8	0.002504
8	8	0.002486
24	22	0.006354
8	8	0.003295
10	9	0.006317
8	8	0.003156
11	11	0.003276
8	8	0.002735
14	14	0.002632
18	16	0.005644
8	8	0.002539
8	3	0.009175
10	5	0.008207
6	1	0.007275
7	7	0.002444
8	8	0.002511
6	6	0.002440
9	9	0.002725
5	4	0.007063
5	5	0.002696
9	7	0.005146
5	5	0.002952
15	15	0.003156
5	5	0.002484
4	4	0.002415
4	4	0.002359
5	5	0.002431
9	9	0.003109
13	13	0.002598
6	4	0.006233
6	6	0.002583
9	9	0.002660
6	6	0.002711
6	4	0.006312
8	8	0.002608
23	19	0.005980
14	13	0.005881
4	4	0.002445
4	4	0.002417
4	4	0.002445
4	4	0.002423
4	4	0.002609
6	6	0.002659
7	7	0.002777
7	6	0.005984
8	7	0.005730
4	4	0.002665
4	4	0.003281
5	5	0.002526
4	4	0.002446
4	4	0.002432
4	4	0.002432
4	4	0.002578
4	4	0.002609
9	9	0.002758
14	14	0.002634
15	15	0.002794
21	21	0.002778
4	4	0.002363
4	4	0.002464
18	18	0.002639
9	9	0.002472
7	4	0.005379
8	8	0.002500
11	11	0.002511
7	7	0.002586
5	5	0.003400
6	6	0.003032
6	6	0.002691
4	4	0.002505
4	4	0.002527
4	4	0.002432
4	4	0.002405
18	18	0.002814
6	4	0.005285
5	4	0.005227
14	14	0.003414
5	4	0.006093
4	4	0.002889
6	6	0.002836
5	4	0.007199
10	10	0.002977
6	4	0.006530
5	5	0.002652
5	5	0.002642
5	5	0.003308
5	5	0.002751
5	5	0.002985
4	4	0.003034
4	4	0.002859
5	4	0.006424
6	6	0.002573
6	2	0.006072
4	4	0.002668
5	5	0.002426
14	14	0.002938
7	7	0.002559
4	4	0.003271
6	6	0.002763
7	7	0.002485
6	6	0.002511
4	4	0.002453
5	5	0.002616
4	4	0.002429
16	16	0.002802
7	7	0.003351
9	9	0.002727
4	4	0.002627
4	4	0.002710
5	5	0.002694
5	5	0.003241
4	4	0.002531
4	4	0.002386
4	4	0.002407
12	12	0.002566
7	7	0.003249
7	7	0.002803
4	4	0.002434
4	4	0.002412
8	8	0.002602
4	4	0.002398
4	4	0.002377
4	4	0.003325
6	6	0.002726
5	4	0.005324
5	4	0.005432
8	8	0.003024
4	4	0.003007
7	7	0.003604
7	6	0.005292
8	7	0.006923
6	6	0.002872
4	4	0.002404
4	4	0.002654
6	6	0.003502
6	6	0.002549
9	7	0.005070
5	4	0.004959
6	4	0.005597
7	7	0.003471
5	5	0.003101
5	5	0.003213
4	4	0.002498
4	4	0.002476
4	4	0.002442
7	7	0.003258
6	6	0.002770
9	9	0.002533
9	8	0.005423
4	4	0.003012
4	4	0.002521
5	5	0.002406
10	10	0.002495
7	6	0.005272
5	5	0.002428
9	7	0.005905
11	7	0.006054
4	4	0.002494
4	4	0.002409
4	2	0.004818
14	14	0.002783
15	15	0.003974
6	6	0.003279
5	4	0.006033
7	2	0.005113
6	6	0.003035
19	19	0.002651
11	11	0.002530
18	18	0.003499
24	24	0.003073
25	25	0.002684
26	26	0.002744
24	23	0.005784
24	22	0.005321
19	19	0.002652
19	19	0.002634
19	19	0.002671
17	17	0.003528
13	13	0.002848
19	19	0.002699
7	6	0.005021
10	10	0.002572
15	6	0.005351
23	23	0.002877
15	11	0.005050
16	16	0.002591
24	22	0.006566
25	25	0.002854
13	13	0.002752
18	18	0.002913
18	18	0.003621
24	24	0.002952
24	20	0.006844
25	25	0.003129
25	25	0.002980
19	19	0.002641
18	18	0.002791
17	17	0.002578
9	4	0.005502
24	24	0.003692
7	7	0.003569
7	7	0.002873
6	2	0.005253
4	4	0.002534
4	4	0.002418
11	11	0.002660
5	5	0.002794
15	15	0.002759
5	5	0.002412
4	4	0.002406
4	4	0.002376
4	4	0.002532
4	4	0.002699
5	5	0.002604
5	4	0.005371
4	4	0.002412
9	7	0.005071
16	14	0.005512
12	12	0.002582
4	4	0.002668
4	4	0.002639
5	4	0.005182
4	4	0.002368
11	11	0.003437
5	5	0.002722
14	14	0.003719
4	4	0.002775
5	5	0.002481
6	4	0.005322
6	4	0.005498
5	4	0.005464
5	5	0.002461
8	7	0.005372
4	4	0.002382
4	4	0.002435
7	7	0.002303
7	7	0.002270
51	51	0.003621
7	7	0.002706
6	6	0.002641
9	9	0.002593
6	6	0.002623
18	16	0.005559
7	6	0.005221
13	13	0.002513
13	11	0.005949
13	11	0.006393
13	13	0.002879
9	9	0.002706
12	6	0.005282
26	22	0.005788
8	4	0.004961
7	7	0.002495
6	6	0.002553
6	6	0.002271
7	7	0.002462
20	20	0.002802
16	14	0.006296
8	8	0.002898
14	14	0.002832
25	23	0.006874
7	7	0.002352
7	7	0.002289
9	9	0.002480
11	7	0.005482
6	1	0.004845
5	3	0.005350
5	1	0.005339
8	6	0.006403
8	6	0.005869
8	6	0.005318
5	3	0.005312
5	3	0.005166
5	3	0.005173
5	3	0.004817
16	12	0.006082
11	11	0.002674
6	6	0.002451
6	6	0.002526
11	11	0.002518
11	11	0.002473
9	8	0.005434
17	17	0.002633
7	7	0.002323
12	12	0.002557
5	5	0.002248
8	8	0.002277
8	8	0.002322
7	7	0.002424
6	5	0.006413
6	5	0.005502
6	5	0.006279
6	6	0.002341
5	5	0.002589
6	5	0.004935
11	11	0.002305
14	1	0.006105
14	1	0.005270
14	13	0.007074
19	9	0.006719
11	7	0.005382
11	7	0.005440
14	14	0.002788
12	12	0.002979
12	12	0.003418
10	7	0.006020
12	12	0.002513
10	10	0.002680
6	6	0.002635
15	11	0.006979
15	11	0.005924
6	6	0.002736
6	6	0.002666
8	8	0.002517
8	8	0.002537
8	8	0.002584
7	6	0.005417
7	7	0.002527
13	13	0.003035
11	11	0.002598
13	9	0.005825
6	6	0.002586
15	9	0.005753
13	13	0.002514
8	7	0.005817
15	15	0.002614
13	13	0.002666
7	6	0.005001
5	4	0.004947
6	5	0.005216
6	5	0.004838
12	10	0.005558
4	1	0.005934
4	1	0.004933
4	1	0.004918
12	10	0.005563
7	5	0.006342
4	3	0.005302
4	3	0.005358
4	1	0.004743
4	1	0.005938
4	1	0.006210
13	10	0.005554
4	3	0.006055
4	3	0.004864
15	14	0.005181
5	4	0.004860
4	1	0.004720
4	1	0.004708
4	1	0.005704
4	1	0.004910
4	1	0.005371
17	15	0.006488
4	3	0.005104
4	3	0.005691
4	3	0.005772
4	3	0.005414
4	3	0.005635
4	3	0.004837
14	12	0.005671
12	10	0.005692
12	10	0.006298
6	5	0.006207
4	1	0.005151
4	1	0.004878
7	5	0.005759
6	5	0.005673
6	5	0.005372
6	1	0.005242
6	5	0.005250
13	10	0.006300
13	6	0.005348
13	10	0.005467
12	6	0.005351
12	10	0.005505
12	9	0.005370
14	12	0.005585
12	10	0.005642
12	10	0.005529
13	10	0.006287
11	10	0.005760
11	10	0.006422
12	10	0.006305
11	10	0.005839
8	6	0.005670
11	10	0.005490
9	8	0.005253
11	10	0.005420
8	7	0.005359
8	7	0.005417
8	7	0.005258
7	5	0.006771
13	9	0.005830
9	8	0.006206
5	1	0.006531
6	5	0.005322
6	5	0.006274
6	5	0.005467
5	4	0.005312
5	4	0.006340
4	3	0.005326
4	3	0.005386
4	3	0.006211
4	3	0.005561
4	3	0.005380
4	1	0.006211
5	1	0.005090
12	10	0.005502
9	8	0.005705
4	3	0.006080
4	3	0.005175
4	3	0.005149
12	9	0.006096
7	6	0.005377
10	1	0.006806
5	4	0.005039
4	1	0.005282
4	1	0.005102
14	12	0.005257
4	3	0.005708
4	1	0.005846
4	1	0.004941
4	1	0.004836
4	1	0.004881
4	1	0.005659
4	1	0.004978
4	1	0.004851
4	1	0.004805
4	1	0.004869
4	1	0.006010
4	1	0.005248
4	1	0.005315
4	1	0.005152
4	1	0.005078
12	10	0.005210
11	10	0.005137
4	3	0.004839
4	3	0.005043
6	3	0.005524
4	1	0.005218
4	1	0.004849
4	1	0.005089
10	7	0.005023
5	1	0.005213
6	3	0.005838
4	1	0.005424
4	1	0.004933
4	1	0.005137
7	6	0.005395
4	3	0.005268
4	1	0.005213
9	7	0.005328
12	10	0.005410
4	1	0.004751
8	7	0.005602
14	13	0.006550
12	6	0.005334
12	10	0.005421
9	8	0.005380
5	4	0.005263
4	3	0.005219
4	1	0.004719
4	3	0.004846
4	1	0.006355
12	10	0.006249
4	1	0.005770
4	1	0.005160
18	15	0.005717
4	3	0.005230
4	3	0.005171
11	10	0.005400
16	16	0.002805
16	16	0.002775
16	16	0.002904
6	6	0.002905
9	9	0.002655
13	6	0.005001
14	14	0.002762
9	9	0.002690
9	9	0.002666
16	14	0.005515
9	9	0.002468
9	9	0.002309
9	8	0.005393
9	8	0.006232
26	26	0.003049
10	10	0.002639
6	6	0.002339
6	6	0.002488
14	11	0.005541
11	11	0.002323
35	33	0.006109
6	6	0.002681
6	6	0.003237
6	6	0.002621
8	8	0.002507
6	6	0.002324
15	15	0.002783
15	15	0.002770
9	7	0.005320
9	7	0.005281
6	3	0.005232
6	3	0.005111
6	6	0.002588
5	1	0.005623
5	1	0.005377
21	19	0.005688
8	7	0.005315
6	6	0.002784
6	6	0.003251
6	6	0.003631
8	7	0.005866
11	8	0.005361
5	5	0.002464
10	10	0.002603
13	8	0.006375
21	21	0.003002
5	5	0.002460
6	6	0.002561
6	6	0.002433
7	7	0.002690
7	7	0.002812
5	5	0.002564
5	5	0.003252
5	5	0.002626
8	7	0.005036
8	8	0.002473
7	5	0.005323
7	5	0.005527
7	5	0.005210
5	5	0.003322
5	5	0.002818
5	1	0.004939
42	30	0.007273
11	11	0.002534
6	3	0.005360
6	3	0.005222
8	1	0.006003
6	3	0.004867
6	6	0.002321
20	20	0.002685
11	11	0.002334
5	5	0.002251
5	5	0.002494
12	12	0.003401
12	12	0.003014
5	5	0.003053
5	5	0.003044
6	6	0.002645
6	6	0.002296
6	6	0.002474
5	5	0.002264
11	10	0.005760
7	7	0.002521
7	7	0.002418
17	16	0.005961
10	6	0.005042
8	1	0.004772
7	1	0.005081
5	3	0.005938
12	12	0.002907
10	10	0.002499
15	1	0.008421
15	15	0.002642
16	14	0.005677
18	14	0.005256
16	12	0.005242
18	18	0.002675
13	13	0.002570
13	11	0.005561
13	11	0.005197
7	7	0.002446
7	4	0.005291
14	12	0.005764
14	12	0.006231
12	5	0.008103
14	12	0.005557
11	11	0.002565
22	18	0.006336
6	6	0.002713
6	6	0.002691
10	10	0.002522
7	6	0.006204
5	5	0.002605
6	6	0.002547
6	5	0.005609
5	5	0.002956
6	6	0.002471
7	7	0.002648
6	6	0.002471
6	6	0.002482
7	7	0.002582
18	17	0.005724
24	20	0.005693
6	6	0.002601
5	5	0.002549
5	5	0.002811
12	11	0.005872
7	7	0.002802
7	7	0.002717
7	7	0.002770
7	7	0.002716
9	5	0.005711
7	6	0.005491
7	6	0.005895
7	6	0.006966
7	6	0.005442
7	6	0.005722
7	6	0.006257
8	8	0.002463
13	13	0.002676
17	17	0.002558
8	8	0.002541
8	7	0.005324
5	3	0.005978
5	3	0.005092
5	3	0.005101
5	3	0.005201
5	3	0.005175
8	6	0.004918
6	4	0.006298
6	1	0.004740
13	11	0.005292
7	1	0.005062
6	1	0.006012
34	33	0.006241
13	12	0.005432
34	29	0.005777
31	23	0.006350
23	21	0.005803
20	19	0.006663
17	15	0.005615
17	13	0.005549
18	15	0.005740
11	9	0.005271
17	13	0.006351
17	13	0.006319
8	8	0.002523
8	7	0.005219
14	13	0.005464
7	6	0.005328
7	6	0.005659
9	8	0.005282
9	8	0.005265
15	14	0.005380
8	7	0.005270
8	7	0.005481
9	9	0.002725
7	6	0.005235
7	6	0.005940
7	6	0.005183
6	6	0.002548
39	34	0.005863
19	17	0.005602
10	9	0.005550
7	6	0.006104
10	10	0.002503
12	11	0.006258
12	11	0.006757
9	9	0.002311
22	20	0.006906
20	17	0.005768
8	7	0.005646
5	5	0.002228
6	5	0.005096
12	10	0.005760
5	5	0.002229
8	8	0.002452
6	5	0.005123
6	6	0.002300
6	5	0.005186
6	5	0.005128
6	6	0.002446
5	5	0.002644
5	5	0.002323
12	10	0.004803
5	5	0.002240
5	5	0.002190
12	12	0.002563
7	7	0.002438
6	5	0.005148
6	5	0.005387
5	5	0.002467
6	5	0.005937
18	18	0.002894
9	9	0.002543
9	9	0.002455
31	29	0.007209
10	9	0.005330
6	6	0.002634
6	6	0.002627
6	6	0.002627
28	28	0.003131
9	9	0.002970
24	19	0.005527
21	21	0.004085
20	20	0.003125
10	9	0.006634
13	10	0.006147
12	10	0.005399
12	10	0.005349
10	1	0.005057
8	8	0.002429
19	19	0.002780
12	12	0.002464
14	14	0.002731
37	37	0.002982
6	1	0.005106
6	6	0.002308
24	23	0.005667
22	22	0.002841
16	16	0.002566
23	21	0.005626
24	23	0.005865
24	24	0.002856
25	23	0.005528
22	22	0.002599
22	22	0.002784
14	14	0.002499
22	22	0.002841
17	17	0.002549
22	22	0.002782
9	9	0.002734
9	9	0.003054
22	22	0.002734
23	21	0.006238
6	1	0.005034
6	6	0.002698
22	20	0.005850
10	10	0.002579
6	6	0.002316
7	7	0.002671
19	19	0.002548
6	6	0.002299
6	1	0.004937
7	7	0.002414
7	7	0.002575
8	8	0.002708
18	18	0.002460
6	6	0.002421
15	15	0.003032
4	4	0.002194
4	4	0.002286
5	5	0.002730
4	4	0.002475
4	4	0.002472
7	7	0.002254
5	5	0.002731
6	6	0.003254
9	8	0.005367
6	6	0.002574
6	6	0.002651
7	7	0.002480
7	7	0.002263
15	10	0.005414
6	6	0.002209
6	6	0.002297
6	6	0.002215
4	4	0.002295
4	4	0.002215
4	4	0.002226
8	8	0.002529
4	4	0.002413
5	5	0.002260
5	4	0.005254
5	5	0.002646
4	4	0.002200
4	4	0.002195
4	4	0.002599
4	4	0.002459
4	2	0.004557
5	4	0.005148
5	5	0.002415
7	4	0.005128
14	11	0.005369
4	4	0.002258
6	6	0.002216
5	4	0.005523
5	4	0.005207
5	4	0.005156
5	4	0.005049
5	5	0.002616
4	4	0.002942
4	4	0.002292
4	4	0.002382
4	4	0.002348
4	4	0.002360
4	4	0.002619
4	4	0.002593
28	27	0.006757
5	5	0.002330
5	5	0.002231
5	4	0.005169
11	11	0.002449
21	21	0.002840
4	4	0.002338
4	4	0.002323
4	4	0.002248
5	5	0.002281
4	4	0.002326
4	4	0.002287
4	4	0.002451
4	4	0.002207
4	4	0.002333
4	4	0.003176
5	5	0.002309
4	4	0.002500
4	4	0.002440
4	4	0.002497
5	4	0.005236
7	4	0.005333
7	7	0.002992
19	12	0.007990
5	5	0.002196
4	4	0.002223
4	4	0.002218
5	4	0.005178
13	13	0.002717
7	7	0.002296
4	4	0.002173
4	4	0.002223
5	5	0.002305
4	4	0.002578
8	4	0.005236
5	5	0.002238
22	22	0.002980
4	4	0.002261
4	4	0.002430
4	4	0.002397
4	4	0.002442
21	2	0.005160
5	5	0.002785
8	8	0.003362
12	12	0.002753
8	8	0.003312
4	4	0.002365
4	4	0.002422
4	4	0.002376
6	6	0.002220
13	13	0.002755
8	8	0.003195
4	4	0.002717
4	4	0.002649
7	7	0.003139
5	4	0.005175
12	4	0.008218
9	9	0.002780
5	5	0.002251
5	5	0.002302
4	4	0.002257
4	4	0.002318
8	6	0.006108
4	4	0.002387
4	4	0.002316
4	4	0.002279
4	4	0.002212
8	6	0.004817
4	4	0.002419
5	4	0.005258
5	4	0.005440
5	5	0.003382
5	4	0.005121
7	7	0.003263
4	4	0.002309
9	7	0.006680
4	4	0.002406
15	15	0.002637
9	9	0.002304
4	4	0.002192
5	5	0.002506
4	4	0.002257
4	4	0.002192
9	7	0.005550
8	8	0.002678
4	4	0.002414
4	4	0.002407
4	4	0.002558
10	10	0.002735
7	7	0.002492
7	7	0.002808
5	5	0.002382
4	4	0.002304
4	4	0.002740
4	4	0.002617
4	4	0.002236
4	4	0.002222
4	4	0.002197
5	5	0.003322
4	4	0.002951
7	7	0.002299
6	6	0.002257
5	5	0.002259
22	22	0.002567
4	4	0.002261
8	8	0.002263
4	4	0.002398
4	4	0.002303
4	4	0.002305
5	5	0.002456
5	5	0.002401
6	6	0.002262
13	13	0.002726
5	5	0.002104
18	17	0.006775
4	4	0.002298
4	4	0.002258
6	6	0.002536
4	4	0.002487
4	4	0.002405
4	4	0.002415
4	4	0.002537
7	7	0.002392
4	4	0.002531
4	4	0.002572
11	11	0.002569
8	1	0.007425
8	8	0.003745
20	11	0.005572
17	17	0.002750
15	15	0.002711
34	34	0.003627
15	15	0.002989
13	13	0.002774
16	16	0.002999
14	14	0.002735
13	13	0.002710
13	13	0.002658
27	27	0.002865
27	27	0.003786
23	17	0.005661
21	21	0.002787
11	11	0.002595
13	13	0.002778
13	13	0.002700
14	14	0.002726
14	14	0.002674
11	8	0.005276
19	19	0.002526
46	42	0.006745
11	11	0.002767
27	23	0.005201
17	16	0.006081
22	20	0.005859
14	13	0.006009
18	14	0.006774
12	12	0.003147
10	9	0.007245
11	11	0.003123
12	12	0.002923
14	14	0.003254
10	9	0.006969
10	9	0.007044
12	12	0.003852
12	12	0.003537
12	12	0.004318
10	8	0.007899
12	4	0.007488
12	4	0.006627
13	11	0.008695
11	11	0.003058
11	11	0.004624
11	11	0.003067
21	21	0.004087
14	14	0.003318
12	8	0.007623
36	31	0.008869
17	16	0.007774
23	19	0.007070
15	15	0.003809
15	15	0.003812
14	12	0.006839
14	14	0.003991
14	14	0.003795
12	12	0.003542
15	15	0.003763
13	13	0.003375
13	13	0.003317
30	27	0.007041
15	15	0.003266
15	15	0.003412
15	15	0.003143
15	15	0.003114
15	15	0.003257
15	15	0.003355
15	15	0.003219
15	15	0.003362
15	15	0.004009
16	16	0.003407
15	15	0.003140
15	15	0.003151
13	13	0.003313
13	13	0.003447
15	12	0.008355
14	14	0.003345
12	12	0.003376
13	13	0.003215
13	13	0.003111
13	13	0.003624
10	10	0.003173
10	10	0.003307
13	13	0.003170
9	9	0.003909
19	19	0.003738
16	16	0.003531
14	14	0.003648
14	14	0.003968
12	12	0.003948
15	15	0.003548
12	12	0.003657
12	12	0.003490
12	12	0.003764
12	12	0.004063
12	12	0.003624
8	1	0.006494
7	7	0.003252
14	10	0.007921
12	12	0.005215
8	7	0.007176
10	10	0.003835
14	14	0.003368
14	14	0.003136
14	14	0.003201
14	14	0.003386
11	11	0.003206
46	36	0.010082
15	15	0.003364
46	37	0.008437
13	13	0.004327
13	13	0.003462
13	13	0.004113
11	11	0.004003
11	11	0.003729
14	13	0.007009
16	16	0.003514
15	15	0.003547
13	12	0.007063
30	27	0.007183
15	15	0.003584
14	14	0.003636
12	12	0.003184
14	14	0.003013
14	14	0.003038
14	14	0.003333
14	14	0.003317
15	15	0.003318
14	14	0.003346
14	14	0.003279
14	14	0.003258
15	15	0.003322
14	14	0.003272
14	14	0.003007
14	14	0.003251
14	14	0.003588
13	13	0.003294
13	13	0.004016
12	12	0.005371
22	21	0.007830
12	12	0.003620
15	15	0.003541
14	14	0.003638
13	13	0.003786
13	13	0.004303
13	13	0.003794
14	14	0.003554
12	12	0.003419
12	12	0.003392
12	12	0.003970
13	13	0.003675
12	12	0.003360
12	12	0.003063
12	12	0.003343
12	12	0.003346
15	15	0.003626
12	12	0.003476
12	12	0.002946
12	12	0.003163
12	12	0.003232
12	12	0.003228
12	12	0.003006
12	12	0.003228
12	12	0.003196
12	12	0.002967
12	12	0.003169
12	12	0.003242
12	12	0.003210
12	12	0.003211
12	12	0.003106
15	14	0.006609
14	14	0.003026
14	14	0.003358
14	14	0.004050
15	15	0.004154
13	13	0.003964
14	14	0.003856
13	13	0.003300
12	12	0.003214
13	9	0.006240
12	12	0.003252
18	17	0.006957
16	16	0.004180
19	18	0.007000
30	27	0.008540
16	16	0.003310
13	13	0.003308
15	15	0.003552
15	15	0.003930
15	15	0.004258
15	11	0.006513
14	10	0.008574
18	18	0.003201
20	20	0.003457
17	16	0.006558
15	15	0.003228
14	10	0.005765
14	14	0.003152
14	14	0.003629
14	14	0.003255
15	15	0.003111
14	14	0.003070
14	14	0.003468
14	14	0.003188
14	12	0.006119
14	14	0.003638
14	12	0.005724
14	14	0.002853
18	15	0.005910
14	14	0.002901
16	16	0.003227
16	12	0.005498
14	14	0.002828
15	11	0.005634
16	16	0.002850
15	15	0.002930
15	15	0.002789
11	11	0.002702
15	15	0.002751
15	15	0.002776
14	14	0.002769
14	14	0.002749
27	27	0.002857
15	15	0.002722
13	13	0.002678
14	14	0.002730
15	15	0.002774
13	13	0.002672
13	13	0.003013
13	11	0.005786
13	13	0.003654
12	12	0.002671
14	14	0.002748
14	14	0.002717
14	14	0.002464
14	14	0.002684
16	16	0.002801
14	14	0.002773
14	14	0.002787
14	14	0.003042
15	15	0.002797
14	14	0.003081
14	14	0.003059
14	14	0.003099
10	10	0.003233
14	14	0.003200
11	11	0.002909
13	13	0.003314
14	14	0.003422
13	13	0.002985
10	10	0.003034
15	15	0.004212
13	13	0.003680
13	13	0.003603
13	11	0.006086
13	13	0.003226
13	13	0.003467
11	10	0.007486
10	10	0.003572
30	27	0.008031
15	15	0.003020
15	15	0.003829
15	15	0.002702
18	18	0.002781
14	14	0.002754
14	14	0.002931
14	10	0.006462
15	15	0.002932
15	15	0.002883
15	15	0.002742
15	14	0.006291
13	13	0.002744
14	14	0.002833
18	18	0.003391
14	14	0.002708
14	14	0.003087
13	13	0.002672
13	13	0.002751
13	13	0.002814
13	13	0.002837
13	13	0.002722
30	27	0.006755
15	15	0.002802
15	15	0.002822
24	24	0.002918
19	19	0.003073
14	14	0.002731
14	14	0.003008
14	14	0.003302
15	15	0.003007
14	14	0.002925
14	14	0.003102
14	14	0.003076
17	17	0.002884
29	26	0.007356
14	14	0.003419
14	14	0.003117
14	14	0.004311
14	14	0.003536
14	14	0.003005
19	17	0.006374
16	16	0.003796
14	10	0.006262
17	17	0.003524
15	15	0.004097
15	15	0.003295
13	13	0.003163
13	13	0.003192
13	13	0.003362
13	13	0.003312
12	12	0.003205
14	14	0.002996
14	14	0.002667
14	14	0.002746
16	16	0.002652
14	14	0.002756
15	15	0.003325
12	12	0.002768
13	13	0.002801
13	13	0.002798
15	13	0.005260
13	13	0.003138
14	14	0.002788
13	9	0.005578
13	13	0.002577
13	13	0.002846
13	13	0.003001
13	13	0.002721
14	10	0.005590
12	12	0.002756
15	15	0.002741
13	13	0.002491
13	13	0.002682
13	13	0.002664
11	11	0.002730
15	15	0.002690
14	14	0.002543
14	14	0.003038
14	14	0.002758
15	15	0.003192
15	15	0.002798
13	13	0.002676
13	13	0.002716
13	9	0.005099
13	13	0.002859
13	13	0.002782
13	13	0.002573
15	15	0.002775
14	14	0.002793
14	14	0.002718
14	14	0.002622
14	14	0.002736
14	14	0.002763
14	14	0.002496
14	14	0.002741
14	14	0.002693
28	27	0.005882
14	10	0.005035
14	14	0.002746
14	14	0.002532
14	14	0.003023
14	14	0.002754
16	16	0.002838
15	15	0.002699
15	15	0.003041
14	14	0.002759
14	14	0.002721
27	24	0.005831
13	13	0.002685
13	13	0.002738
15	15	0.002708
15	15	0.002776
15	15	0.002715
15	15	0.002667
14	14	0.002712
14	14	0.002704
14	14	0.002652
16	16	0.002720
15	15	0.002859
13	13	0.002963
13	13	0.003681
13	13	0.002696
13	13	0.002769
16	12	0.005164
30	27	0.005959
15	15	0.002725
14	14	0.002683
14	10	0.005248
14	14	0.002798
16	16	0.002731
16	16	0.002796
14	14	0.002735
14	14	0.002699
14	14	0.002728
15	13	0.005442
14	14	0.003555
14	14	0.003168
15	11	0.005626
15	11	0.006416
15	11	0.005442
15	11	0.005415
13	9	0.005139
13	13	0.002705
13	13	0.002704
13	13	0.002899
13	13	0.005725
13	13	0.004736
13	13	0.003009
13	13	0.002680
13	13	0.002940
13	13	0.002862
13	13	0.002747
13	11	0.005649
13	13	0.002901
13	13	0.002876
13	13	0.002816
13	13	0.002850
13	13	0.003118
13	13	0.003492
13	13	0.003388
13	13	0.003070
13	13	0.002992
13	13	0.003041
13	13	0.003034
13	13	0.003801
13	13	0.002932
13	13	0.003206
13	13	0.002834
13	9	0.005407
13	13	0.003001
13	13	0.002810
13	13	0.002801
13	13	0.002925
13	13	0.003062
13	13	0.003002
13	13	0.003389
13	13	0.003834
13	13	0.002799
13	13	0.002767
13	9	0.006328
13	13	0.002870
13	13	0.002738
13	13	0.003214
13	13	0.003764
13	13	0.003142
13	13	0.002857
13	13	0.003057
13	13	0.002987
13	13	0.002993
13	13	0.003050
13	13	0.003004
13	13	0.003061
13	13	0.003004
13	13	0.003140
13	13	0.002938
13	13	0.003178
13	13	0.002930
13	13	0.003144
13	13	0.003769
13	13	0.002974
13	11	0.006128
13	11	0.005915
13	11	0.007231
13	11	0.006668
13	13	0.003287
13	13	0.003150
13	11	0.006413
13	13	0.003290
13	13	0.003208
13	9	0.006202
13	13	0.003241
13	13	0.003294
13	13	0.003370
13	13	0.003321
13	11	0.006538
13	13	0.003401
13	13	0.003357
13	13	0.003550
13	13	0.003694
13	13	0.003379
13	13	0.003328
13	13	0.003316
13	13	0.003417
13	13	0.003304
13	13	0.003395
13	13	0.003556
13	13	0.003658
13	13	0.004033
13	13	0.003915
13	13	0.003524
13	13	0.003665
13	13	0.003965
13	13	0.003660
13	13	0.003457
13	13	0.003385
13	13	0.003485
13	13	0.003716
13	13	0.003707
13	13	0.003651
13	13	0.003735
13	13	0.003702
13	13	0.003635
13	13	0.003706
13	9	0.007070
13	13	0.003923
13	13	0.003812
13	13	0.003687
13	13	0.003598
16	16	0.004270
13	13	0.004194
13	13	0.004016
13	13	0.003684
13	13	0.003938
13	13	0.003915
13	13	0.003630
13	13	0.003862
13	13	0.003874
13	13	0.004480
13	13	0.003945
13	13	0.003790
13	13	0.003882
13	11	0.007657
13	13	0.003890
13	13	0.003874
13	13	0.004140
13	13	0.004264
12	12	0.004131
12	8	0.007843
12	12	0.004271
12	12	0.004456
15	15	0.004265
13	13	0.003914
13	13	0.004170
11	10	0.008345
11	10	0.008314
11	10	0.008224
11	8	0.008532
11	10	0.008252
11	10	0.008536
11	10	0.008941
11	10	0.008792
14	14	0.004406
13	13	0.004212
13	13	0.004348
13	13	0.004244
13	13	0.004454
12	12	0.004202
12	12	0.004227
13	13	0.004185
12	12	0.004437
12	12	0.004308
12	12	0.004224
12	12	0.004355
13	13	0.004348
13	13	0.004344
13	13	0.004216
11	11	0.004178
11	11	0.004337
11	11	0.005277
11	11	0.004207
11	11	0.004296
11	11	0.004401
11	11	0.004207
11	11	0.004178
14	14	0.004330
13	13	0.004224
13	13	0.004235
13	13	0.004619
13	13	0.004339
13	13	0.004270
13	13	0.003968
12	12	0.003989
10	10	0.004301
12	10	0.008572
13	13	0.004823
13	13	0.004438
13	13	0.004688
12	8	0.008060
12	12	0.004193
12	12	0.004914
12	12	0.004376
12	12	0.004194
12	12	0.004376
14	14	0.004242
13	12	0.008669
13	12	0.008822
13	12	0.008691
13	12	0.008448
11	10	0.008279
10	8	0.008200
12	11	0.008489
11	10	0.009400
11	10	0.009490
11	10	0.009747
11	8	0.009074
11	10	0.008974
11	10	0.009615
9	8	0.008855
8	7	0.007721
11	8	0.008849
11	10	0.008974
17	16	0.008085
14	14	0.004044
15	15	0.004238
17	17	0.004425
13	13	0.004375
13	13	0.004290
14	14	0.004370
23	23	0.004434
13	13	0.004264
20	20	0.004449
12	12	0.004541
12	12	0.004236
12	12	0.004568
11	11	0.004234
12	12	0.004011
12	12	0.004189
10	8	0.008312
16	12	0.008598
12	12	0.004451
12	12	0.004245
11	11	0.004868
15	7	0.008955
18	16	0.008662
12	12	0.004415
12	12	0.004258
12	12	0.004273
20	20	0.004473
18	16	0.008955
11	10	0.008547
15	15	0.004345
13	11	0.008442
13	11	0.008252
13	11	0.008510
15	10	0.008579
8	8	0.004113
14	14	0.004644
11	11	0.004303
11	11	0.004241
11	7	0.008156
11	11	0.004152
11	11	0.004258
11	11	0.004194
9	9	0.004143
9	9	0.004489
12	12	0.004262
9	8	0.008450
10	10	0.004834
46	43	0.010352
13	13	0.004297
13	13	0.004295
11	11	0.004693
11	11	0.004320
11	11	0.004696
15	15	0.004588
12	12	0.004949
12	12	0.004980
12	11	0.009377
12	12	0.004858
17	15	0.009166
12	12	0.004337
13	13	0.004430
46	43	0.010641
12	12	0.004553
18	18	0.004662
16	16	0.004735
28	28	0.005211
13	13	0.004664
11	11	0.004425
11	11	0.004648
11	11	0.004607
11	11	0.004492
30	27	0.010193
30	27	0.010812
10	10	0.004895
15	15	0.004873
16	16	0.004759
15	15	0.004819
15	15	0.004863
13	13	0.004829
13	13	0.004596
15	15	0.004363
15	15	0.004377
9	9	0.004138
16	16	0.004452
15	15	0.004475
12	12	0.004043
15	15	0.004078
15	15	0.004283
15	15	0.004354
15	15	0.004301
15	15	0.004344
15	15	0.004302
13	13	0.003951
8	8	0.004168
21	19	0.008769
14	14	0.004448
14	14	0.004259
13	13	0.004254
14	14	0.004247
13	13	0.004337
13	11	0.008673
20	18	0.008813
15	7	0.008416
19	19	0.004422
13	1	0.018374
8	8	0.004330
13	9	0.007836
15	15	0.004289
8	8	0.004012
12	12	0.004413
51	50	0.010135
15	15	0.004302
28	27	0.009133
13	13	0.004204
13	13	0.004906
13	9	0.009467
21	19	0.010351
10	10	0.004258
15	15	0.004109
16	16	0.004318
16	12	0.008919
14	14	0.004094
14	14	0.004435
13	13	0.004474
15	15	0.004064
11	10	0.009663
11	10	0.009436
8	8	0.004711
7	7	0.004496
12	12	0.005670
13	13	0.004993
12	12	0.004790
12	12	0.004362
12	12	0.004612
12	12	0.005097
12	12	0.004803
12	12	0.004646
8	7	0.009541
13	13	0.004359
8	8	0.004282
7	2	0.009134
7	7	0.004858
11	11	0.004945
10	10	0.004705
7	5	0.009170
14	14	0.004830
13	13	0.005518
12	12	0.004520
12	8	0.008131
12	12	0.004391
12	12	0.004254
12	12	0.004253
8	8	0.004224
15	15	0.004333
12	12	0.004335
12	9	0.008662
7	7	0.004253
21	21	0.004464
19	18	0.008977
21	21	0.005310
16	15	0.009119
13	13	0.004332
13	13	0.004219
15	15	0.004273
7	7	0.004281
12	12	0.004244
12	12	0.004338
12	12	0.004284
10	7	0.009930
10	10	0.004648
10	10	0.004690
10	10	0.004940
7	6	0.009179
17	16	0.009679
5	1	0.008358
5	1	0.009929
5	1	0.008262
6	6	0.004628
19	19	0.005051
5	5	0.004608
5	5	0.004222
12	12	0.004664
7	7	0.004463
7	7	0.004721
12	12	0.004609
8	8	0.004384
11	10	0.010244
9	8	0.009934
9	8	0.008962
11	11	0.004340
9	9	0.004175
7	7	0.003798
5	5	0.004090
5	5	0.004241
23	23	0.004168
23	23	0.004297
24	23	0.009448
10	10	0.004374
12	12	0.004009
12	12	0.004209
8	8	0.004033
12	12	0.005036
5	1	0.008687
5	1	0.007352
6	6	0.004106
5	1	0.008274
9	8	0.009182
16	16	0.004874
12	12	0.005643
12	12	0.004958
15	15	0.005002
17	17	0.005274
15	15	0.005389
12	12	0.004739
12	12	0.004719
10	10	0.004224
8	8	0.003818
8	8	0.003878
5	1	0.007853
7	7	0.004851
9	8	0.009584
9	8	0.008472
7	5	0.008677
5	5	0.004167
5	5	0.004277
53	48	0.010889
14	8	0.014009
5	5	0.004313
5	5	0.004130
5	5	0.004268
14	14	0.004040
5	3	0.007952
5	1	0.008460
5	1	0.008101
9	8	0.009127
8	8	0.004312
18	15	0.009988
18	15	0.009915
8	1	0.008789
12	12	0.004672
12	12	0.005382
6	5	0.009072
7	5	0.008587
6	6	0.004234
5	5	0.003940
5	5	0.004109
11	10	0.009069
6	3	0.009185
5	3	0.009470
6	1	0.010352
8	5	0.009837
6	6	0.004761
5	5	0.004738
7	7	0.004702
11	11	0.004973
9	8	0.009703
9	8	0.009272
9	8	0.009086
5	5	0.004481
6	6	0.004773
6	6	0.004495
6	5	0.009113
5	5	0.004544
10	10	0.004655
8	8	0.004585
9	8	0.009065
15	15	0.004797
9	8	0.009105
9	8	0.009043
9	8	0.009465
9	8	0.009294
14	14	0.005185
14	14	0.004890
12	12	0.005058
15	15	0.005866
15	15	0.005698
15	15	0.005787
13	8	0.013218
12	12	0.014875
12	12	0.007501
10	8	0.014684
10	8	0.030696
9	9	0.012062
15	15	0.008636
8	6	0.019943
7	7	0.006995
10	10	0.006747
5	3	0.011289
5	1	0.011940
5	5	0.006643
5	5	0.006085
5	5	0.005716
5	5	0.005851
37	32	0.013426
37	33	0.012992
31	31	0.005948
25	25	0.006257
7	7	0.006104
23	23	0.006456
23	23	0.006918
28	14	0.013482
21	19	0.012246
23	23	0.005712
19	17	0.011572
12	12	0.005413
14	14	0.005103
13	13	0.004949
13	13	0.004515
11	11	0.004228
14	14	0.004037
10	9	0.009067
14	14	0.004068
8	8	0.004214
26	25	0.010486
13	12	0.009342
15	15	0.004523
10	9	0.020502
11	11	0.008209
25	15	0.016305
19	19	0.006979
9	9	0.007503
8	7	0.014104
9	7	0.015609
10	10	0.006470
13	10	0.013473
19	19	0.008179
27	25	0.018989
19	19	0.007741
15	15	0.006774
19	15	0.013925
31	30	0.014948
18	18	0.006740
18	18	0.005813
9	8	0.012637
9	7	0.018757
9	7	0.008398
11	11	0.009713
9	8	0.016254
12	11	0.008282
6	5	0.008403
11	10	0.010476
13	13	0.004301
13	13	0.003944
12	12	0.003853
12	12	0.013333
8	8	0.020476
12	9	0.042310
12	12	0.017820
10	10	0.003263
8	8	0.003701
13	11	0.006997
9	9	0.003793
6	6	0.003864
6	6	0.004262
7	7	0.004896
7	7	0.004017
7	7	0.003561
12	12	0.015954
10	10	0.048870
11	11	0.005344
12	12	0.011827
8	8	0.005381
6	5	0.008369
13	11	0.008769
6	1	0.016493
25	18	0.021395
7	5	0.008834
9	4	0.009963
9	4	0.007854
9	9	0.003792
10	10	0.003785
18	15	0.008912
22	22	0.004167
15	15	0.004401
15	15	0.003840
15	13	0.010345
15	15	0.004542
15	15	0.004373
11	11	0.003890
13	13	0.003968
12	12	0.004056
12	12	0.003956
11	11	0.003970
20	20	0.004887
9	9	0.004088
9	9	0.004243
9	9	0.003893
18	17	0.009151
18	17	0.009218
18	18	0.004094
7	1	0.007326
10	10	0.003228
7	7	0.003683
10	10	0.003289
13	12	0.006357
11	8	0.005743
13	8	0.006823
11	11	0.003956
13	8	0.007347
11	11	0.003881
8	8	0.004469
6	6	0.005200
15	14	0.009036
11	11	0.003890
6	6	0.002989
7	7	0.002630
6	2	0.005074
6	6	0.002528
12	11	0.005715
12	11	0.006093
12	12	0.003266
27	27	0.004285
10	9	0.007630
16	14	0.007145
19	18	0.007027
13	12	0.006027
18	15	0.007037
19	18	0.006373
20	19	0.006530
20	19	0.006386
23	19	0.007772
23	19	0.006888
20	19	0.006290
21	20	0.006297
19	18	0.006700
19	16	0.007592
21	3	0.010355
22	15	0.007175
19	17	0.006889
8	1	0.005647
8	1	0.005650
8	4	0.006083
16	14	0.006726
13	13	0.003774
14	14	0.003611
12	12	0.003386
10	10	0.003926
8	8	0.003455
21	21	0.003861
13	13	0.003027
18	18	0.003472
18	18	0.003222
18	18	0.002756
40	38	0.006628
49	45	0.006103
16	15	0.006054
16	14	0.006350
7	7	0.002551
7	7	0.002795
9	9	0.002565
8	8	0.002434
11	11	0.002725
8	8	0.002511
20	19	0.006492
10	4	0.006252
6	2	0.005144
39	30	0.135781
7	7	0.006329
6	6	0.003357
23	11	0.006919
8	8	0.003884
15	15	0.004919
7	7	0.004661
8	6	0.007234
7	7	0.003208
8	8	0.003781
10	4	0.005905
7	7	0.002638
7	7	0.002493
8	6	0.005436
7	7	0.002569
6	6	0.002544
6	2	0.004947
11	11	0.002529
12	11	0.005562
9	9	0.002662
10	10	0.002514
27	27	0.002992
10	10	0.002487
13	10	0.005524
13	8	0.005357
7	1	0.006275
19	17	0.007001
8	6	0.005470
20	13	0.009827
20	13	0.008585
11	9	0.005518
11	9	0.005463
9	6	0.004991
8	7	0.006212
9	6	0.006746
20	18	0.006958
6	1	0.005171
34	30	0.006046
13	12	0.005514
20	17	0.005722
22	11	0.005808
16	16	0.002844
26	24	0.005935
27	27	0.002887
30	22	0.006727
33	29	0.006352
30	24	0.005606
17	14	0.006719
18	16	0.006103
18	16	0.005588
18	14	0.005650
18	16	0.005539
8	1	0.005113
12	10	0.005020
12	12	0.002974
25	25	0.003811
12	12	0.002786
13	13	0.003611
13	13	0.003811
12	12	0.003076
12	12	0.002755
8	1	0.005710
7	7	0.003431
14	14	0.002696
12	11	0.005791
19	17	0.006329
14	13	0.005482
17	17	0.002558
16	16	0.002632
7	7	0.002736
7	7	0.002724
21	21	0.002705
18	16	0.005949
13	11	0.005313
9	8	0.005547
9	9	0.002474
9	9	0.002475
9	9	0.002557
9	9	0.003183
9	9	0.003668
18	16	0.005488
6	6	0.002268
8	8	0.002869
8	8	0.002800
16	16	0.002832
14	14	0.002905
18	18	0.002530
9	9	0.002621
13	11	0.006545
7	7	0.002562
14	13	0.005385
8	8	0.002391
13	13	0.002539
8	8	0.002494
9	9	0.002466
9	9	0.002478
10	6	0.007839
8	8	0.002535
8	8	0.002483
8	8	0.002533
7	7	0.002623
7	7	0.002437
8	8	0.002596
8	8	0.002589
7	7	0.002501
8	8	0.002462
7	5	0.006129
8	8	0.002823
8	8	0.002654
7	7	0.002458
8	8	0.002454
6	6	0.002276
16	16	0.002528
8	8	0.002610
9	8	0.005237
13	12	0.005870
40	39	0.006052
13	11	0.005424
6	6	0.002805
7	7	0.003091
8	8	0.002544
9	9	0.002786
16	15	0.005905
13	13	0.002523
11	11	0.002469
20	14	0.008940
16	16	0.002520
15	15	0.002653
10	10	0.002277
14	9	0.005705
14	9	0.005650
14	9	0.005908
11	11	0.002281
10	9	0.005168
10	10	0.002854
10	10	0.002508
10	10	0.002456
9	9	0.002319
14	14	0.002361
8	8	0.002403
8	8	0.002457
8	8	0.002473
9	8	0.005233
13	13	0.002586
10	10	0.002572
10	10	0.002266
10	10	0.002509
9	9	0.003034
18	17	0.006243
36	34	0.007091
12	12	0.002741
55	48	0.007696
13	13	0.002742
23	21	0.006524
23	21	0.005996
22	20	0.005594
15	13	0.007258
29	29	0.003156
15	13	0.006444
19	19	0.002709
18	18	0.002671
8	8	0.002716
15	15	0.002751
13	13	0.002588
13	13	0.002761
13	13	0.002965
10	10	0.003352
26	26	0.003845
13	13	0.002962
9	9	0.003403
9	9	0.003249
12	11	0.006475
28	23	0.005716
14	13	0.005916
14	14	0.003127
14	13	0.006706
19	18	0.005754
17	17	0.003037
23	23	0.002850
49	44	0.006583
8	8	0.002765
20	18	0.005676
37	30	0.006461
13	8	0.005546
17	11	0.006685
19	18	0.005863
28	27	0.006494
20	14	0.006551
8	8	0.002700
7	7	0.002779
49	44	0.006376
18	18	0.002674
9	9	0.002597
8	7	0.005149
5	5	0.002561
5	5	0.002993
18	18	0.002679
8	8	0.002363
16	16	0.002549
5	5	0.002503
10	10	0.002473
6	6	0.002784
8	8	0.003525
7	7	0.002544
5	5	0.002274
6	6	0.002266
5	5	0.002274
22	21	0.005687
9	9	0.002310
5	5	0.002446
5	5	0.002303
5	5	0.002481
5	5	0.002968
5	5	0.002426
7	7	0.002681
6	5	0.005241
11	11	0.002734
10	9	0.005285
14	14	0.002704
5	5	0.002601
5	5	0.002640
10	10	0.002495
6	6	0.002224
5	5	0.002579
14	12	0.005413
6	5	0.005373
8	8	0.002572
12	9	0.007878
18	17	0.005611
9	6	0.006436
6	6	0.002277
7	3	0.005332
6	2	0.005271
6	2	0.005252
5	1	0.004798
5	5	0.002265
5	1	0.004704
49	43	0.006288
6	5	0.004950
6	6	0.002252
5	5	0.002635
5	5	0.002604
5	5	0.002596
12	11	0.005458
24	24	0.002724
14	14	0.002369
12	10	0.005232
9	9	0.002305
9	9	0.002330
7	6	0.005022
9	5	0.004827
5	1	0.005904
12	8	0.006585
5	1	0.004582
5	5	0.002234
5	5	0.002552
6	6	0.002550
5	1	0.004846
28	25	0.005863
9	9	0.002424
12	12	0.002479
6	6	0.002272
7	7	0.002613
7	7	0.002451
6	6	0.002226
5	5	0.002229
11	10	0.005376
5	5	0.002412
11	11	0.002290
7	7	0.002600
24	24	0.002827
7	7	0.002440
5	5	0.002449
5	5	0.002712
5	5	0.002509
6	6	0.003152
5	5	0.002518
5	5	0.002262
5	5	0.002488
5	5	0.002664
5	5	0.002636
5	5	0.002652
5	5	0.002628
24	22	0.006067
18	18	0.002652
8	8	0.002540
7	3	0.004978
5	1	0.004725
5	5	0.002443
5	1	0.004795
7	3	0.005119
12	10	0.005449
11	11	0.002494
7	7	0.003733
9	9	0.003008
6	6	0.002439
10	10	0.002324
8	7	0.005685
7	7	0.003284
9	9	0.003086
14	14	0.002734
5	1	0.004819
5	5	0.002870
5	5	0.002719
9	5	0.007114
5	5	0.003259
7	7	0.002640
9	9	0.002680
12	12	0.002805
9	9	0.002426
8	8	0.002455
5	1	0.005189
5	1	0.005002
5	5	0.002582
5	1	0.004630
20	20	0.002727
12	12	0.002552
7	7	0.002303
8	8	0.002478
8	8	0.002497
8	8	0.002498
7	7	0.002506
7	7	0.002462
7	3	0.004819
7	1	0.005894
13	10	0.005605
7	7	0.002712
7	7	0.003066
7	7	0.002557
7	6	0.005064
5	5	0.002440
5	5	0.002423
5	5	0.003273
13	13	0.002939
13	13	0.002562
5	5	0.002532
5	3	0.005106
5	5	0.002715
5	5	0.002594
5	5	0.002694
12	12	0.002679
11	11	0.002789
6	6	0.002509
11	11	0.002510
7	7	0.002506
11	11	0.002455
7	7	0.002554
9	9	0.002450
5	5	0.002284
5	1	0.004789
8	8	0.002494
8	8	0.002474
5	5	0.002616
5	5	0.002251
5	1	0.005582
5	5	0.002374
6	6	0.002272
8	8	0.002407
8	8	0.002468
8	8	0.002479
8	8	0.003306
7	7	0.002857
7	7	0.002508
13	10	0.006090
7	7	0.002952
15	15	0.003513
7	7	0.002377
6	6	0.002268
8	8	0.002294
5	5	0.002257
5	5	0.002363
5	5	0.002270
5	5	0.002483
5	5	0.002269
5	1	0.004891
5	1	0.004996
5	5	0.002564
5	5	0.002281
5	5	0.002313
14	14	0.002746
5	5	0.002621
5	1	0.004690
11	11	0.002891
8	8	0.003245
14	14	0.002896
6	5	0.005325
31	29	0.005518
6	5	0.004905
25	20	0.006905
5	5	0.002399
5	5	0.002268
28	25	0.006021
8	8	0.002881
10	7	0.005609
13	13	0.003474
9	8	0.005118
6	6	0.002469
6	5	0.005348
15	14	0.005405
5	5	0.002599
5	1	0.005875
10	9	0.005535
8	8	0.002349
23	23	0.002760
25	25	0.002765
23	22	0.005629
21	19	0.005692
9	8	0.005547
9	9	0.002448
20	20	0.002887
14	14	0.002572
7	7	0.002451
12	12	0.002281
5	5	0.002285
5	5	0.002240
5	5	0.002371
5	5	0.002792
9	7	0.005397
5	5	0.002840
12	9	0.008185
9	6	0.005280
6	6	0.002387
5	5	0.002358
7	3	0.005316
7	3	0.005196
6	2	0.004811
5	1	0.005476
18	14	0.006133
11	8	0.008469
23	23	0.003071
14	10	0.005201
14	14	0.002575
12	12	0.002719
12	12	0.002733
14	14	0.003629
12	12	0.003070
11	11	0.002657
6	6	0.003151
15	15	0.003106
6	6	0.002361
5	5	0.002526
5	1	0.005633
8	8	0.003664
9	9	0.002825
14	14	0.002574
15	15	0.002863
11	11	0.002383
19	16	0.005715
6	6	0.002522
12	11	0.005436
18	14	0.006481
14	10	0.005319
5	5	0.002450
23	23	0.002786
12	12	0.002720
8	7	0.005227
5	5	0.003349
5	5	0.002813
12	12	0.002616
5	1	0.004784
13	13	0.002835
5	5	0.003649
5	5	0.003387
5	5	0.002746
5	5	0.002681
5	5	0.002695
9	9	0.002696
9	9	0.002723
6	6	0.002532
5	5	0.002307
5	5	0.002621
8	8	0.002485
5	5	0.002292
18	14	0.006529
5	1	0.006615
7	3	0.006000
20	16	0.009170
13	12	0.006917
8	8	0.002677
24	22	0.006294
18	18	0.003460
7	3	0.005029
5	1	0.004792
5	1	0.004784
7	7	0.002532
14	14	0.002832
6	6	0.002333
14	14	0.002562
5	5	0.002751
20	20	0.003513
7	7	0.002501
7	7	0.002405
5	5	0.002532
25	25	0.003751
4	4	0.002438
8	8	0.002693
9	9	0.002941
7	7	0.002841
11	11	0.003109
6	6	0.002302
3	3	0.002426
3	3	0.002448
3	1	0.004643
3	3	0.002582
3	3	0.002520
9	9	0.002689
7	7	0.002281
6	1	0.004769
5	5	0.002276
4	3	0.006348
8	6	0.005345
8	8	0.003033
4	4	0.002499
4	4	0.003576
7	7	0.003197
4	3	0.005652
7	7	0.002446
8	8	0.002249
4	4	0.002367
4	3	0.005279
16	16	0.002896
4	4	0.002410
22	22	0.002837
5	5	0.003216
6	6	0.002598
4	4	0.002318
4	4	0.002249
7	7	0.002314
7	7	0.002385
13	13	0.002957
6	6	0.002536
7	7	0.002275
10	10	0.002569
8	8	0.002587
12	12	0.002344
5	5	0.002232
3	3	0.002232
3	3	0.002235
3	3	0.003999
3	3	0.002665
3	3	0.002928
3	3	0.002420
22	13	0.005759
9	9	0.003017
5	5	0.002940
6	6	0.002301
5	5	0.002271
6	6	0.002283
4	3	0.005371
4	3	0.006280
20	20	0.003401
12	7	0.006538
5	5	0.002884
22	22	0.002781
10	6	0.005649
13	13	0.002874
4	4	0.002520
21	20	0.006124
23	19	0.005705
11	10	0.006350
28	27	0.006705
30	27	0.005968
8	7	0.005053
5	5	0.002290
3	3	0.002650
3	3	0.002455
3	3	0.002438
3	3	0.002437
3	3	0.002384
3	3	0.002376
3	3	0.002438
3	1	0.006738
3	3	0.002594
3	3	0.004043
3	3	0.003610
3	3	0.002995
3	3	0.002812
3	3	0.002668
3	3	0.002759
14	14	0.002714
14	14	0.002753
13	10	0.005436
14	12	0.005154
14	14	0.002782
14	14	0.002746
15	14	0.005487
15	7	0.008082
7	7	0.002302
10	10	0.002642
16	13	0.006686
7	7	0.002465
7	7	0.002197
16	12	0.005408
5	5	0.002493
5	5	0.003298
5	5	0.003024
6	5	0.005709
6	6	0.002722
31	29	0.006758
11	11	0.002483
10	10	0.002437
16	14	0.005782
5	5	0.002511
4	4	0.002703
4	4	0.003173
4	4	0.002549
5	5	0.002396
5	5	0.002394
7	7	0.002545
4	4	0.002613
4	4	0.003325
4	4	0.003043
11	11	0.002657
11	11	0.002533
6	6	0.002692
6	6	0.003161
13	12	0.005818
5	5	0.002464
4	4	0.002486
4	4	0.003400
4	3	0.005999
4	3	0.005745
5	5	0.002281
8	8	0.002483
9	9	0.003681
4	4	0.003109
4	4	0.002526
5	3	0.004909
20	17	0.005874
5	1	0.004697
5	5	0.002341
6	5	0.005938
11	11	0.002567
5	5	0.002469
3	3	0.002232
3	3	0.002229
3	3	0.002191
3	3	0.002227
12	12	0.002614
6	6	0.002259
6	6	0.002500
8	8	0.003036
10	10	0.003224
51	47	0.006371
6	6	0.002522
7	7	0.002543
11	11	0.002610
6	6	0.002322
7	7	0.003382
5	5	0.002513
6	6	0.002315
13	13	0.002753
5	5	0.002484
8	8	0.002520
8	8	0.002449
5	5	0.002300
5	5	0.002521
5	5	0.003107
5	5	0.002363
5	5	0.002275
10	10	0.002801
5	5	0.002876
5	5	0.002519
5	5	0.002416
9	9	0.002531
6	5	0.005862
4	3	0.005369
4	3	0.006028
4	3	0.006598
4	3	0.006448
4	3	0.005148
4	3	0.006370
4	3	0.006261
8	8	0.002285
5	3	0.005187
10	10	0.002526
4	4	0.002236
4	4	0.002183
4	4	0.003122
4	4	0.002538
7	7	0.002536
6	6	0.003205
6	5	0.005584
3	3	0.002423
3	3	0.002419
3	3	0.002401
3	3	0.003201
3	3	0.002892
3	3	0.002662
3	3	0.002559
3	3	0.002814
13	13	0.002720
15	15	0.003706
9	9	0.003319
5	5	0.002337
5	5	0.002495
11	11	0.003527
4	3	0.006868
23	23	0.003159
5	3	0.006129
6	6	0.002592
9	9	0.002705
6	3	0.005230
6	3	0.005228
7	7	0.002486
7	6	0.006410
5	3	0.005205
5	3	0.005141
5	3	0.005209
5	3	0.005690
5	3	0.006019
5	3	0.005535
5	3	0.005217
5	3	0.005621
5	3	0.005214
9	9	0.002531
5	5	0.002850
5	5	0.003401
6	6	0.002505
8	8	0.002507
10	10	0.002691
8	8	0.002459
4	4	0.002603
4	4	0.002966
4	4	0.002553
10	10	0.002685
4	3	0.006042
10	10	0.002532
4	4	0.002195
4	4	0.002298
8	8	0.002408
12	11	0.005682
11	11	0.003586
9	9	0.003418
14	14	0.003117
14	14	0.002818
10	6	0.006117
8	8	0.002582
9	9	0.002571
13	9	0.005098
9	9	0.002592
9	9	0.002579
8	8	0.002495
9	9	0.002510
7	6	0.005554
9	9	0.003428
9	9	0.002822
9	9	0.002526
4	3	0.006194
9	9	0.002514
9	9	0.002450
5	5	0.002572
7	7	0.002640
5	3	0.005324
5	5	0.002443
4	4	0.002401
4	4	0.002428
4	4	0.002390
4	4	0.002429
10	10	0.002580
8	8	0.002451
7	7	0.002796
10	1	0.008301
9	7	0.005172
4	4	0.002985
4	4	0.002590
8	8	0.002352
6	2	0.004919
25	25	0.003060
8	8	0.002801
5	5	0.002193
6	6	0.002273
3	3	0.002267
3	3	0.002280
3	3	0.002190
3	3	0.002303
3	3	0.002517
7	5	0.006355
5	5	0.003284
5	5	0.002693
5	5	0.002614
49	40	0.008659
6	5	0.005780
13	13	0.002875
6	6	0.002699
5	5	0.002585
5	5	0.003036
6	6	0.003870
4	3	0.007380
4	3	0.005986
33	5	0.005258
5	5	0.002432
5	3	0.005205
4	4	0.002435
4	4	0.002397
13	12	0.006096
10	10	0.002778
11	11	0.002563
6	6	0.003533
10	10	0.002898
8	8	0.002516
6	6	0.002433
8	8	0.002337
5	5	0.002441
5	5	0.002635
10	10	0.002878
7	5	0.006176
5	4	0.004957
13	9	0.006304
3	3	0.002432
3	3	0.002446
3	3	0.002639
3	3	0.002389
3	3	0.002413
3	3	0.002424
3	3	0.002418
3	3	0.003246
3	3	0.002753
3	1	0.005727
3	3	0.002677
3	3	0.002673
3	3	0.002709
3	3	0.002940
3	3	0.003467
3	3	0.002733
3	3	0.002760
3	3	0.002614
3	3	0.002698
3	3	0.002617
6	6	0.002264
5	5	0.002601
22	22	0.003182
6	6	0.003223
5	5	0.003143
6	5	0.005813
9	9	0.002736
6	6	0.002502
4	3	0.005372
4	3	0.005157
4	3	0.005196
8	8	0.002664
5	5	0.002388
5	5	0.002492
10	10	0.002528
4	4	0.002576
4	4	0.002695
4	3	0.005071
19	19	0.002700
5	3	0.005221
5	3	0.005141
6	6	0.002323
4	4	0.002286
4	3	0.006345
5	5	0.002548
5	3	0.005695
5	5	0.003229
6	3	0.005494
4	4	0.002505
4	4	0.002416
11	10	0.005535
4	3	0.004913
5	5	0.002422
4	4	0.002228
6	3	0.004835
5	3	0.004803
5	5	0.002465
5	3	0.005832
5	5	0.002621
7	6	0.005279
22	20	0.005682
7	6	0.005149
5	1	0.004757
3	3	0.002191
3	3	0.003084
50	41	0.006772
13	13	0.002341
6	6	0.002532
8	5	0.005300
9	9	0.002650
8	5	0.004907
8	3	0.005201
8	5	0.005703
8	5	0.005296
12	12	0.002552
8	8	0.002439
5	5	0.002447
9	5	0.005146
5	3	0.004600
6	6	0.002787
5	5	0.002899
26	23	0.006953
26	25	0.006106
8	8	0.002510
6	6	0.002505
12	12	0.002656
11	11	0.002612
11	11	0.003221
12	9	0.005380
6	5	0.005313
5	3	0.005790
5	5	0.002365
5	5	0.002238
6	6	0.002720
9	8	0.005592
4	3	0.006280
19	19	0.003347
8	8	0.002611
5	3	0.005345
10	10	0.002557
4	4	0.002295
4	4	0.002252
7	7	0.002611
14	12	0.006692
8	7	0.005470
8	7	0.006406
9	7	0.005309
5	5	0.003334
5	5	0.003324
5	1	0.004933
17	15	0.007339
6	6	0.002471
6	6	0.002318
6	5	0.005388
6	6	0.002445
3	3	0.002477
3	3	0.002493
3	3	0.002463
3	3	0.002590
3	3	0.002530
3	3	0.002436
3	3	0.002482
3	3	0.003298
3	1	0.005403
3	3	0.002940
3	3	0.003334
3	3	0.002720
3	3	0.002668
3	3	0.002712
3	3	0.002627
3	3	0.002824
3	3	0.003389
3	3	0.002742
13	13	0.003092
12	11	0.005400
5	3	0.005195
6	6	0.002458
5	5	0.003339
12	12	0.003042
12	12	0.002721
4	3	0.005200
9	8	0.005552
6	3	0.005502
5	5	0.002439
8	8	0.002626
6	6	0.002458
4	4	0.002382
4	4	0.002418
10	10	0.002685
4	3	0.005202
4	4	0.002624
4	3	0.005235
10	10	0.003055
9	9	0.002723
4	4	0.002501
4	4	0.002912
6	6	0.002743
5	3	0.006081
5	3	0.006328
4	3	0.005357
5	3	0.005417
5	5	0.002573
6	6	0.002699
6	1	0.007308
4	4	0.002381
21	19	0.005955
6	6	0.002246
4	3	0.004806
4	3	0.006110
4	3	0.005812
11	11	0.002762
6	6	0.002531
6	6	0.002445
4	4	0.002269
4	4	0.003072
9	9	0.002812
9	9	0.002748
25	18	0.005873
40	30	0.006210
3	3	0.002431
3	3	0.002776
12	12	0.002925
7	7	0.002465
6	6	0.002782
5	3	0.005654
7	5	0.004909
5	5	0.002313
10	10	0.002870
11	11	0.002656
7	7	0.002282
5	5	0.002270
5	5	0.002232
7	7	0.002398
4	3	0.005186
8	8	0.003377
7	7	0.002628
8	8	0.002483
5	5	0.002502
5	5	0.002298
5	5	0.002234
6	6	0.003237
4	4	0.002546
4	4	0.002260
4	4	0.002266
4	4	0.002314
8	8	0.002791
7	7	0.002709
7	7	0.002435
8	8	0.002598
28	28	0.002995
7	7	0.002820
5	5	0.002601
5	5	0.002610
5	5	0.002628
12	12	0.002652
8	8	0.003149
7	7	0.002783
7	7	0.002479
14	13	0.006466
43	34	0.007235
6	5	0.007122
8	8	0.002924
8	8	0.002407
22	22	0.002911
19	9	0.005924
17	14	0.006464
17	14	0.006735
17	12	0.006027
16	9	0.006056
22	18	0.005620
22	18	0.005645
16	9	0.005852
16	9	0.005396
10	9	0.005240
16	9	0.005625
16	16	0.002712
15	15	0.002734
17	14	0.006459
8	8	0.002639
5	5	0.002690
11	11	0.002535
8	8	0.002580
5	5	0.002244
8	5	0.005248
5	5	0.002342
10	9	0.006523
7	7	0.002643
7	7	0.002500
6	6	0.002280
6	6	0.002339
5	5	0.003098
3	3	0.002749
3	3	0.002544
3	3	0.002984
3	3	0.003181
3	3	0.002528
3	3	0.002400
3	3	0.002395
3	3	0.002385
3	3	0.003204
3	3	0.002738
3	3	0.003240
3	3	0.002810
3	3	0.002434
3	3	0.002603
3	3	0.003031
3	1	0.005460
3	3	0.002991
3	3	0.002653
3	3	0.002682
3	3	0.002589
3	3	0.002714
3	3	0.002620
3	3	0.002748
3	3	0.002967
3	3	0.004040
3	3	0.002898
3	3	0.002691
12	12	0.002822
11	11	0.002758
6	6	0.003197
5	5	0.002944
10	10	0.002584
10	10	0.003021
10	10	0.003309
6	6	0.003285
15	15	0.002882
7	7	0.002262
5	5	0.002608
5	5	0.003111
5	5	0.002773
5	5	0.002282
9	8	0.005689
4	3	0.006118
4	3	0.005491
9	8	0.006388
5	5	0.002528
5	5	0.002616
8	8	0.002980
4	4	0.002810
4	4	0.002552
6	6	0.002417
8	8	0.002682
7	7	0.002457
6	6	0.002470
12	12	0.002742
15	11	0.006924
6	6	0.002329
5	5	0.002741
24	16	0.005577
8	8	0.002828
17	17	0.002819
5	5	0.002256
8	6	0.005210
8	4	0.005092
11	11	0.002619
4	4	0.002265
4	4	0.002202
4	4	0.002186
4	4	0.002260
9	9	0.002635
6	6	0.002431
8	8	0.002394
8	8	0.002499
8	8	0.002683
6	6	0.002618
6	6	0.002789
5	3	0.005114
7	1	0.007158
12	11	0.006684
5	5	0.002454
6	6	0.002805
4	4	0.002410
4	4	0.002421
7	6	0.004910
6	3	0.006478
6	6	0.002384
6	6	0.002429
6	4	0.004916
4	3	0.004763
4	3	0.005322
4	3	0.005983
10	3	0.007363
7	7	0.002883
27	26	0.006253
7	7	0.002501
5	5	0.002238
9	9	0.002570
9	9	0.002650
5	3	0.005030
5	3	0.005131
5	5	0.002410
15	15	0.002861
4	4	0.002301
4	4	0.002274
4	4	0.002268
4	4	0.002238
4	4	0.002441
7	3	0.005234
9	9	0.002264
12	10	0.005680
7	3	0.004622
34	28	0.005906
7	3	0.004871
13	13	0.002548
5	1	0.005050
9	9	0.002478
6	2	0.004845
6	6	0.002960
16	15	0.006063
7	7	0.003044
10	10	0.002458
6	6	0.002441
38	37	0.005943
7	7	0.002302
5	5	0.002285
5	5	0.002340
5	5	0.002271
5	1	0.004555
5	1	0.004694
7	7	0.002553
15	3	0.006273
5	5	0.002207
27	27	0.002692
5	1	0.004743
5	5	0.002468
3	3	0.002314
3	3	0.002318
3	3	0.002245
3	3	0.002223
3	3	0.002775
3	3	0.002156
3	3	0.002254
13	13	0.002695
7	7	0.002390
6	6	0.002573
12	11	0.006028
7	5	0.004822
5	5	0.002382
4	3	0.004747
4	3	0.004666
15	3	0.007769
8	5	0.005123
5	3	0.005176
4	4	0.002203
4	4	0.002207
4	4	0.002289
4	4	0.002218
5	5	0.002344
6	4	0.004723
3	3	0.002349
3	3	0.002623
3	3	0.003433
3	3	0.002319
3	3	0.002687
3	3	0.003302
3	3	0.002531
3	3	0.002615
12	8	0.006549
13	13	0.003378
9	5	0.005688
17	15	0.006137
16	15	0.005126
16	16	0.002725
5	5	0.002232
5	3	0.006094
7	7	0.002447
5	5	0.002419
12	12	0.002616
4	3	0.005118
6	3	0.005366
5	3	0.005685
6	3	0.005629
6	3	0.006803
6	6	0.002386
5	3	0.005768
5	3	0.005091
5	3	0.005062
5	3	0.005112
5	3	0.005128
5	3	0.005261
5	3	0.005301
5	3	0.005099
5	3	0.005302
5	3	0.005257
8	8	0.002547
17	17	0.002630
6	6	0.002569
8	8	0.002410
5	5	0.002534
5	5	0.002781
5	5	0.002358
6	6	0.003530
4	4	0.002699
4	4	0.002406
4	4	0.002370
4	4	0.002370
7	7	0.002231
5	5	0.002230
5	5	0.002420
9	9	0.002414
4	4	0.002287
4	4	0.002313
4	4	0.002225
4	4	0.002262
8	8	0.002825
5	3	0.006019
5	5	0.002436
10	10	0.002527
9	8	0.005345
5	5	0.002436
5	3	0.005077
6	6	0.002360
4	4	0.002313
4	3	0.005089
9	9	0.002684
10	10	0.002722
7	7	0.002756
4	4	0.002145
7	3	0.004751
20	19	0.005668
5	5	0.002258
40	36	0.005972
8	3	0.004738
3	3	0.003330
3	3	0.002573
3	3	0.002116
3	3	0.002243
3	3	0.002173
13	12	0.005447
9	9	0.002432
17	11	0.008118
3	3	0.002332
3	3	0.002620
3	3	0.003512
3	3	0.002523
3	3	0.002627
3	3	0.002550
3	3	0.002589
13	13	0.003011
8	7	0.006022
24	20	0.005534
12	12	0.002473
5	5	0.002246
10	10	0.002633
8	8	0.002440
4	4	0.002394
5	5	0.002369
4	4	0.002162
4	4	0.002332
4	4	0.002310
11	11	0.002460
4	4	0.002248
4	4	0.002616
11	11	0.003176
9	9	0.002722
9	7	0.005827
5	5	0.002509
3	3	0.003192
3	3	0.002185
3	3	0.002208
3	3	0.002207
3	3	0.002199
3	3	0.002462
8	5	0.005978
8	5	0.005202
7	7	0.002479
18	14	0.005201
20	20	0.002865
7	7	0.002386
5	5	0.002236
25	21	0.005498
5	5	0.002308
4	4	0.002226
7	7	0.002212
5	5	0.002630
5	5	0.002600
9	9	0.002383
6	6	0.002430
3	3	0.002487
3	3	0.002437
3	3	0.002350
3	3	0.002552
3	3	0.002520
3	3	0.002334
3	3	0.002560
14	11	0.005255
7	3	0.005022
6	6	0.002361
14	14	0.002473
6	6	0.002385
9	9	0.002447
6	1	0.005898
7	7	0.002396
17	12	0.006338
4	3	0.006164
7	7	0.002679
6	6	0.002430
7	7	0.002451
6	6	0.002319
5	3	0.005239
5	3	0.005399
9	5	0.004802
6	3	0.005029
6	3	0.005208
6	3	0.005133
6	6	0.002381
5	3	0.005431
5	3	0.005347
5	3	0.005621
5	3	0.005153
5	3	0.006323
5	3	0.005165
5	3	0.005143
5	3	0.005208
5	3	0.005086
5	3	0.005239
5	3	0.005199
6	6	0.002422
8	8	0.002422
8	8	0.002456
5	5	0.002412
5	5	0.002391
10	6	0.005952
4	4	0.002348
4	4	0.002414
4	4	0.002397
4	4	0.002550
4	4	0.002548
11	6	0.004780
4	4	0.002416
21	19	0.005543
5	5	0.002771
5	3	0.005772
10	10	0.002745
5	5	0.002387
4	4	0.002141
4	4	0.002202
4	4	0.002507
5	5	0.003488
9	9	0.002550
5	3	0.005111
5	5	0.002346
4	4	0.002399
4	4	0.002343
4	3	0.006547
11	11	0.002621
12	10	0.006117
5	5	0.002451
10	10	0.002502
4	4	0.002179
4	4	0.002216
4	4	0.002345
10	9	0.004939
7	7	0.003471
8	8	0.002698
20	16	0.005141
8	8	0.002450
5	1	0.004701
5	5	0.002232
5	1	0.004480
5	5	0.002271
3	3	0.002223
3	3	0.002238
3	3	0.002255
3	3	0.002222
3	3	0.002121
6	3	0.006024
6	6	0.002566
5	5	0.002211
9	9	0.002345
6	6	0.002519
4	3	0.004807
4	4	0.002168
24	22	0.005650
13	13	0.002674
17	11	0.005271
8	8	0.002841
37	35	0.005881
11	11	0.002260
7	7	0.002885
13	13	0.002630
3	3	0.002375
3	3	0.002443
3	3	0.002505
3	3	0.002333
3	1	0.004612
3	3	0.002500
3	3	0.002566
3	3	0.002551
39	37	0.006000
17	17	0.002529
17	16	0.007162
6	6	0.002527
5	5	0.002214
6	6	0.002335
10	10	0.002491
5	5	0.002173
7	3	0.006096
5	5	0.002368
4	3	0.005024
6	6	0.002361
5	5	0.002381
16	16	0.002530
4	4	0.002380
4	4	0.002370
6	6	0.002227
5	5	0.002457
5	5	0.002471
5	5	0.002193
9	6	0.005149
6	4	0.004924
4	4	0.002476
4	4	0.002248
6	6	0.002366
12	12	0.002551
10	10	0.002446
6	6	0.002457
4	4	0.002376
4	4	0.002354
13	12	0.005744
6	6	0.002214
6	6	0.002433
4	4	0.002214
4	4	0.002190
12	6	0.004962
12	12	0.002516
7	7	0.002406
17	12	0.005417
12	11	0.006001
5	1	0.004477
5	5	0.002683
3	3	0.002553
3	3	0.002197
3	3	0.002177
3	3	0.002210
7	6	0.004885
15	15	0.002614
12	12	0.002700
9	9	0.002524
7	7	0.002294
17	17	0.002504
12	12	0.002480
5	5	0.002167
5	5	0.002174
5	5	0.002602
7	7	0.003502
4	3	0.005066
5	5	0.003128
24	19	0.009311
12	12	0.002639
4	4	0.002238
4	4	0.002245
7	7	0.002565
9	9	0.002448
5	5	0.002462
6	6	0.002394
6	6	0.002604
19	16	0.007311
3	3	0.002436
3	3	0.002736
3	3	0.002377
3	3	0.002528
3	3	0.002289
3	3	0.002411
3	1	0.005249
3	3	0.002833
3	3	0.003479
3	3	0.002527
3	3	0.002525
3	3	0.003453
3	3	0.003032
5	5	0.002594
5	5	0.002569
6	6	0.003131
24	17	0.009131
11	10	0.005235
11	10	0.005286
9	9	0.002301
5	5	0.002184
6	6	0.002345
21	21	0.002576
6	5	0.005064
4	3	0.005052
6	6	0.002493
23	21	0.005577
4	4	0.002589
4	4	0.002499
5	5	0.002637
10	8	0.005928
5	5	0.002398
4	4	0.002219
5	5	0.002325
5	5	0.002353
4	4	0.002391
8	8	0.002417
5	5	0.002176
5	5	0.002381
4	4	0.002221
4	4	0.002169
4	4	0.003190
4	4	0.002580
8	8	0.002451
5	1	0.005630
5	5	0.002597
13	13	0.003034
5	1	0.005746
5	1	0.004655
5	1	0.004612
5	5	0.002331
7	7	0.002343
5	1	0.005941
3	3	0.002421
3	3	0.002296
3	3	0.002476
3	3	0.002502
7	7	0.002787
26	22	0.007020
7	7	0.002691
11	11	0.002467
26	25	0.005489
6	5	0.005041
11	11	0.002697
5	5	0.002746
5	5	0.002278
4	3	0.005343
5	3	0.004742
6	3	0.004686
5	5	0.002259
6	3	0.005517
4	4	0.002699
4	4	0.002260
8	6	0.005110
5	5	0.003560
18	18	0.002572
11	1	0.005936
45	40	0.006063
6	6	0.002226
5	5	0.002239
5	5	0.003459
5	5	0.002267
5	5	0.002447
6	6	0.003562
3	3	0.002986
3	3	0.002381
3	3	0.002361
3	3	0.002382
3	3	0.002379
3	3	0.002425
3	3	0.002291
3	3	0.002395
3	3	0.002383
3	3	0.002700
3	3	0.002738
3	3	0.002526
3	3	0.002552
3	3	0.002567
3	3	0.002579
3	3	0.002540
11	11	0.002254
8	8	0.002628
7	7	0.002547
9	9	0.002387
9	6	0.005225
10	10	0.002307
7	7	0.002505
8	8	0.003268
15	15	0.002552
5	5	0.002566
7	7	0.002629
14	12	0.005288
13	9	0.004844
22	19	0.005565
17	17	0.002767
18	17	0.005526
6	6	0.002480
5	5	0.002304
24	17	0.005905
5	5	0.003289
14	11	0.005522
7	7	0.002720
6	3	0.005203
5	3	0.005026
4	3	0.005068
5	3	0.004847
5	5	0.002474
6	3	0.005004
6	6	0.002504
6	6	0.002591
10	10	0.002291
6	4	0.005045
4	4	0.002142
4	4	0.002271
7	7	0.002687
8	8	0.002788
4	3	0.005331
32	32	0.002893
5	5	0.002515
9	9	0.002515
4	4	0.002827
4	4	0.002625
11	11	0.002262
20	20	0.003223
4	3	0.006494
4	3	0.004824
5	5	0.002587
5	5	0.002503
4	4	0.002867
4	4	0.002721
8	8	0.002569
10	7	0.007230
5	5	0.003561
5	5	0.002639
5	1	0.005870
3	3	0.002277
3	3	0.002239
3	3	0.002189
10	10	0.002768
13	13	0.002597
21	21	0.002678
21	21	0.002861
21	21	0.003024
20	19	0.006812
11	11	0.002658
7	7	0.002342
5	5	0.002662
4	4	0.003041
4	4	0.002609
6	6	0.002488
7	7	0.002313
5	5	0.002285
21	21	0.002566
5	5	0.002249
5	5	0.002274
3	3	0.002367
3	3	0.002417
3	3	0.002476
3	3	0.002396
3	3	0.002461
3	3	0.002548
3	3	0.002937
3	3	0.002875
3	3	0.002573
54	53	0.006579
8	8	0.003379
7	7	0.002455
6	6	0.002186
17	17	0.002354
11	11	0.002425
23	23	0.002822
11	11	0.002416
5	5	0.002364
11	11	0.002462
4	4	0.002337
4	4	0.002413
4	4	0.002422
10	10	0.002465
24	24	0.002871
5	5	0.002586
5	5	0.002305
7	6	0.005675
4	4	0.002230
8	8	0.002254
5	3	0.004793
27	26	0.005894
9	9	0.002361
3	3	0.002308
3	3	0.002155
3	3	0.002248
3	3	0.002234
3	3	0.002196
3	3	0.002243
21	19	0.005726
5	5	0.002732
10	9	0.005551
22	22	0.002681
16	15	0.005528
6	6	0.002764
4	4	0.002604
4	4	0.002586
4	4	0.003260
6	6	0.003342
21	21	0.002556
5	5	0.002484
5	5	0.002269
6	6	0.002222
3	3	0.002384
3	3	0.002840
3	3	0.002796
9	9	0.002482
6	6	0.002557
11	11	0.002505
5	5	0.002564
5	5	0.002697
6	6	0.002591
6	6	0.002921
4	4	0.003359
4	4	0.002715
4	4	0.003343
4	3	0.006062
31	31	0.003149
7	7	0.002313
4	4	0.002356
43	43	0.003089
4	4	0.002325
4	4	0.002422
4	4	0.002388
10	10	0.002335
17	14	0.005494
6	6	0.002333
4	4	0.002257
5	5	0.002441
9	9	0.002260
3	3	0.002187
3	3	0.002234
3	3	0.002495
3	3	0.002372
3	3	0.002354
3	3	0.002255
10	9	0.005554
8	8	0.002656
6	6	0.002396
6	3	0.006108
12	10	0.005504
13	13	0.002726
18	11	0.007114
6	6	0.002668
5	5	0.002403
5	5	0.002185
6	6	0.002589
4	3	0.005672
4	3	0.005816
4	3	0.005285
27	25	0.007155
5	3	0.006388
5	5	0.002391
5	3	0.006221
4	4	0.002237
4	4	0.002226
13	12	0.005463
10	10	0.002525
7	7	0.002503
5	3	0.005036
7	7	0.002686
11	11	0.002729
10	10	0.002493
12	12	0.002544
8	8	0.002347
6	6	0.002487
8	8	0.002477
9	9	0.002212
10	9	0.006000
5	5	0.002797
5	5	0.003809
5	4	0.005138
3	3	0.002669
3	3	0.003097
3	3	0.002632
3	3	0.002448
3	3	0.002453
3	3	0.002372
3	3	0.002351
3	3	0.003256
3	3	0.002761
3	3	0.002629
3	3	0.002578
3	3	0.002589
3	3	0.002538
3	3	0.002523
15	3	0.005032
45	42	0.006167
10	5	0.007011
13	13	0.002542
15	14	0.005510
5	5	0.002622
5	5	0.002534
8	6	0.005242
6	5	0.004788
22	22	0.002898
7	7	0.002802
7	7	0.002780
6	5	0.005133
8	8	0.002393
5	5	0.002247
5	5	0.002222
5	3	0.005000
4	3	0.005132
4	3	0.005372
4	3	0.005884
4	3	0.005086
4	3	0.005158
10	10	0.002641
4	4	0.002394
4	4	0.002410
10	10	0.002588
4	3	0.005275
19	19	0.002660
5	3	0.005392
31	31	0.002845
4	4	0.002269
4	4	0.002207
9	4	0.005064
4	3	0.005201
4	3	0.005413
4	3	0.005262
5	3	0.005149
4	4	0.002434
4	4	0.002357
4	3	0.005315
14	3	0.005206
15	14	0.005528
15	11	0.005395
15	11	0.005526
9	8	0.006551
14	7	0.005215
14	3	0.005088
5	5	0.003163
4	4	0.002251
10	9	0.006178
28	27	0.006197
5	1	0.004891
15	15	0.003191
22	17	0.006361
10	10	0.002695
5	5	0.002418
3	3	0.002223
3	3	0.002247
11	11	0.002781
7	7	0.002398
5	5	0.002650
6	6	0.003188
7	7	0.002562
5	5	0.002456
9	9	0.002653
4	4	0.002284
4	4	0.002443
4	4	0.003174
8	8	0.002611
5	5	0.002596
7	7	0.002502
13	13	0.002905
11	8	0.005037
7	7	0.002451
3	3	0.002444
3	3	0.002387
3	3	0.002394
3	3	0.002604
3	3	0.002506
3	3	0.002528
3	3	0.002590
6	6	0.002563
46	46	0.003293
6	6	0.002690
7	7	0.002225
6	6	0.002470
5	5	0.002584
8	8	0.002434
15	14	0.005588
9	8	0.005366
11	11	0.002531
4	4	0.002363
4	4	0.002449
4	4	0.002529
5	5	0.002616
4	4	0.003455
9	9	0.003017
4	3	0.006534
4	3	0.005091
7	1	0.007200
5	5	0.002391
16	15	0.005690
4	4	0.002386
4	4	0.002413
6	6	0.002262
7	7	0.002745
5	5	0.002229
15	15	0.002500
12	12	0.002882
10	10	0.003318
8	8	0.003017
4	4	0.003000
4	4	0.002444
3	3	0.002237
3	3	0.002277
3	3	0.002691
3	3	0.002228
10	9	0.005449
7	3	0.004871
17	17	0.002618
5	5	0.002275
6	5	0.005203
6	5	0.005802
4	3	0.005643
27	27	0.003523
5	5	0.002574
4	4	0.002229
4	4	0.002220
11	11	0.002514
10	10	0.002500
6	6	0.002715
12	10	0.005409
9	9	0.002524
5	5	0.002230
3	3	0.002390
3	3	0.002558
3	3	0.002437
3	3	0.002452
3	3	0.002780
3	3	0.003121
3	3	0.002579
3	3	0.002553
3	3	0.002620
3	3	0.002562
3	3	0.002724
3	3	0.002583
13	13	0.002540
5	5	0.002429
6	5	0.005317
9	9	0.002318
7	7	0.002455
7	7	0.002481
5	3	0.005342
4	3	0.005353
6	6	0.002431
8	8	0.002617
5	3	0.006277
16	15	0.005529
6	3	0.005043
6	3	0.005225
5	3	0.006534
5	3	0.005055
5	3	0.005895
5	3	0.005373
5	3	0.006027
5	3	0.005424
5	3	0.004993
5	3	0.005192
5	3	0.005587
5	3	0.005714
8	8	0.002561
6	3	0.005183
9	9	0.002534
6	3	0.005126
13	13	0.002550
5	5	0.003421
5	5	0.002497
5	5	0.002360
6	6	0.002481
4	4	0.002434
4	4	0.002561
4	4	0.002431
4	4	0.002399
4	4	0.002428
4	4	0.002328
4	4	0.002257
4	4	0.002207
13	12	0.005686
5	3	0.005155
5	3	0.005047
5	3	0.006425
4	4	0.002375
4	4	0.002390
5	3	0.005223
6	6	0.002442
5	3	0.006129
6	6	0.002249
8	8	0.002419
4	4	0.002221
4	4	0.002186
4	4	0.002260
15	15	0.003096
7	7	0.002484
5	1	0.004560
3	3	0.002228
3	3	0.002228
3	3	0.002271
3	3	0.002176
3	3	0.002244
6	6	0.002756
5	5	0.002424
12	10	0.005562
14	11	0.006022
8	8	0.002429
11	11	0.002394
6	6	0.002518
4	4	0.003036
12	12	0.002494
7	7	0.002428
6	6	0.002245
7	7	0.002731
6	6	0.002609
7	1	0.004884
3	3	0.002414
3	3	0.002440
3	3	0.002574
3	3	0.002640
13	10	0.005190
6	6	0.002600
12	12	0.002831
7	7	0.002659
4	4	0.002491
4	4	0.002421
18	13	0.005569
7	7	0.002407
4	3	0.005346
5	5	0.002480
10	10	0.002593
4	4	0.002249
4	4	0.002210
12	12	0.002690
5	5	0.002434
4	4	0.003501
4	4	0.002561
11	11	0.002795
6	6	0.003198
6	6	0.002389
4	4	0.002296
4	4	0.002222
15	15	0.002690
26	24	0.007195
6	6	0.002221
8	8	0.002484
5	1	0.004638
14	11	0.005865
5	1	0.004756
3	3	0.002284
3	3	0.002199
3	3	0.003251
3	3	0.002633
3	3	0.002213
3	3	0.002263
16	15	0.005101
11	11	0.002483
12	10	0.005873
9	9	0.002887
11	11	0.002957
11	11	0.002452
12	12	0.002302
11	11	0.002488
33	33	0.002936
5	5	0.002238
5	5	0.002205
5	5	0.002526
33	33	0.002676
16	16	0.002564
6	6	0.002404
14	8	0.005729
11	11	0.002472
4	4	0.002338
4	4	0.002729
11	11	0.003026
6	6	0.002471
9	9	0.002282
10	10	0.002976
11	11	0.003157
7	7	0.003324
7	7	0.003528
6	6	0.002924
7	7	0.002727
6	6	0.002553
5	5	0.003155
5	5	0.002329
5	5	0.002246
3	3	0.002433
3	3	0.002756
3	3	0.002345
3	3	0.002415
3	3	0.002455
3	3	0.002349
3	3	0.002438
3	3	0.002551
3	3	0.002557
3	3	0.002586
3	3	0.002578
3	3	0.002554
8	7	0.006169
11	9	0.005190
10	10	0.002294
5	5	0.002319
13	13	0.003437
5	5	0.002694
6	6	0.002439
13	13	0.003322
5	5	0.002707
25	24	0.006745
7	7	0.002632
9	9	0.002490
6	4	0.005357
4	4	0.002343
4	4	0.002302
4	4	0.002324
4	4	0.002390
5	5	0.002506
4	4	0.002483
4	4	0.002432
19	19	0.003050
7	7	0.003397
17	17	0.002688
10	10	0.002529
10	10	0.002480
10	10	0.002511
9	9	0.002443
10	10	0.002429
8	8	0.002710
6	6	0.002643
13	13	0.002911
9	9	0.002506
8	8	0.002499
6	3	0.004971
4	4	0.002339
4	4	0.002234
38	38	0.003154
11	11	0.002582
6	6	0.002384
8	8	0.002597
11	11	0.002777
8	8	0.002800
8	8	0.002557
11	11	0.002553
8	8	0.002556
5	1	0.005680
9	9	0.002378
9	9	0.002397
8	8	0.002341
10	10	0.002543
5	5	0.002782
7	7	0.002358
12	12	0.002602
10	10	0.002498
28	28	0.002805
21	21	0.003566
21	21	0.002965
18	18	0.002615
18	18	0.002564
22	21	0.005803
21	21	0.002774
21	21	0.003111
12	12	0.002479
12	12	0.002581
8	8	0.002418
13	13	0.002547
13	13	0.002671
9	9	0.002622
8	8	0.002617
8	8	0.003322
8	8	0.002678
8	8	0.002796
8	8	0.003082
8	8	0.002459
8	8	0.002982
8	8	0.003088
8	8	0.002391
7	7	0.002445
6	6	0.002333
6	6	0.002269
6	6	0.002452
5	5	0.002539
5	5	0.002974
5	1	0.005970
10	10	0.002606
8	8	0.002357
3	3	0.002223
3	3	0.002221
3	3	0.002256
3	3	0.002254
3	3	0.002285
3	3	0.002448
50	41	0.007106
7	5	0.005393
8	5	0.005148
8	7	0.006734
8	7	0.005375
5	5	0.003366
26	25	0.006280
6	6	0.002483
11	11	0.002717
5	5	0.002430
5	5	0.002615
12	9	0.005657
6	5	0.006961
5	3	0.004835
5	3	0.005252
9	8	0.005574
6	4	0.005102
8	8	0.002674
6	6	0.002747
18	17	0.005743
8	3	0.005478
7	6	0.006287
8	3	0.006073
7	6	0.006353
8	8	0.002516
6	5	0.005050
4	3	0.005152
4	3	0.006734
4	3	0.006787
4	3	0.006222
7	7	0.002626
5	5	0.002714
5	3	0.005750
6	6	0.002404
10	10	0.002573
4	4	0.002391
4	4	0.002316
7	7	0.002287
20	19	0.006323
26	23	0.007828
5	5	0.002519
5	5	0.002478
19	15	0.005629
9	9	0.002849
8	8	0.003513
6	6	0.002365
5	4	0.006069
3	3	0.002418
3	3	0.002607
3	3	0.003396
3	3	0.002406
3	3	0.002475
3	3	0.002572
3	3	0.002618
3	3	0.002618
3	3	0.002558
3	3	0.002662
3	3	0.002902
13	13	0.003599
12	11	0.006236
8	5	0.006978
6	5	0.004960
6	6	0.002491
14	14	0.003806
10	5	0.006347
7	7	0.002548
6	3	0.005326
6	6	0.002614
5	5	0.002415
12	12	0.002988
4	3	0.006100
4	3	0.005220
23	23	0.003229
8	8	0.003383
9	8	0.006480
6	6	0.002497
4	4	0.002492
10	10	0.002980
4	3	0.006711
4	3	0.005511
4	1	0.005386
6	1	0.005987
5	3	0.005955
9	9	0.003426
4	4	0.002596
4	4	0.002348
8	7	0.005219
5	3	0.005819
11	11	0.002890
5	5	0.002566
6	6	0.002462
10	10	0.002743
11	11	0.003044
10	10	0.002751
10	10	0.002874
4	4	0.002493
4	4	0.002447
4	3	0.006582
4	3	0.005470
5	3	0.005836
6	6	0.002507
5	5	0.002616
4	4	0.002616
14	10	0.005568
6	6	0.003241
5	1	0.005179
5	1	0.004804
6	6	0.002821
9	9	0.002661
25	18	0.005673
8	3	0.005283
23	14	0.005967
5	5	0.003155
6	6	0.002371
3	3	0.002274
3	3	0.002227
10	10	0.003067
8	8	0.003312
8	8	0.003347
9	9	0.003376
10	10	0.002643
5	5	0.002324
5	5	0.003079
6	6	0.002604
5	5	0.003189
10	6	0.005915
5	3	0.005402
4	4	0.002941
4	4	0.002719
4	4	0.002640
7	7	0.002517
11	10	0.007392
5	5	0.002260
7	7	0.002263
3	3	0.002492
3	3	0.002897
3	3	0.002854
3	3	0.002456
3	3	0.002478
3	3	0.002563
3	3	0.002739
3	3	0.002829
3	3	0.002614
3	3	0.002644
3	3	0.002676
3	3	0.003220
25	23	0.006810
8	8	0.002513
8	8	0.002364
7	7	0.002453
7	7	0.002417
5	5	0.002667
5	5	0.003827
5	5	0.003794
8	8	0.002430
8	8	0.002589
7	7	0.002304
8	8	0.002381
5	5	0.002348
8	8	0.002967
5	5	0.002828
10	10	0.002825
5	5	0.002344
4	4	0.002766
4	4	0.002426
4	4	0.002428
7	7	0.002605
15	15	0.002526
4	4	0.002196
4	4	0.002456
4	4	0.003518
4	4	0.002929
6	6	0.002652
6	6	0.002802
14	14	0.003032
14	13	0.005581
13	12	0.006459
14	14	0.003678
14	13	0.005591
9	7	0.005708
5	5	0.002425
5	5	0.002785
4	4	0.002702
6	6	0.002351
4	3	0.004845
12	12	0.002694
4	4	0.002395
4	4	0.002603
4	4	0.002537
4	4	0.002441
15	15	0.002591
14	14	0.002307
16	12	0.005252
5	5	0.002827
20	17	0.006359
15	15	0.002820
5	1	0.005887
5	1	0.005169
3	3	0.002726
3	3	0.003014
3	3	0.002515
3	3	0.002540
7	6	0.005306
8	7	0.005921
7	7	0.002315
5	5	0.002236
4	3	0.004952
4	3	0.005942
7	6	0.005474
4	4	0.002246
4	4	0.002289
9	9	0.002362
8	8	0.002502
8	8	0.002672
19	16	0.007199
5	5	0.003249
5	5	0.002254
3	3	0.002563
3	3	0.002590
3	3	0.003246
3	3	0.003414
3	3	0.002827
3	1	0.005334
3	3	0.003252
3	3	0.003430
3	3	0.003234
3	3	0.003504
3	3	0.004189
3	3	0.003520
3	3	0.003328
3	3	0.003127
7	7	0.003060
24	17	0.009327
5	5	0.003742
34	33	0.008259
5	5	0.003488
4	3	0.007443
5	5	0.002859
5	5	0.003692
8	8	0.003815
23	21	0.008029
4	4	0.003280
4	4	0.003542
4	4	0.003466
4	4	0.003423
5	5	0.003304
10	3	0.007140
4	4	0.003676
8	8	0.003535
8	8	0.003183
6	6	0.003164
4	4	0.003008
4	4	0.003062
7	7	0.003703
8	8	0.003498
5	5	0.003534
13	13	0.003683
5	1	0.006627
5	1	0.006041
7	7	0.003364
3	3	0.002980
3	3	0.003187
3	3	0.003455
3	3	0.003212
6	6	0.003140
7	7	0.003434
5	5	0.003553
8	8	0.003413
12	12	0.003109
9	9	0.003596
13	13	0.003482
21	20	0.007332
5	5	0.002894
5	5	0.003291
40	40	0.004741
12	11	0.009092
6	6	0.002908
14	14	0.003692
18	18	0.003772
5	5	0.002866
5	5	0.002535
5	5	0.002614
6	5	0.005910
7	7	0.002935
5	5	0.003263
4	3	0.005734
4	3	0.006110
4	3	0.006670
27	26	0.007504
5	3	0.007970
4	4	0.002531
4	4	0.004168
12	10	0.007282
15	10	0.007938
25	25	0.003850
20	19	0.007382
5	5	0.003351
5	5	0.004009
3	3	0.003089
3	3	0.003242
3	3	0.002805
3	3	0.003305
3	3	0.002897
3	3	0.002978
3	1	0.006579
3	3	0.003449
3	3	0.003355
3	3	0.004114
3	3	0.003503
3	3	0.003814
3	3	0.003643
3	3	0.003398
19	17	0.007830
13	13	0.003599
8	8	0.003266
15	15	0.003648
9	9	0.003705
49	44	0.009317
5	5	0.003544
10	8	0.007840
5	5	0.003299
5	5	0.003115
5	5	0.003533
4	3	0.007493
4	4	0.003690
5	5	0.002996
6	6	0.003389
5	5	0.003157
7	7	0.003010
5	5	0.003576
6	6	0.003638
4	4	0.003195
4	4	0.003217
14	10	0.006910
4	3	0.006832
4	3	0.007265
9	3	0.007335
41	37	0.009116
7	1	0.010289
4	4	0.003374
4	4	0.003447
4	3	0.006691
55	52	0.010236
5	3	0.006373
6	6	0.003281
4	4	0.002880
4	4	0.002585
14	14	0.003289
52	41	0.014635
14	14	0.004487
24	24	0.003737
14	10	0.007603
15	9	0.008021
6	6	0.003503
5	5	0.003580
5	1	0.006667
3	3	0.003749
3	3	0.004046
3	3	0.003030
5	3	0.007591
9	9	0.004104
6	6	0.003546
4	3	0.007829
6	6	0.003683
4	4	0.003742
9	7	0.006200
6	3	0.009309
17	11	0.008777
10	9	0.008110
37	35	0.009382
11	11	0.003821
5	5	0.003955
7	7	0.003159
3	3	0.003639
3	3	0.003278
3	3	0.003167
3	3	0.003701
3	3	0.003401
3	3	0.005383
3	3	0.003195
3	3	0.003621
39	37	0.008839
17	17	0.003929
7	7	0.003548
5	5	0.003074
5	5	0.003529
5	5	0.002848
6	6	0.003882
5	5	0.003481
6	6	0.003149
17	17	0.004243
5	5	0.003433
6	6	0.003283
16	16	0.003744
4	4	0.002914
4	4	0.003826
6	6	0.002941
9	8	0.008009
17	13	0.008111
8	8	0.003890
8	6	0.007313
9	8	0.007037
8	8	0.003387
8	8	0.003821
9	6	0.007625
6	6	0.003219
4	4	0.003101
4	4	0.003178
4	4	0.003699
16	16	0.003454
12	12	0.003922
5	5	0.003713
10	10	0.003300
6	6	0.003491
4	4	0.003234
4	4	0.003509
4	4	0.003485
13	12	0.007747
5	3	0.007242
4	4	0.003000
4	4	0.003285
9	9	0.003723
7	3	0.006950
12	12	0.003266
7	7	0.003734
6	6	0.003469
12	11	0.007814
11	11	0.003028
5	1	0.006860
6	6	0.003592
5	1	0.006970
3	3	0.003300
3	3	0.003224
3	3	0.003486
3	3	0.003077
7	7	0.003577
13	13	0.004153
6	6	0.003485
5	5	0.004319
5	5	0.003209
6	6	0.003607
4	3	0.007520
5	5	0.003627
6	6	0.003522
5	5	0.003359
4	4	0.003231
4	4	0.003608
4	4	0.003213
8	8	0.003919
7	7	0.003446
13	10	0.008094
5	5	0.004222
5	5	0.003055
5	5	0.002858
3	3	0.003434
3	3	0.004815
3	3	0.002714
3	3	0.002523
3	3	0.002821
3	3	0.002879
3	3	0.002608
3	3	0.002731
3	3	0.002751
14	10	0.008282
9	9	0.003532
10	10	0.004636
22	22	0.004168
20	20	0.003571
7	7	0.003260
6	6	0.002850
6	6	0.002638
15	14	0.006766
5	5	0.003483
5	5	0.003845
8	8	0.003790
13	13	0.002721
5	3	0.005831
18	16	0.006982
6	5	0.005353
4	3	0.006346
5	3	0.005953
8	8	0.002584
8	8	0.003301
6	3	0.006953
6	6	0.002511
5	3	0.005240
5	3	0.005791
5	3	0.006481
5	3	0.005541
5	3	0.006058
5	3	0.005840
5	3	0.005518
5	3	0.005370
5	3	0.005967
5	3	0.006293
8	8	0.002630
7	7	0.002759
5	5	0.002849
7	7	0.002964
6	6	0.003427
4	4	0.002782
4	4	0.003336
4	4	0.002799
10	10	0.002741
4	3	0.006103
19	19	0.003107
25	25	0.003019
8	8	0.002844
4	4	0.003269
4	4	0.002713
11	9	0.005254
8	6	0.005048
15	11	0.005439
33	29	0.007606
5	3	0.005676
5	3	0.005235
7	7	0.002517
4	4	0.002465
4	4	0.003092
5	5	0.003413
4	4	0.002790
17	17	0.002912
28	27	0.006156
3	3	0.002325
3	3	0.002267
3	3	0.002232
3	3	0.002380
3	3	0.002747
16	16	0.003395
16	16	0.002971
19	19	0.003752
11	11	0.002422
24	19	0.006485
10	10	0.003140
10	10	0.002562
10	10	0.002604
11	11	0.003128
12	12	0.003448
7	7	0.002547
11	11	0.002984
16	16	0.003663
9	9	0.002881
12	12	0.003532
10	9	0.006217
9	9	0.002614
47	47	0.003980
32	32	0.003378
14	14	0.002595
8	8	0.002274
18	18	0.002713
10	10	0.002812
20	20	0.003458
8	8	0.002507
6	6	0.002722
8	8	0.002422
6	6	0.003058
19	19	0.002981
15	14	0.005410
6	4	0.005309
16	16	0.002674
5	4	0.005045
7	7	0.002497
6	1	0.005434
7	7	0.002573
6	6	0.002423
6	4	0.005790
8	8	0.003102
27	25	0.006515
5	5	0.002714
13	13	0.003325
5	5	0.002364
8	7	0.004975
5	5	0.002292
5	5	0.002470
8	5	0.006141
7	7	0.002685
8	8	0.002378
5	5	0.002278
5	5	0.002300
30	30	0.003070
11	11	0.002797
30	30	0.003170
30	30	0.003661
30	22	0.006424
9	9	0.002561
10	10	0.003581
10	10	0.003719
7	7	0.002430
14	14	0.002485
8	4	0.005136
11	9	0.005915
9	9	0.002898
11	4	0.006026
7	7	0.002729
12	12	0.003674
12	12	0.003064
6	6	0.002745
15	15	0.002858
7	7	0.002557
15	15	0.002903
22	22	0.003267
11	10	0.005814
10	10	0.002686
12	10	0.007874
8	8	0.002794
11	10	0.006152
6	5	0.005260
7	7	0.003081
10	10	0.003059
12	10	0.006025
11	11	0.002944
12	12	0.002813
4	1	0.005742
4	4	0.003046
4	4	0.003308
13	13	0.002965
17	17	0.003613
4	1	0.004860
4	4	0.002437
4	4	0.002442
12	12	0.002697
12	12	0.003059
4	4	0.002794
5	5	0.002517
6	4	0.006884
5	5	0.002528
5	5	0.003293
6	6	0.002810
6	6	0.002489
4	4	0.002449
4	4	0.003179
4	4	0.002767
4	4	0.002422
4	4	0.002455
4	4	0.002465
4	2	0.004619
4	4	0.002639
7	6	0.006291
7	6	0.006710
11	11	0.003188
4	4	0.002705
4	4	0.003485
50	46	0.008250
7	1	0.007150
7	1	0.005207
7	7	0.002723
7	7	0.002957
4	4	0.004371
4	4	0.003439
4	1	0.005686
4	1	0.005646
4	4	0.003446
4	4	0.002700
6	6	0.002598
4	4	0.002598
6	6	0.002813
4	1	0.004989
4	4	0.003045
4	4	0.002783
4	4	0.002509
6	2	0.005104
4	4	0.002626
4	4	0.002526
4	4	0.002628
13	13	0.002722
9	9	0.002929
12	1	0.005373
12	12	0.003096
15	15	0.002570
9	9	0.002481
10	9	0.005702
10	9	0.006411
10	10	0.003465
10	10	0.002817
10	10	0.003171
9	9	0.002436
9	9	0.002432
11	11	0.002564
8	8	0.002794
8	8	0.003077
9	7	0.006226
10	10	0.002614
14	14	0.002653
6	6	0.002649
6	4	0.006067
12	12	0.002791
21	20	0.005750
25	25	0.003117
23	23	0.003125
9	9	0.003054
14	14	0.002694
17	8	0.006126
17	8	0.005874
13	13	0.002696
11	11	0.003068
11	11	0.003206
14	12	0.005265
12	11	0.007086
12	12	0.002806
11	9	0.005773
11	11	0.002560
11	11	0.002678
11	11	0.003013
11	11	0.002869
15	15	0.003178
12	12	0.003091
11	11	0.003564
7	7	0.003109
6	6	0.002537
6	6	0.002297
15	15	0.002877
9	8	0.005834
15	14	0.007334
6	6	0.002638
10	10	0.002325
7	7	0.002608
9	9	0.002631
12	10	0.005799
6	6	0.002887
6	4	0.004770
6	6	0.002628
6	6	0.002694
10	10	0.002425
14	14	0.002784
9	8	0.006637
6	6	0.003024
6	6	0.003767
10	10	0.002590
6	6	0.002633
8	8	0.003334
14	12	0.006765
14	12	0.007484
14	12	0.007743
13	12	0.007211
23	23	0.003427
23	22	0.006860
16	16	0.002668
8	8	0.002555
8	8	0.002673
8	8	0.002582
8	8	0.002471
9	8	0.005834
5	4	0.005367
9	8	0.005513
8	8	0.002676
8	8	0.002550
7	7	0.002490
10	10	0.002590
6	6	0.002570
6	6	0.002579
15	15	0.002639
9	9	0.002601
6	4	0.005758
6	6	0.002723
5	5	0.003409
5	5	0.003032
5	5	0.002456
6	6	0.002520
5	5	0.002495
5	5	0.002519
5	5	0.002743
5	5	0.002495
16	16	0.002746
10	7	0.005492
29	25	0.007383
10	7	0.005668
5	4	0.005622
6	1	0.004945
20	18	0.006110
12	10	0.005769
24	24	0.002718
19	15	0.007207
17	14	0.006034
6	6	0.002662
6	6	0.002607
6	6	0.002709
9	9	0.002767
9	9	0.003317
14	14	0.002802
6	6	0.002478
21	20	0.006212
21	20	0.007947
6	6	0.002683
5	5	0.002380
5	5	0.002489
11	11	0.002554
5	5	0.002561
6	5	0.005335
19	18	0.005924
10	5	0.006563
10	5	0.006344
10	5	0.006438
10	10	0.002500
12	12	0.002580
7	7	0.002737
6	6	0.003534
5	5	0.002578
5	5	0.002589
5	5	0.003195
15	14	0.006750
10	5	0.005342
16	15	0.005598
9	5	0.006003
15	15	0.002770
11	11	0.002952
12	5	0.005377
11	11	0.003180
10	5	0.005821
10	5	0.006436
10	5	0.005372
10	5	0.006349
10	5	0.006445
15	15	0.002984
13	13	0.002724
15	15	0.002736
15	15	0.002608
10	10	0.002644
9	5	0.006575
9	5	0.005282
25	25	0.002749
9	9	0.002605
16	16	0.003168
10	5	0.006596
8	8	0.002592
7	7	0.002458
7	7	0.002548
7	7	0.002468
6	6	0.003675
11	10	0.006644
5	5	0.002341
5	5	0.002269
5	5	0.002269
5	5	0.002344
5	5	0.002304
7	5	0.005371
32	26	0.007918
6	6	0.002739
6	6	0.002513
7	2	0.005590
7	2	0.005116
9	9	0.002786
5	4	0.005554
5	4	0.005247
6	1	0.006176
7	6	0.006048
7	6	0.005695
6	1	0.004891
12	12	0.003004
8	8	0.003109
9	9	0.003020
7	7	0.003264
6	6	0.002780
6	6	0.002588
6	6	0.003217
9	1	0.006625
6	6	0.002858
22	22	0.003732
12	8	0.006297
46	38	0.006631
5	5	0.002658
5	5	0.002539
5	5	0.002527
5	5	0.002451
7	7	0.002600
5	5	0.002754
6	6	0.002436
5	5	0.002525
5	5	0.002593
6	5	0.005387
6	6	0.002395
5	5	0.002369
5	5	0.002654
8	7	0.006115
7	7	0.002579
5	5	0.002507
26	26	0.003167
17	14	0.006127
13	13	0.002632
9	9	0.002722
6	6	0.002758
9	9	0.002467
5	4	0.006186
5	1	0.005224
5	4	0.005301
6	5	0.007418
24	22	0.005808
5	1	0.004875
5	1	0.004870
8	1	0.006427
7	7	0.002614
6	6	0.002647
6	6	0.003043
6	6	0.003235
6	6	0.003009
8	8	0.002393
12	12	0.002593
6	4	0.005392
25	23	0.005858
19	18	0.005907
27	27	0.003484
7	7	0.002898
10	9	0.005789
11	10	0.006091
5	5	0.003534
7	7	0.002314
7	7	0.002325
5	5	0.002292
7	7	0.002474
5	5	0.002547
8	8	0.002410
11	11	0.002553
7	7	0.002622
6	6	0.002333
7	7	0.002589
5	5	0.002717
8	8	0.003395
7	7	0.002279
15	15	0.002655
6	6	0.002434
11	10	0.006283
5	5	0.002608
5	5	0.002275
23	19	0.006079
21	21	0.003654
15	15	0.003116
6	1	0.007609
11	9	0.005555
14	10	0.006404
14	10	0.006559
7	7	0.002726
22	20	0.005938
13	12	0.007584
17	12	0.005996
15	15	0.002903
9	9	0.002407
16	15	0.007097
14	1	0.008714
14	1	0.009341
11	11	0.002680
20	18	0.006567
40	31	0.007723
13	13	0.002946
7	3	0.005073
6	6	0.002473
8	1	0.008252
11	11	0.002646
6	6	0.002550
6	6	0.002363
6	6	0.002290
6	6	0.002343
7	4	0.006411
4	4	0.002326
4	4	0.002302
9	9	0.003525
12	12	0.003186
7	7	0.003079
4	4	0.002350
4	4	0.003012
4	4	0.002552
6	6	0.002546
6	6	0.003461
7	7	0.002828
6	6	0.002276
12	11	0.005834
11	11	0.002744
6	6	0.002543
6	6	0.002977
5	5	0.002414
16	16	0.002713
4	4	0.002513
6	6	0.003013
5	5	0.002787
10	10	0.002567
5	5	0.002468
6	6	0.002378
4	4	0.002296
4	4	0.002340
4	4	0.002657
6	6	0.002553
4	4	0.002866
4	4	0.003373
4	4	0.002747
7	7	0.002684
7	7	0.002654
6	6	0.002492
7	7	0.002698
4	4	0.003179
4	4	0.002347
15	14	0.006176
4	4	0.002444
4	4	0.003319
4	4	0.003758
6	6	0.002929
5	5	0.002228
4	4	0.002484
4	4	0.002355
17	16	0.005808
8	8	0.002541
8	6	0.005030
11	11	0.004057
5	4	0.006472
4	4	0.002756
8	7	0.005854
9	9	0.002661
7	7	0.002708
8	6	0.005858
4	4	0.002779
4	4	0.003387
4	4	0.002879
6	6	0.002512
6	6	0.002614
5	5	0.002675
4	4	0.002461
4	4	0.002287
4	4	0.002254
10	10	0.002330
9	9	0.002626
8	8	0.002949
7	7	0.002601
5	5	0.002450
4	4	0.002310
4	4	0.002326
4	4	0.002926
7	7	0.003372
4	4	0.002673
10	10	0.002450
5	5	0.002621
5	5	0.002710
12	12	0.002390
4	4	0.002410
4	4	0.003247
4	4	0.002475
17	17	0.003120
6	6	0.003949
5	5	0.002598
4	4	0.002289
4	4	0.002431
7	7	0.003263
15	13	0.006510
6	6	0.003015
12	12	0.003117
9	9	0.003525
4	4	0.002645
4	4	0.002206
13	13	0.002824
13	13	0.002478
16	16	0.002397
14	14	0.002504
8	8	0.003304
19	19	0.002939
10	10	0.002697
31	31	0.002764
13	13	0.002603
12	12	0.003520
12	12	0.002736
12	12	0.003011
20	20	0.003373
7	7	0.002496
13	13	0.002914
6	6	0.002666
15	15	0.002962
4	4	0.002661
4	4	0.002516
4	4	0.002384
4	4	0.002422
18	18	0.002841
7	7	0.002531
13	13	0.002704
7	7	0.002930
5	5	0.002369
4	4	0.002244
4	4	0.002826
4	4	0.003315
4	4	0.003037
5	4	0.005380
4	4	0.002287
4	4	0.002276
17	16	0.006636
8	8	0.002788
14	14	0.002552
11	11	0.003127
17	16	0.006070
6	5	0.004968
4	4	0.002598
4	4	0.002525
4	2	0.004621
4	4	0.003098
4	4	0.004014
8	7	0.006374
7	7	0.002501
8	6	0.005406
6	6	0.002540
5	5	0.002680
8	4	0.005238
9	9	0.003224
4	4	0.002285
4	4	0.002415
4	4	0.002481
4	4	0.002507
4	4	0.002751
4	4	0.003018
6	4	0.005133
5	5	0.002469
4	4	0.002275
6	6	0.002452
8	8	0.002343
4	4	0.003122
4	4	0.003561
4	4	0.002407
4	4	0.002340
5	5	0.002491
4	4	0.002260
4	4	0.002472
4	4	0.002629
4	4	0.002523
4	4	0.003350
4	4	0.002764
4	4	0.002605
4	4	0.002616
24	21	0.006074
9	9	0.003121
4	4	0.002955
6	6	0.002627
9	9	0.002635
12	12	0.002614
5	5	0.003266
7	7	0.002662
4	4	0.002218
4	4	0.002222
4	4	0.002249
4	4	0.002195
6	6	0.002365
4	4	0.002272
4	4	0.002264
4	4	0.002237
5	5	0.002716
4	4	0.003453
8	6	0.005383
6	1	0.006357
13	12	0.006124
7	7	0.002281
10	10	0.002638
4	4	0.002535
4	4	0.002476
17	17	0.003461
4	4	0.002633
10	10	0.002361
6	6	0.002356
4	4	0.002330
6	6	0.002382
4	4	0.002780
5	5	0.002867
4	4	0.002443
4	4	0.002162
4	4	0.002205
4	4	0.002236
19	19	0.002705
6	6	0.002429
8	8	0.002297
8	8	0.002327
12	11	0.005091
5	1	0.005294
17	17	0.002882
5	5	0.002682
8	8	0.002941
5	5	0.002900
7	7	0.002548
5	5	0.002604
5	5	0.002235
8	8	0.002290
27	27	0.002654
5	5	0.002116
5	5	0.002549
9	7	0.005927
5	5	0.002238
5	5	0.002302
6	6	0.003234
5	5	0.002478
4	1	0.005116
4	1	0.005838
4	1	0.006196
15	15	0.002788
7	6	0.005627
5	1	0.005917
6	6	0.003385
5	5	0.002245
6	6	0.002545
11	11	0.002482
4	4	0.002235
4	4	0.002165
4	4	0.002266
4	4	0.002258
4	4	0.002225
4	4	0.002245
4	4	0.002447
4	4	0.002470
4	4	0.002275
18	18	0.002794
6	6	0.002612
6	6	0.002921
6	6	0.003717
6	6	0.002788
8	8	0.002888
8	8	0.002594
8	8	0.002904
9	9	0.003552
20	20	0.002574
7	7	0.002659
13	13	0.003125
6	5	0.005273
5	5	0.003075
5	5	0.002423
5	5	0.002401
5	5	0.002563
5	5	0.002744
5	5	0.002403
6	5	0.005238
5	5	0.002601
10	10	0.002581
7	7	0.002242
6	6	0.002459
3	1	0.005427
3	1	0.005356
3	1	0.005235
3	1	0.005143
3	1	0.005989
3	1	0.005631
3	1	0.005578
3	1	0.005048
3	1	0.005163
3	1	0.005013
3	1	0.005261
3	1	0.005362
3	1	0.005476
3	1	0.005169
3	1	0.005332
3	1	0.005694
3	1	0.005006
3	1	0.005219
3	1	0.005343
3	1	0.005928
3	1	0.005050
3	1	0.005006
3	1	0.005053
3	1	0.005231
3	1	0.006527
3	1	0.005355
3	1	0.005118
3	1	0.005301
3	1	0.005893
3	1	0.006216
3	1	0.006532
3	1	0.005089
3	1	0.005277
3	1	0.006252
3	1	0.005222
3	1	0.004972
3	1	0.005286
3	1	0.005863
3	1	0.005773
3	1	0.005514
3	1	0.006221
3	1	0.005344
3	1	0.005054
3	1	0.005026
3	1	0.005080
3	1	0.005644
3	1	0.005085
3	1	0.005636
3	1	0.005117
3	1	0.005815
3	1	0.006539
3	1	0.006028
3	1	0.005248
3	1	0.005433
3	1	0.006264
3	1	0.005011
3	1	0.005011
9	9	0.002561
19	18	0.005635
6	6	0.002628
7	5	0.005147
7	5	0.005118
5	1	0.005060
5	1	0.005962
5	1	0.005149
10	10	0.002672
10	6	0.005372
8	8	0.002838
7	7	0.003446
6	6	0.002858
9	9	0.002312
11	11	0.002497
11	11	0.003099
7	7	0.002692
11	11	0.002718
5	5	0.002197
6	6	0.002436
14	13	0.005370
15	11	0.005085
17	14	0.005588
5	5	0.002299
5	5	0.002212
5	5	0.002255
11	7	0.004949
25	25	0.002611
4	1	0.005052
4	1	0.005235
6	6	0.002598
5	5	0.002515
5	1	0.005578
5	5	0.002352
5	5	0.002473
5	5	0.002414
13	13	0.002888
5	1	0.006124
5	1	0.005393
5	1	0.005097
6	6	0.002644
5	5	0.002661
4	4	0.002619
4	4	0.003413
4	4	0.002462
4	4	0.002365
4	4	0.002390
4	4	0.002531
4	4	0.002331
4	4	0.002469
4	4	0.002400
4	4	0.002318
4	4	0.002455
7	7	0.002718
7	7	0.003210
10	10	0.003252
9	8	0.005200
4	1	0.005366
4	1	0.005065
4	1	0.005480
4	4	0.003199
4	1	0.005929
4	1	0.005385
15	15	0.002686
6	6	0.002279
6	6	0.002210
5	1	0.005238
6	6	0.002978
5	5	0.002464
5	5	0.002457
11	9	0.005202
7	5	0.005139
5	5	0.002445
5	5	0.003579
9	9	0.002655
4	4	0.002266
4	4	0.002320
4	4	0.002561
4	4	0.002224
4	4	0.002218
4	4	0.002244
4	4	0.002202
4	4	0.002364
4	4	0.002194
11	11	0.002470
18	18	0.002992
7	7	0.002626
14	14	0.002618
6	6	0.002605
9	9	0.002489
5	5	0.002332
11	9	0.005499
4	1	0.005520
4	1	0.005503
15	15	0.002601
6	1	0.005930
6	6	0.002668
6	6	0.003338
6	1	0.005035
5	1	0.005271
5	1	0.005575
5	1	0.006686
9	9	0.003465
11	11	0.003110
10	10	0.002772
4	4	0.002807
4	4	0.002859
4	4	0.003008
4	4	0.002821
4	4	0.003271
4	4	0.002367
4	4	0.002515
4	4	0.002434
4	4	0.002376
4	4	0.002466
7	7	0.002685
7	6	0.005439
22	21	0.006348
11	11	0.003337
12	12	0.003637
12	12	0.004039
12	9	0.006102
10	10	0.003145
11	10	0.006038
11	8	0.005208
7	7	0.003015
4	1	0.005713
4	1	0.007701
4	1	0.005665
4	1	0.005309
4	1	0.005367
4	1	0.005279
7	7	0.002515
10	9	0.006223
7	7	0.003010
52	46	0.007791
52	46	0.007099
6	6	0.002602
12	7	0.005517
11	11	0.002632
8	8	0.002514
7	7	0.002742
11	11	0.003045
5	1	0.005310
5	1	0.004981
5	1	0.005356
5	1	0.006070
5	1	0.005677
5	1	0.006644
5	1	0.005582
5	1	0.005385
5	1	0.005176
5	1	0.005185
5	1	0.005323
5	1	0.005539
5	1	0.005093
7	7	0.003507
7	7	0.002865
7	7	0.002348
6	1	0.005089
5	5	0.002452
5	5	0.002458
8	8	0.002556
6	6	0.002348
6	6	0.002393
5	5	0.003308
7	7	0.002976
6	1	0.009735
4	4	0.002255
4	4	0.002226
4	4	0.002214
4	4	0.002212
4	4	0.002223
4	4	0.002181
4	4	0.002293
4	4	0.002245
16	13	0.005284
7	7	0.003051
7	1	0.007753
7	3	0.005310
8	8	0.002735
8	8	0.002292
6	6	0.002251
7	7	0.002537
26	19	0.006919
8	8	0.002812
7	7	0.002331
6	5	0.005327
10	10	0.002979
10	6	0.005576
6	6	0.002246
15	14	0.005901
7	7	0.002572
6	6	0.002396
12	12	0.002806
7	5	0.005416
5	5	0.002266
5	5	0.002156
6	6	0.002282
5	5	0.003467
7	7	0.002914
5	5	0.002285
5	5	0.002231
22	22	0.002529
3	3	0.002172
3	3	0.002188
3	3	0.002159
3	3	0.002449
3	3	0.002192
3	3	0.002728
3	3	0.002285
3	3	0.002194
3	3	0.002526
3	3	0.002252
3	3	0.002209
3	3	0.002244
3	3	0.002217
3	3	0.002344
3	3	0.003309
3	3	0.002601
3	3	0.002241
3	3	0.002253
3	3	0.002449
3	3	0.002508
3	3	0.002376
3	3	0.002217
3	3	0.002538
3	3	0.002327
3	3	0.002233
3	3	0.002265
15	10	0.007402
8	8	0.002449
8	8	0.003727
8	8	0.002630
13	13	0.002797
13	13	0.002651
15	15	0.003538
11	11	0.002677
6	4	0.005029
8	8	0.002610
13	8	0.005760
8	4	0.005308
9	8	0.005318
9	9	0.002470
9	9	0.002442
9	9	0.002445
11	1	0.004818
19	17	0.006070
11	11	0.002440
40	27	0.008233
40	39	0.006809
17	17	0.002854
10	10	0.003391
8	8	0.002823
10	10	0.002402
8	8	0.002472
8	8	0.002460
8	8	0.003465
20	17	0.005782
8	8	0.002688
7	1	0.005510
7	1	0.005697
6	1	0.006459
6	1	0.006294
7	7	0.002553
25	22	0.005296
11	11	0.002560
7	6	0.005225
7	6	0.005345
6	6	0.002420
5	5	0.002227
5	5	0.002194
7	7	0.002309
5	5	0.002260
6	4	0.004862
6	6	0.002377
10	9	0.005318
8	8	0.002657
8	8	0.002614
5	5	0.002242
7	7	0.002749
5	5	0.002388
13	12	0.005382
13	10	0.005685
11	11	0.002324
9	9	0.002802
29	24	0.007044
29	24	0.008018
9	9	0.002596
47	39	0.006905
21	21	0.002699
13	12	0.005318
29	29	0.002758
33	33	0.003057
13	6	0.005497
13	12	0.005363
11	11	0.002655
11	11	0.002992
12	12	0.002728
10	10	0.002957
21	21	0.002929
20	18	0.005609
18	12	0.005820
7	7	0.002603
12	10	0.005306
15	15	0.002799
15	15	0.002664
17	17	0.002907
8	8	0.002902
8	8	0.002503
6	6	0.002455
6	6	0.002828
11	11	0.002414
8	8	0.003564
10	10	0.002779
17	17	0.002578
8	8	0.002414
10	10	0.002429
10	10	0.002263
6	4	0.004857
4	1	0.005326
4	1	0.005781
7	1	0.004705
7	1	0.004719
8	1	0.007911
8	1	0.007906
4	4	0.002656
10	8	0.005785
4	4	0.002705
4	4	0.002543
8	8	0.002772
5	5	0.002633
8	8	0.002691
4	4	0.002788
11	11	0.002624
4	1	0.005194
6	6	0.002699
4	4	0.002430
4	4	0.002792
11	11	0.003875
7	1	0.005728
4	4	0.002518
4	4	0.003291
4	4	0.002794
4	4	0.002494
6	6	0.002517
6	1	0.005774
4	1	0.005185
4	1	0.005307
8	6	0.006676
5	3	0.005263
9	7	0.005474
7	1	0.005426
7	1	0.005041
6	4	0.005028
4	1	0.006024
7	7	0.002670
5	5	0.002695
4	4	0.002713
14	6	0.006199
19	19	0.003729
19	19	0.002968
9	9	0.002636
4	4	0.002582
6	6	0.002661
4	4	0.002777
4	4	0.002998
7	1	0.005259
9	8	0.005685
5	5	0.003706
4	1	0.005320
8	8	0.002571
4	4	0.002571
4	1	0.005083
4	1	0.005125
4	4	0.002563
4	4	0.002594
4	1	0.005824
4	1	0.005598
11	1	0.006180
11	1	0.005933
13	13	0.002669
29	21	0.006875
8	8	0.002472
29	21	0.005665
15	10	0.006012
29	21	0.005687
11	10	0.006412
11	10	0.005290
25	23	0.006987
15	10	0.005628
15	10	0.005682
10	1	0.008488
8	8	0.002845
6	6	0.002541
13	12	0.005518
6	6	0.002418
7	7	0.002654
17	17	0.003363
8	8	0.003602
13	12	0.005546
6	6	0.002904
25	14	0.009883
6	6	0.002565
13	12	0.005818
8	6	0.006182
8	6	0.005117
5	4	0.005180
5	4	0.006519
13	12	0.005530
6	5	0.005357
14	11	0.005572
7	1	0.005925
5	1	0.005946
8	7	0.006614
6	5	0.005226
13	12	0.006728
13	12	0.006600
9	9	0.002728
10	8	0.006396
42	36	0.007512
11	11	0.002582
5	5	0.002719
5	5	0.002458
9	9	0.002557
18	18	0.002765
5	5	0.002867
6	6	0.002886
10	10	0.003717
10	10	0.002734
7	7	0.003549
9	9	0.002811
5	5	0.002468
5	5	0.003040
5	5	0.002396
5	5	0.002632
7	7	0.002269
8	8	0.002373
8	6	0.005102
18	7	0.006409
18	7	0.005679
7	6	0.005934
5	1	0.006519
5	1	0.004643
5	1	0.004704
5	4	0.005242
5	4	0.005434
13	12	0.005742
5	4	0.005540
16	16	0.002379
16	16	0.002367
11	11	0.002822
13	13	0.002986
8	8	0.002605
8	8	0.002450
8	8	0.002413
6	4	0.004890
6	4	0.005584
6	4	0.005128
6	4	0.005557
8	8	0.003126
9	9	0.002658
9	9	0.002411
10	8	0.005136
6	5	0.005130
6	6	0.002465
5	5	0.002326
5	5	0.002426
18	18	0.002830
10	5	0.005992
10	5	0.006201
10	5	0.005980
19	18	0.005579
7	7	0.002461
5	5	0.002213
5	5	0.002258
5	5	0.002433
5	3	0.005032
5	5	0.002427
8	6	0.005225
6	5	0.005892
8	5	0.006489
21	21	0.002847
16	16	0.002685
10	5	0.005864
10	5	0.005208
10	5	0.005202
10	5	0.005189
28	25	0.006200
19	18	0.005979
50	46	0.007202
21	21	0.002800
21	19	0.006960
21	21	0.002622
20	18	0.005374
21	21	0.002599
12	12	0.002604
21	19	0.005523
20	20	0.003152
13	13	0.002711
15	15	0.002626
10	10	0.003698
9	5	0.005198
9	5	0.005198
10	5	0.006765
9	9	0.002894
9	3	0.005811
10	10	0.003689
8	8	0.002752
9	5	0.005395
7	7	0.002392
7	7	0.002473
6	6	0.002693
6	6	0.002590
5	5	0.002201
5	5	0.002492
5	5	0.002285
5	5	0.002162
5	5	0.002584
5	5	0.003236
11	11	0.002527
8	2	0.008509
7	6	0.006638
6	6	0.003567
9	9	0.003377
16	15	0.006296
5	4	0.005324
6	5	0.005201
5	1	0.005447
5	4	0.005102
13	12	0.005426
10	10	0.003159
8	8	0.003350
6	6	0.002543
6	6	0.002556
14	14	0.002524
5	5	0.002388
7	7	0.002440
5	5	0.002416
6	6	0.002412
5	5	0.002597
5	5	0.002422
5	5	0.002554
5	5	0.002377
14	14	0.002595
7	7	0.002717
7	7	0.003180
7	7	0.002712
5	5	0.002652
5	5	0.002787
11	11	0.002637
12	12	0.002541
7	7	0.002605
11	9	0.005376
12	12	0.002841
7	6	0.005959
9	8	0.006611
12	11	0.006992
8	6	0.005613
7	5	0.005237
6	6	0.002505
6	6	0.002425
6	6	0.002558
6	4	0.005780
6	6	0.002773
8	8	0.002488
6	6	0.002236
10	1	0.008780
5	5	0.002609
8	8	0.002583
5	5	0.003001
22	22	0.003013
7	7	0.002717
11	10	0.005739
5	5	0.003020
7	7	0.002327
5	5	0.002511
7	1	0.006119
11	11	0.002591
11	11	0.002524
8	4	0.005686
8	4	0.006397
17	15	0.005718
13	12	0.005552
16	9	0.005403
10	10	0.002712
10	10	0.002954
9	9	0.002824
7	7	0.002731
7	7	0.003477
7	7	0.002487
7	7	0.002417
9	7	0.005535
9	7	0.005712
22	22	0.003055
15	11	0.005769
25	25	0.002738
16	15	0.007097
8	1	0.006502
10	10	0.002615
6	6	0.002660
7	7	0.002836
7	7	0.002424
6	6	0.002427
5	5	0.002349
4	4	0.002407
4	4	0.002419
7	7	0.002422
4	4	0.002613
5	4	0.006452
9	6	0.005753
4	3	0.005021
4	4	0.002446
4	4	0.002421
4	4	0.002432
5	5	0.002497
4	4	0.002270
4	4	0.002358
4	4	0.002381
9	4	0.005986
22	22	0.003034
4	4	0.002397
4	4	0.002517
4	1	0.006265
4	2	0.005518
4	4	0.003400
4	4	0.002668
11	11	0.002587
5	4	0.005169
6	6	0.002729
5	5	0.002342
6	4	0.005013
17	16	0.005407
4	3	0.004887
4	4	0.003142
5	4	0.005447
5	5	0.002341
7	7	0.002977
4	2	0.004779
4	4	0.002574
4	4	0.002542
17	17	0.003806
11	11	0.003126
5	5	0.002236
4	3	0.004964
4	4	0.002261
6	6	0.002591
6	6	0.002817
6	6	0.002290
5	5	0.002448
4	4	0.002582
4	4	0.002848
9	9	0.002964
8	8	0.002779
5	5	0.002189
5	5	0.003662
4	4	0.002480
4	4	0.002210
5	5	0.002324
4	3	0.005260
4	4	0.002602
4	4	0.002217
4	4	0.002219
11	11	0.002676
5	4	0.007090
4	4	0.002190
14	12	0.006594
4	4	0.002890
9	5	0.005127
4	3	0.006569
4	4	0.002423
4	4	0.002263
6	6	0.003528
4	4	0.002993
10	9	0.005468
5	5	0.002421
5	5	0.002251
4	4	0.002593
6	6	0.002507
4	4	0.002600
36	31	0.006068
5	5	0.002512
5	5	0.002604
5	5	0.002405
4	4	0.002168
4	4	0.002213
4	3	0.005191
5	4	0.006332
9	9	0.002465
9	9	0.002498
9	9	0.003092
5	5	0.003214
4	4	0.002852
4	4	0.002832
5	5	0.002300
5	5	0.002875
6	1	0.005786
4	4	0.002252
4	3	0.004884
4	4	0.002204
6	6	0.002441
7	7	0.002201
14	14	0.002887
18	18	0.003440
18	18	0.002625
19	19	0.002788
13	13	0.002698
19	19	0.003051
13	13	0.003762
13	13	0.002756
13	13	0.003173
10	10	0.002933
25	25	0.002957
20	20	0.003734
7	7	0.002987
6	6	0.002390
13	13	0.002641
11	11	0.002565
5	5	0.003335
5	5	0.002716
4	4	0.002324
4	4	0.002268
4	3	0.006465
4	4	0.002344
4	4	0.002179
6	6	0.002516
14	14	0.003137
7	7	0.002716
5	5	0.002443
9	4	0.004838
6	6	0.002413
4	2	0.004845
4	4	0.002558
4	4	0.002606
11	11	0.002547
11	11	0.002801
11	11	0.003717
7	7	0.002356
7	4	0.006654
7	7	0.002958
7	7	0.002440
5	5	0.002297
5	5	0.002240
5	5	0.002567
11	11	0.003386
7	6	0.005302
4	4	0.003005
4	3	0.004934
5	5	0.002216
5	5	0.002636
7	7	0.002419
4	4	0.002514
4	1	0.005465
4	4	0.002709
6	6	0.002269
5	4	0.005372
5	5	0.002486
25	4	0.005328
21	4	0.005540
23	23	0.002699
10	4	0.005112
7	6	0.005605
4	4	0.002436
4	4	0.002568
4	3	0.005961
7	7	0.002601
9	7	0.005778
10	10	0.003188
5	5	0.003115
17	14	0.006934
4	4	0.002292
4	4	0.002295
11	11	0.002430
4	4	0.002299
4	4	0.002504
4	4	0.002542
7	7	0.002634
8	8	0.002553
7	7	0.002603
7	7	0.002339
6	6	0.003102
8	8	0.002825
7	7	0.002740
5	5	0.002950
7	7	0.002361
10	10	0.003180
4	4	0.003134
14	12	0.006163
8	8	0.003464
5	5	0.002627
5	5	0.002311
13	8	0.007470
4	2	0.004906
4	4	0.002445
4	4	0.003022
4	4	0.002870
4	4	0.003554
4	4	0.003152
4	1	0.005876
4	2	0.005248
4	4	0.002852
4	4	0.002772
4	4	0.002963
4	4	0.003421
4	4	0.002991
15	12	0.006573
6	6	0.002497
14	14	0.002808
5	4	0.005257
8	8	0.002775
5	4	0.005844
5	5	0.002349
5	5	0.002295
4	4	0.003071
4	3	0.005334
14	14	0.002658
4	4	0.003388
4	4	0.003225
6	6	0.003451
4	4	0.002302
4	3	0.004993
6	6	0.002412
4	4	0.002910
4	4	0.002377
4	3	0.005223
4	4	0.002243
6	5	0.006470
4	4	0.002692
28	25	0.005665
4	4	0.003156
4	4	0.003050
4	3	0.005581
6	6	0.002448
6	6	0.002613
5	5	0.003081
5	5	0.002736
17	17	0.002652
4	4	0.002243
7	7	0.002359
4	4	0.002279
4	4	0.003224
4	3	0.005954
2	1	0.006158
2	1	0.005398
2	1	0.006051
2	1	0.005561
2	1	0.005766
2	1	0.005444
2	1	0.005952
2	1	0.006201
2	1	0.006317
2	1	0.005464
2	1	0.005575
2	1	0.005657
2	1	0.005537
2	1	0.004884
2	1	0.005858
2	1	0.005033
2	1	0.005118
2	1	0.004806
2	1	0.006037
2	1	0.005330
2	1	0.005450
2	1	0.004834
2	1	0.006240
2	1	0.005101
2	1	0.005200
2	1	0.004967
2	1	0.004837
2	1	0.005123
2	1	0.005092
2	1	0.006219
2	1	0.005149
2	1	0.005358
2	1	0.006659
2	1	0.005565
2	1	0.005299
2	1	0.006451
2	1	0.005062
2	1	0.004763
2	1	0.005291
2	1	0.005744
2	1	0.005092
2	1	0.005594
2	1	0.006838
2	1	0.007205
2	1	0.005153
2	1	0.005679
2	1	0.006484
2	1	0.005433
2	1	0.005506
2	1	0.005840
2	1	0.006060
2	1	0.005366
2	1	0.005427
2	1	0.005971
2	1	0.005723
2	1	0.005102
2	1	0.005293
2	1	0.006443
2	1	0.005097
2	1	0.005275
2	1	0.006294
2	1	0.006026
2	1	0.005220
2	1	0.006523
2	1	0.004981
2	1	0.005034
2	1	0.005238
2	1	0.006070
2	1	0.005984
2	1	0.004811
2	1	0.005830
2	1	0.005199
2	1	0.005335
2	1	0.005302
2	1	0.005945
2	1	0.005077
2	1	0.005258
2	1	0.005875
2	1	0.005470
2	1	0.006610
2	1	0.006528
2	1	0.006130
2	1	0.005602
2	1	0.006346
2	1	0.005726
2	1	0.005105
2	1	0.006235
2	1	0.006032
2	1	0.005779
2	1	0.005447
2	1	0.005466
2	1	0.005612
2	1	0.006228
2	1	0.005450
2	1	0.004958
2	1	0.006933
2	1	0.004903
2	1	0.004879
2	1	0.005101
2	1	0.005965
2	1	0.006745
2	1	0.005511
2	1	0.005587
2	1	0.005529
2	1	0.005208
2	1	0.006241
2	1	0.006368
2	1	0.005010
2	1	0.005296
2	1	0.005621
2	1	0.005054
2	1	0.005668
2	1	0.007625
2	1	0.005978
2	1	0.005184
2	1	0.004951
2	1	0.006728
2	1	0.005332
2	1	0.005352
2	1	0.004951
2	1	0.005952
2	1	0.004841
2	1	0.008006
2	1	0.004968
2	1	0.006379
2	1	0.006296
2	1	0.005423
2	1	0.005441
2	1	0.006216
2	1	0.005390
2	1	0.006374
2	1	0.005454
2	1	0.005957
2	1	0.005215
2	1	0.005542
2	1	0.006095
2	1	0.005180
2	1	0.005581
2	1	0.005793
2	1	0.005021
2	1	0.005705
2	1	0.005618
2	1	0.005779
2	1	0.005839
2	1	0.006538
2	1	0.005077
2	1	0.005611
2	1	0.005899
2	1	0.006159
2	1	0.004879
2	1	0.007554
2	1	0.005087
2	1	0.005764
2	1	0.005362
2	1	0.005935
2	1	0.005601
2	1	0.004809
2	1	0.004935
2	1	0.005139
17	15	0.006483
25	23	0.008826
8	7	0.006817
14	9	0.006323
8	8	0.003190
14	14	0.002731
14	14	0.002629
20	20	0.003143
9	9	0.003200
9	9	0.002702
10	10	0.002776
8	8	0.003186
14	13	0.006166
10	10	0.002939
10	10	0.003367
8	6	0.006251
22	18	0.005875
39	38	0.006539
23	23	0.003100
32	32	0.003867
12	11	0.005556
27	24	0.005552
9	9	0.003106
7	6	0.006807
9	8	0.006457
7	6	0.005556
7	6	0.005785
7	6	0.006641
7	6	0.005935
7	6	0.005735
7	6	0.005439
7	7	0.002965
7	7	0.002676
7	7	0.003291
13	13	0.003327
7	7	0.003658
35	32	0.007300
9	9	0.004692
7	6	0.005534
22	22	0.002790
9	8	0.006092
9	8	0.005514
13	8	0.006145
9	9	0.002524
9	5	0.005537
10	10	0.002443
12	12	0.002584
12	11	0.006703
12	12	0.002476
7	7	0.002486
6	6	0.002372
11	8	0.006050
7	7	0.002617
10	9	0.005640
18	14	0.006890
10	9	0.005291
9	9	0.002431
15	15	0.003249
15	14	0.005934
23	22	0.006856
14	13	0.005826
21	20	0.006291
18	14	0.005962
19	18	0.006467
15	14	0.006020
15	14	0.007051
13	12	0.006032
12	11	0.006039
20	19	0.007426
20	18	0.005790
15	15	0.002625
12	7	0.005884
17	17	0.003021
15	15	0.002908
6	6	0.002953
6	6	0.003266
22	21	0.005878
19	19	0.003024
11	9	0.006009
6	4	0.005957
15	7	0.005828
8	7	0.006322
9	6	0.006339
21	17	0.006680
10	7	0.005473
11	9	0.006940
11	7	0.005598
12	12	0.002472
20	16	0.005830
25	21	0.007765
25	23	0.006427
21	20	0.006017
13	11	0.006264
11	9	0.006529
10	4	0.005792
9	7	0.005435
14	12	0.007754
16	14	0.006862
15	13	0.005828
16	14	0.006845
13	11	0.006614
13	11	0.005582
29	28	0.006661
16	16	0.003847
21	16	0.006371
21	21	0.002813
16	16	0.002682
24	24	0.003430
10	6	0.007070
13	13	0.003034
10	6	0.005560
13	11	0.005654
13	11	0.006596
10	6	0.005814
9	6	0.005956
9	7	0.005385
10	10	0.003098
11	7	0.005208
8	8	0.002496
9	5	0.005356
9	5	0.005364
10	1	0.007953
6	6	0.002541
6	4	0.005482
7	7	0.002642
6	6	0.002688
25	25	0.003269
15	11	0.005544
9	8	0.006638
10	10	0.002694
6	6	0.003042
10	8	0.005690
16	15	0.005432
13	10	0.006131
15	13	0.006374
7	7	0.002852
9	7	0.005713
53	49	0.008314
8	8	0.002994
5	1	0.006018
5	4	0.006146
5	1	0.005389
5	4	0.005731
22	19	0.006312
7	6	0.005206
5	1	0.006935
5	4	0.005753
7	6	0.005845
7	6	0.005634
5	1	0.005880
5	1	0.005474
13	11	0.005944
16	15	0.006119
7	7	0.002891
8	6	0.006765
10	10	0.003224
13	10	0.005819
6	6	0.002936
6	6	0.003294
6	6	0.002805
6	6	0.003563
23	20	0.006603
23	20	0.008165
17	13	0.006130
8	8	0.002661
7	7	0.002284
6	6	0.002702
6	6	0.003590
6	6	0.002954
7	7	0.002822
8	1	0.005535
6	6	0.002497
6	6	0.003134
6	6	0.002768
16	16	0.003445
6	6	0.002992
6	6	0.002295
6	6	0.002545
9	9	0.003404
18	18	0.002994
6	6	0.003171
15	15	0.002896
7	6	0.006282
10	5	0.005466
5	5	0.002508
5	5	0.002696
5	5	0.002884
6	6	0.003113
9	9	0.002789
7	7	0.002289
10	5	0.005722
10	5	0.005495
7	5	0.006496
10	5	0.005390
7	7	0.002677
12	5	0.005554
7	7	0.002812
6	5	0.005223
7	7	0.002634
10	5	0.006271
11	11	0.003340
11	11	0.003151
10	10	0.002550
10	9	0.006680
7	7	0.002607
6	6	0.002447
5	3	0.005700
5	3	0.005176
5	5	0.002888
5	5	0.003586
10	10	0.003261
16	14	0.005674
13	13	0.002621
13	13	0.003155
10	5	0.006310
10	5	0.006114
15	15	0.002603
15	15	0.002604
9	5	0.005522
9	5	0.006444
9	5	0.006120
23	20	0.006026
9	9	0.002621
9	1	0.005884
9	5	0.005645
10	10	0.002890
8	8	0.004742
13	12	0.006415
7	7	0.002430
7	7	0.002942
7	7	0.002724
6	6	0.002382
6	6	0.002433
9	9	0.002422
5	5	0.002523
5	5	0.003213
5	5	0.002316
5	5	0.002623
5	5	0.003089
15	14	0.006589
28	22	0.007554
10	10	0.003357
9	8	0.005679
12	12	0.003006
6	6	0.003310
13	10	0.006649
16	12	0.005625
8	8	0.003195
8	6	0.005903
7	6	0.005927
7	1	0.005963
7	6	0.006137
7	6	0.005842
7	6	0.005454
7	6	0.005873
7	6	0.006627
24	24	0.003613
7	7	0.002568
7	7	0.002957
9	7	0.005740
11	11	0.002735
12	12	0.003085
10	6	0.005207
22	22	0.003954
13	11	0.006024
13	11	0.007660
17	16	0.006468
7	7	0.002628
16	8	0.006711
13	11	0.006332
11	9	0.005443
29	10	0.007065
28	10	0.006809
15	15	0.003111
15	15	0.003464
15	8	0.008441
15	15	0.003645
12	1	0.007113
12	1	0.006350
11	9	0.007021
9	1	0.005902
28	27	0.006263
50	49	0.006978
20	19	0.006823
19	18	0.006635
6	6	0.002537
14	14	0.002800
11	10	0.006796
11	10	0.005743
10	9	0.005230
6	5	0.005692
10	6	0.005473
19	17	0.006083
23	22	0.007439
21	20	0.006977
23	22	0.006801
20	19	0.006674
23	22	0.005998
13	9	0.006131
15	14	0.006137
15	14	0.006208
22	22	0.003236
8	7	0.006507
12	7	0.005440
12	7	0.006345
12	7	0.005861
12	7	0.005526
10	10	0.003747
8	8	0.003172
6	5	0.006724
11	9	0.005463
10	9	0.005075
14	14	0.002579
11	9	0.007624
10	1	0.006342
17	16	0.006129
16	13	0.005939
11	7	0.007577
21	11	0.006390
25	21	0.005870
25	23	0.006931
13	8	0.006622
17	15	0.006232
17	15	0.005813
16	14	0.005804
13	11	0.005457
11	9	0.005563
10	8	0.006729
17	17	0.003198
14	14	0.002599
15	15	0.003105
10	10	0.002769
13	13	0.002612
10	6	0.005119
21	16	0.006251
13	11	0.005895
9	6	0.005589
21	18	0.007306
8	8	0.002525
11	7	0.005452
9	9	0.002850
8	8	0.002511
7	7	0.002642
9	7	0.005369
7	7	0.002633
9	9	0.002782
6	4	0.005717
7	7	0.002829
6	6	0.003092
6	3	0.005251
6	6	0.002539
6	6	0.003068
4	4	0.002892
4	1	0.006130
4	1	0.005865
4	1	0.005963
4	1	0.005727
4	1	0.005173
5	5	0.002417
19	19	0.003110
5	5	0.002668
5	5	0.003053
4	4	0.002408
4	4	0.002496
4	4	0.002987
4	4	0.003083
4	4	0.002569
4	4	0.002466
6	6	0.002462
6	6	0.002841
6	6	0.002686
5	5	0.002745
5	5	0.003125
4	4	0.003128
4	4	0.002583
6	6	0.002933
6	6	0.004913
8	8	0.003769
4	4	0.002838
4	4	0.002468
4	4	0.003301
4	4	0.002814
4	1	0.006352
4	1	0.005356
4	1	0.008936
5	5	0.002756
5	5	0.002841
4	1	0.005623
5	5	0.002453
5	5	0.002784
5	5	0.002556
6	1	0.006056
4	4	0.002510
4	1	0.005308
4	1	0.005199
5	5	0.002897
4	4	0.002620
4	4	0.002499
6	6	0.003044
4	1	0.006819
17	17	0.002714
4	4	0.002417
4	4	0.002463
4	1	0.004941
5	5	0.002508
5	5	0.002584
5	5	0.002848
19	19	0.004251
4	1	0.006908
4	1	0.006103
9	9	0.002813
5	5	0.002938
5	5	0.002670
5	5	0.002524
5	5	0.002633
5	5	0.002586
5	5	0.002534
4	4	0.002766
4	4	0.002504
15	10	0.006447
8	8	0.002994
4	1	0.005411
4	1	0.005492
25	23	0.007660
6	6	0.002940
11	10	0.006647
5	5	0.002719
5	5	0.002643
5	5	0.003120
7	7	0.003587
4	4	0.003457
4	4	0.002806
4	4	0.002763
4	4	0.003309
4	4	0.003919
4	4	0.003487
4	4	0.002680
4	1	0.005227
5	5	0.002985
14	9	0.005685
14	9	0.006569
14	13	0.005703
14	13	0.007378
4	4	0.002885
5	5	0.002966
4	4	0.003861
4	1	0.006795
5	5	0.003836
4	4	0.004111
4	4	0.004360
4	4	0.003880
52	48	0.007897
52	48	0.007760
9	8	0.007361
8	8	0.003864
7	7	0.003672
6	6	0.003336
5	5	0.003439
4	1	0.005919
5	5	0.003315
6	6	0.003678
6	6	0.003671
8	8	0.003073
4	1	0.006024
4	1	0.005979
4	1	0.005564
4	1	0.005986
4	1	0.005962
4	1	0.006679
4	1	0.005991
4	1	0.006621
4	1	0.006031
4	1	0.006934
4	1	0.006974
6	6	0.003230
6	6	0.003209
5	5	0.004052
7	7	0.003722
5	1	0.006987
10	1	0.006370
10	1	0.007229
5	5	0.003514
5	5	0.003613
5	5	0.003028
8	8	0.003019
4	4	0.003506
4	4	0.004297
4	4	0.003424
4	4	0.003293
4	4	0.003842
4	1	0.007793
4	4	0.003627
18	18	0.003878
4	4	0.003790
4	4	0.003461
6	6	0.003122
4	1	0.006991
4	1	0.006090
4	1	0.007250
6	1	0.005706
5	5	0.003520
4	4	0.003054
4	4	0.002866
4	4	0.003211
4	4	0.003602
11	7	0.007060
11	7	0.006678
14	10	0.007007
10	10	0.003346
19	17	0.010372
14	12	0.006873
19	17	0.006900
12	12	0.003440
49	48	0.008495
27	27	0.003862
17	13	0.009647
7	6	0.006345
7	6	0.005917
7	6	0.006827
7	6	0.006231
7	6	0.006879
7	6	0.006185
7	6	0.007498
10	10	0.004134
8	6	0.006264
7	7	0.003243
12	12	0.003746
13	11	0.007456
14	12	0.006331
12	10	0.006607
9	7	0.006984
18	18	0.003459
9	1	0.007677
16	14	0.007186
17	16	0.006960
21	20	0.007865
8	1	0.007586
13	11	0.006691
6	4	0.006383
6	6	0.003928
45	45	0.004064
8	8	0.003308
10	6	0.006390
18	17	0.007103
13	12	0.006640
19	17	0.006966
20	19	0.007831
23	22	0.007171
20	19	0.007180
13	9	0.007046
10	7	0.006440
12	7	0.006445
19	19	0.003360
31	31	0.003112
26	25	0.006731
15	14	0.008184
8	8	0.003256
6	4	0.005611
7	4	0.006764
21	19	0.007467
11	9	0.007556
15	13	0.008222
14	9	0.010490
12	12	0.004923
16	13	0.006736
8	7	0.009065
20	13	0.008924
10	7	0.006958
10	7	0.007465
12	6	0.008104
11	7	0.007672
25	21	0.008608
15	13	0.006503
13	11	0.007674
13	9	0.006053
17	15	0.005708
19	17	0.007776
16	14	0.007254
16	14	0.005430
16	14	0.006531
21	19	0.007798
15	13	0.006901
13	11	0.007052
16	14	0.007587
16	14	0.006267
19	16	0.006744
19	19	0.003446
10	6	0.006534
10	6	0.005769
10	6	0.007393
9	6	0.007254
9	6	0.005673
11	7	0.005559
11	11	0.002846
8	8	0.003961
9	7	0.007005
9	5	0.006751
9	9	0.003113
12	12	0.003836
7	7	0.003282
6	6	0.002922
6	4	0.008589
10	6	0.006056
14	14	0.003670
14	12	0.007566
9	8	0.005823
16	15	0.006890
6	5	0.005536
6	5	0.005676
5	1	0.006440
6	5	0.005637
6	5	0.005492
6	1	0.005781
7	7	0.003286
10	10	0.002821
6	1	0.005416
7	5	0.005922
7	7	0.002582
42	41	0.006895
6	6	0.002920
6	6	0.002889
6	6	0.002529
6	1	0.005547
6	6	0.003588
6	6	0.002675
10	4	0.005315
6	6	0.002452
11	8	0.005398
19	1	0.005665
9	9	0.002475
8	1	0.005742
9	9	0.003138
13	12	0.005819
7	4	0.009301
7	4	0.008031
9	9	0.002620
5	5	0.002597
5	5	0.002516
5	5	0.002575
7	7	0.003661
5	5	0.002456
5	5	0.002415
10	10	0.002642
25	25	0.002653
17	14	0.005582
20	19	0.005650
10	5	0.005220
10	5	0.005249
10	5	0.005248
10	5	0.005352
10	5	0.005741
10	5	0.006108
12	12	0.002865
8	8	0.002632
7	7	0.002782
11	11	0.003028
7	7	0.003757
7	7	0.002860
11	10	0.005417
6	6	0.002607
5	5	0.002349
5	5	0.002836
5	3	0.005362
5	5	0.002656
9	5	0.005151
6	3	0.005446
10	5	0.005394
19	19	0.002928
10	10	0.002834
13	13	0.003150
11	11	0.002914
10	5	0.005557
10	5	0.005286
10	5	0.005211
15	15	0.002938
13	13	0.002880
15	15	0.003152
9	5	0.005237
9	5	0.006400
9	5	0.005890
20	20	0.002946
15	15	0.002663
24	24	0.003096
9	9	0.003583
9	9	0.004117
9	9	0.002649
9	3	0.005023
7	7	0.002551
7	7	0.002562
19	15	0.007532
6	6	0.002902
6	6	0.002643
5	5	0.002485
5	5	0.002488
6	5	0.006305
5	5	0.002718
5	5	0.002729
8	8	0.003234
17	14	0.005379
5	5	0.002434
16	15	0.005876
12	9	0.005553
21	21	0.003322
23	22	0.005447
19	13	0.006879
20	19	0.005592
41	33	0.006426
20	19	0.006637
22	21	0.005471
21	20	0.005703
23	22	0.005233
28	27	0.005817
18	17	0.006595
14	13	0.005072
12	12	0.002737
18	18	0.003176
11	11	0.004078
10	10	0.003803
19	16	0.008687
9	9	0.002963
28	28	0.002857
19	18	0.005655
21	20	0.005591
22	18	0.006812
16	16	0.003072
24	21	0.005573
20	17	0.006105
22	19	0.007328
12	8	0.006242
22	22	0.003896
26	22	0.007501
23	19	0.006370
10	6	0.005562
17	16	0.006392
16	15	0.005509
17	16	0.007561
21	20	0.005946
21	20	0.007260
16	15	0.006357
17	16	0.005717
16	15	0.005704
16	15	0.006090
23	21	0.007544
16	15	0.006704
16	15	0.005491
16	15	0.005554
16	15	0.006244
14	13	0.005369
16	15	0.005909
16	15	0.006021
21	12	0.005393
27	27	0.002874
24	22	0.005655
30	19	0.006585
15	15	0.003084
12	12	0.002832
11	10	0.006802
15	11	0.005866
20	19	0.006520
19	18	0.005797
19	19	0.002771
26	26	0.004108
22	22	0.002847
17	17	0.002647
20	15	0.005572
20	15	0.005466
20	16	0.005777
17	13	0.005475
20	14	0.005785
20	14	0.006340
20	12	0.005946
18	14	0.005686
16	12	0.005413
21	12	0.006026
21	16	0.006129
21	17	0.005587
10	6	0.006376
10	8	0.005844
21	19	0.005889
17	14	0.005556
21	21	0.002556
20	16	0.005536
19	12	0.005149
21	21	0.002781
9	7	0.007877
9	9	0.002793
11	11	0.002650
10	10	0.002531
9	5	0.004829
7	5	0.005264
13	10	0.005706
10	8	0.004912
12	9	0.005439
11	11	0.002524
7	5	0.005081
7	7	0.002379
7	7	0.003109
7	7	0.003289
9	7	0.005646
7	7	0.002755
12	8	0.005297
15	15	0.002785
7	5	0.005215
11	9	0.005432
20	17	0.005549
14	1	0.006094
20	1	0.006395
19	18	0.008768
13	1	0.006418
15	1	0.005955
13	1	0.005918
23	23	0.002720
7	5	0.004754
6	4	0.004903
7	5	0.004847
16	16	0.002740
10	4	0.005319
10	7	0.005795
26	21	0.006069
10	10	0.002447
12	12	0.002480
16	7	0.010106
14	12	0.005258
15	11	0.005529
16	13	0.006816
16	13	0.005419
16	13	0.005296
21	18	0.007916
13	10	0.005819
16	16	0.002771
21	17	0.005555
22	18	0.005557
15	12	0.005275
15	12	0.005304
14	11	0.005653
14	10	0.005624
13	10	0.005462
13	10	0.008796
14	14	0.002692
12	9	0.005526
13	1	0.008410
11	8	0.005940
25	24	0.006357
11	10	0.006055
25	22	0.005693
10	7	0.005723
12	9	0.005690
25	22	0.005744
11	8	0.005487
26	21	0.005595
25	22	0.005710
10	1	0.005280
10	7	0.005014
11	8	0.005961
10	7	0.005460
10	7	0.004969
9	6	0.005226
21	21	0.002647
13	10	0.005718
7	7	0.002813
10	10	0.002485
9	8	0.004935
6	4	0.004982
14	14	0.002926
8	8	0.003407
7	7	0.002394
7	6	0.005090
10	6	0.005497
7	7	0.002828
6	4	0.004912
10	6	0.005880
6	4	0.005069
6	4	0.005801
12	6	0.005620
12	6	0.005557
9	9	0.002618
9	9	0.002739
12	6	0.005435
8	8	0.002482
8	8	0.002360
13	13	0.002819
20	19	0.007425
31	24	0.006713
14	14	0.003043
14	12	0.005177
12	10	0.006389
19	13	0.005535
18	13	0.006123
18	17	0.006993
26	25	0.005701
20	19	0.005971
22	21	0.005790
16	15	0.005677
12	7	0.005514
12	11	0.006343
19	17	0.005927
10	10	0.002570
8	8	0.002639
8	8	0.002851
18	16	0.005686
8	5	0.005775
9	9	0.003202
10	10	0.002999
11	9	0.005093
16	7	0.008468
20	19	0.006691
16	15	0.005665
31	28	0.006911
22	17	0.006832
23	19	0.006344
24	24	0.003143
12	8	0.005862
12	8	0.005211
44	38	0.006324
17	14	0.005339
20	14	0.006482
16	15	0.006224
16	8	0.005266
19	18	0.007236
17	16	0.005434
19	18	0.006332
16	15	0.006405
16	15	0.007159
16	15	0.006538
17	16	0.006224
22	20	0.007262
21	20	0.006509
16	15	0.007499
14	13	0.007363
12	11	0.006315
13	12	0.005419
22	22	0.003126
20	1	0.007998
10	7	0.005197
21	21	0.003575
21	21	0.002966
25	25	0.002865
19	15	0.005360
21	21	0.003047
17	17	0.002867
16	16	0.002725
8	4	0.004994
20	15	0.006182
20	16	0.007286
22	17	0.009994
20	16	0.005689
19	13	0.005793
20	16	0.006444
22	16	0.006794
20	16	0.005600
11	7	0.005351
11	7	0.005819
20	15	0.005642
10	6	0.005323
18	17	0.006128
11	7	0.006450
10	10	0.003345
11	7	0.005469
9	4	0.005589
10	10	0.002585
9	5	0.005516
7	5	0.005206
7	7	0.002937
7	7	0.002620
13	12	0.005394
7	5	0.006350
17	15	0.005463
17	15	0.005595
12	8	0.005312
37	36	0.006691
9	8	0.006138
5	4	0.005099
7	6	0.005162
8	7	0.006337
19	14	0.005446
15	14	0.006287
9	1	0.005076
8	7	0.005476
7	6	0.005702
7	6	0.005809
7	6	0.007691
6	5	0.006883
6	5	0.005739
5	4	0.005566
5	4	0.006022
5	4	0.008272
5	4	0.006495
5	1	0.005017
9	8	0.005807
6	5	0.005831
7	6	0.006607
8	7	0.005914
5	1	0.006440
7	6	0.006328
6	5	0.005493
17	16	0.006144
8	7	0.006067
10	9	0.005983
7	6	0.006053
6	5	0.005682
6	5	0.005978
10	1	0.006637
12	6	0.006202
5	4	0.005277
5	4	0.006145
5	1	0.006378
12	11	0.006086
10	1	0.005230
15	14	0.006180
15	14	0.006041
9	1	0.004679
24	23	0.005731
19	18	0.005529
7	6	0.005596
5	1	0.004810
5	1	0.005054
5	1	0.005889
7	6	0.005237
6	5	0.005172
11	11	0.002766
20	15	0.005523
7	7	0.002631
10	8	0.006837
11	10	0.005148
9	1	0.005759
9	8	0.006134
8	7	0.006673
18	15	0.005511
10	9	0.006309
9	1	0.005352
9	1	0.006545
22	19	0.007063
9	1	0.005267
9	1	0.005303
9	1	0.005418
9	1	0.005266
9	1	0.005094
9	1	0.005931
11	10	0.005569
21	19	0.006374
9	1	0.006738
10	9	0.005561
10	9	0.005884
6	5	0.005163
5	4	0.004929
5	4	0.004819
5	4	0.006832
5	4	0.005543
25	24	0.006696
10	1	0.005113
27	20	0.006187
7	6	0.006600
13	10	0.006814
7	6	0.005960
25	24	0.006504
7	1	0.005480
9	8	0.005910
8	7	0.005520
10	1	0.005025
8	7	0.006062
6	1	0.005397
11	1	0.005252
7	1	0.004772
8	1	0.005229
23	22	0.005910
13	12	0.005336
13	12	0.005922
13	12	0.006445
10	1	0.005538
10	1	0.005334
10	1	0.006472
10	1	0.006136
10	1	0.004769
18	17	0.006058
10	9	0.006613
9	1	0.004984
13	12	0.006612
10	1	0.005088
7	6	0.005289
7	6	0.005514
6	5	0.005234
6	5	0.006174
5	4	0.005355
5	1	0.006010
7	6	0.005974
8	1	0.004785
5	1	0.005611
6	5	0.005298
10	1	0.005130
10	1	0.005450
10	1	0.005822
10	1	0.004787
19	17	0.007262
25	20	0.007220
9	8	0.005755
10	1	0.005592
6	5	0.006950
6	5	0.006608
5	4	0.005138
11	11	0.002491
12	10	0.005009
14	12	0.005352
11	9	0.005364
22	21	0.005357
19	13	0.005527
23	21	0.005786
22	21	0.005912
23	22	0.007153
20	19	0.005413
18	17	0.005273
30	29	0.006381
16	15	0.005073
16	15	0.006370
14	13	0.005344
12	7	0.006042
28	26	0.005601
15	14	0.005654
19	14	0.006157
7	4	0.005439
24	24	0.003010
16	15	0.005682
10	10	0.002483
13	9	0.005471
20	20	0.003021
13	11	0.006124
13	12	0.005631
28	28	0.002906
26	20	0.006378
12	10	0.005740
12	1	0.005576
12	8	0.005285
12	10	0.005912
23	22	0.006308
18	13	0.006224
24	20	0.005823
17	13	0.005737
13	12	0.005427
16	15	0.005555
16	15	0.007117
12	7	0.005326
16	15	0.005547
17	16	0.005874
15	11	0.006717
21	20	0.005645
21	20	0.006672
16	15	0.005936
15	14	0.006645
13	12	0.005711
15	14	0.005559
15	12	0.005404
12	7	0.005417
21	21	0.003744
21	21	0.003537
10	7	0.005074
16	16	0.002736
35	33	0.007237
15	15	0.002924
13	13	0.002696
25	23	0.006017
11	11	0.002655
10	8	0.006468
20	15	0.005771
20	15	0.006006
18	13	0.006267
22	18	0.006297
26	19	0.005625
20	14	0.005521
20	16	0.005842
18	14	0.005430
16	16	0.002653
11	7	0.006435
11	6	0.006110
12	8	0.005970
13	10	0.005352
10	8	0.005282
10	6	0.005632
23	21	0.006090
24	18	0.006146
8	6	0.005152
10	10	0.002445
16	16	0.003583
11	11	0.002714
11	11	0.002478
9	5	0.004878
9	7	0.005608
12	12	0.003033
10	6	0.005281
9	9	0.002252
16	16	0.002768
7	5	0.004826
7	7	0.002220
7	7	0.002516
9	1	0.006076
18	18	0.003111
9	7	0.006350
17	15	0.005755
10	10	0.002471
11	9	0.004898
7	5	0.005171
13	13	0.002462
11	11	0.002425
8	8	0.002546
7	5	0.004866
16	16	0.002759
11	8	0.005756
13	1	0.006303
14	1	0.005961
19	1	0.005706
20	1	0.006131
15	1	0.005701
13	1	0.006182
15	1	0.005747
18	12	0.005388
10	6	0.005236
12	1	0.006804
11	1	0.005966
11	1	0.005564
8	6	0.005440
10	8	0.005658
14	12	0.005618
7	5	0.005570
12	12	0.002542
13	10	0.006196
8	1	0.005721
12	11	0.006047
10	7	0.005389
10	4	0.005319
21	18	0.007497
11	1	0.006221
10	6	0.005153
22	22	0.002600
13	10	0.005651
13	10	0.005721
20	16	0.006351
17	14	0.006001
17	14	0.006908
16	13	0.005603
16	13	0.005789
13	10	0.006601
15	12	0.005945
19	19	0.002815
19	19	0.002753
13	10	0.005367
20	10	0.005466
18	18	0.002644
19	18	0.005470
12	9	0.005310
15	15	0.002942
12	12	0.002969
22	19	0.006227
10	7	0.007590
11	8	0.005548
25	22	0.007312
24	17	0.005849
12	9	0.006210
10	7	0.006023
10	7	0.007235
11	8	0.006490
9	6	0.005865
9	5	0.005802
13	13	0.002902
10	1	0.005063
10	4	0.005294
9	1	0.005823
14	14	0.003108
10	10	0.002857
16	13	0.006056
9	9	0.003286
22	20	0.005434
7	6	0.005904
7	6	0.006257
11	9	0.005241
10	6	0.005495
8	8	0.002614
7	7	0.002680
6	6	0.003279
6	6	0.005281
6	4	0.006462
7	6	0.005658
7	7	0.002396
6	6	0.002364
6	6	0.003398
6	6	0.003732
6	6	0.002428
6	4	0.005016
11	6	0.005392
12	6	0.005370
8	8	0.002724
8	8	0.002862
17	15	0.006228
6	6	0.002624
11	11	0.003005
13	11	0.005186
11	9	0.004952
11	11	0.002426
8	6	0.006160
19	1	0.006042
20	1	0.006258
15	1	0.006290
17	1	0.005594
20	1	0.005903
19	1	0.005739
15	1	0.005953
13	1	0.006086
13	1	0.005794
14	11	0.005566
15	12	0.006397
15	1	0.006367
18	12	0.005535
10	1	0.005052
15	14	0.005669
13	1	0.007161
10	10	0.003114
26	20	0.006639
10	1	0.005081
18	18	0.004661
10	4	0.006805
21	21	0.002935
16	16	0.002794
16	11	0.005633
15	10	0.006496
15	12	0.007004
16	13	0.006087
16	13	0.005860
15	12	0.005930
25	25	0.003150
16	12	0.005943
16	16	0.003847
16	16	0.003681
16	16	0.002587
16	13	0.005344
15	12	0.006324
15	12	0.007775
21	18	0.006579
19	19	0.003333
19	19	0.002754
17	17	0.002871
13	10	0.005969
17	11	0.006353
20	13	0.005844
19	14	0.005674
19	14	0.005278
12	9	0.005352
16	16	0.002834
10	7	0.006618
11	9	0.005410
26	23	0.006330
10	8	0.005465
11	8	0.006684
10	5	0.006333
9	1	0.005443
8	8	0.002551
10	7	0.005263
11	9	0.005334
10	10	0.002477
19	19	0.003260
7	6	0.008071
7	6	0.007478
9	7	0.005129
8	4	0.005101
8	8	0.002472
8	8	0.002442
7	7	0.003324
6	6	0.002930
6	4	0.005083
6	6	0.002532
6	6	0.002858
10	6	0.005741
6	6	0.002887
6	4	0.005416
17	17	0.003187
15	15	0.003673
12	6	0.006549
11	8	0.005492
8	6	0.005236
9	9	0.002627
19	18	0.005981
13	11	0.005799
11	9	0.006599
9	7	0.005767
20	17	0.006087
25	22	0.006459
20	17	0.005720
19	1	0.006439
20	1	0.006259
15	1	0.005631
15	1	0.006894
13	1	0.006083
17	14	0.006083
11	11	0.003125
10	8	0.006369
6	1	0.005162
12	10	0.005557
6	4	0.005615
7	5	0.006407
6	4	0.005109
10	8	0.005713
9	7	0.006440
16	16	0.003820
10	1	0.005775
10	4	0.005429
8	6	0.005429
17	16	0.006892
8	8	0.002748
13	10	0.005869
10	6	0.006630
11	1	0.006245
21	18	0.006727
20	18	0.005796
13	10	0.005521
20	17	0.006301
16	12	0.007547
15	12	0.006902
16	13	0.006512
19	19	0.003168
21	21	0.002934
13	10	0.007250
13	10	0.005508
13	10	0.005962
19	16	0.006751
19	16	0.005484
14	14	0.002722
11	8	0.005733
15	15	0.002599
11	8	0.006518
10	7	0.005422
11	8	0.006002
10	1	0.005845
11	8	0.007206
25	22	0.007840
25	22	0.008094
25	22	0.007179
10	7	0.006778
20	15	0.009148
11	8	0.006491
9	6	0.006693
9	6	0.007719
10	5	0.007552
9	5	0.007389
9	5	0.006556
12	12	0.003917
24	23	0.007595
15	8	0.011956
7	7	0.003694
19	19	0.004903
9	9	0.003508
8	8	0.003440
8	8	0.003481
7	7	0.003093
7	7	0.003369
7	7	0.004007
6	4	0.006216
7	7	0.003210
8	7	0.007122
6	4	0.006595
12	6	0.008568
12	6	0.007441
9	9	0.003399
8	8	0.002988
8	8	0.003053
11	9	0.007920
25	1	0.008901
15	1	0.008585
13	10	0.007127
18	1	0.007490
15	1	0.007801
14	1	0.008221
11	1	0.007701
10	8	0.007327
8	6	0.005817
13	12	0.007618
13	13	0.003007
16	15	0.008136
8	8	0.003537
8	8	0.003359
9	9	0.003564
10	10	0.003495
21	21	0.003766
21	14	0.010816
25	25	0.004232
16	13	0.006306
16	13	0.007346
15	12	0.008255
21	18	0.007993
16	16	0.003739
15	12	0.007771
21	21	0.002988
19	19	0.003437
17	17	0.003476
13	10	0.006880
13	10	0.006982
13	10	0.007650
13	10	0.007163
20	20	0.003277
11	8	0.006787
19	19	0.003782
11	8	0.006374
11	8	0.006594
25	22	0.007353
26	21	0.007612
26	22	0.008903
25	22	0.007886
10	7	0.007803
10	7	0.007400
10	7	0.006196
11	8	0.006430
10	7	0.007779
9	6	0.007672
9	1	0.006272
9	1	0.005657
9	1	0.005956
20	20	0.004293
9	6	0.007213
10	6	0.006487
9	9	0.002833
8	8	0.003091
7	7	0.003193
12	11	0.006738
6	6	0.003680
6	4	0.008039
9	6	0.008164
7	6	0.007570
15	15	0.003652
10	10	0.003085
10	6	0.008370
7	7	0.003062
6	6	0.003254
6	6	0.004355
17	15	0.008362
8	4	0.009433
12	6	0.006897
17	17	0.003351
8	8	0.003392
8	8	0.003773
7	7	0.002564
13	13	0.002835
6	6	0.002404
18	18	0.003446
13	11	0.005700
11	7	0.006065
16	14	0.005645
12	10	0.005724
19	13	0.006089
15	13	0.007358
19	18	0.008011
25	20	0.007924
26	24	0.006355
22	18	0.007430
22	21	0.006532
20	19	0.006622
19	16	0.006321
25	21	0.005907
25	21	0.006857
19	18	0.005185
15	14	0.006221
14	12	0.005132
20	19	0.005969
16	16	0.002992
18	15	0.005544
19	19	0.002942
9	9	0.003060
9	7	0.005985
25	6	0.007112
18	18	0.003821
12	11	0.006771
18	17	0.005973
23	22	0.006012
16	15	0.006160
17	16	0.005940
23	23	0.003154
10	6	0.006336
22	21	0.007010
14	11	0.006258
13	12	0.007070
28	24	0.006742
16	12	0.006041
16	15	0.007245
10	9	0.006684
15	14	0.005647
17	16	0.005773
21	20	0.007365
21	17	0.006002
21	20	0.006149
16	15	0.007074
17	16	0.006361
16	15	0.006568
22	21	0.006747
16	15	0.005808
12	11	0.006343
12	11	0.007366
16	15	0.005740
22	21	0.006005
31	27	0.006941
20	20	0.002894
20	20	0.002855
19	19	0.003520
27	27	0.003675
20	15	0.006808
20	15	0.005495
20	15	0.006666
20	15	0.006305
22	20	0.006368
20	16	0.006570
21	15	0.006361
13	9	0.005979
11	7	0.005690
12	8	0.006621
10	6	0.005236
9	9	0.003448
13	13	0.003039
11	11	0.002649
10	10	0.002820
16	14	0.007935
9	3	0.005783
9	5	0.006570
8	8	0.002548
10	6	0.005761
7	5	0.006011
12	9	0.006192
12	10	0.005648
19	19	0.003119
9	9	0.003230
7	5	0.005189
7	7	0.003214
46	42	0.008264
7	7	0.002305
7	5	0.005634
20	16	0.006653
22	22	0.003322
17	15	0.005954
16	14	0.005953
17	15	0.006004
24	24	0.002852
20	11	0.006267
12	8	0.005857
7	5	0.006628
9	5	0.005184
9	7	0.005288
5	5	0.002469
10	9	0.006445
7	7	0.002477
10	10	0.003405
7	7	0.002850
18	13	0.005748
5	3	0.005633
5	3	0.005391
5	5	0.002818
11	11	0.003172
8	8	0.002681
11	10	0.005609
8	8	0.002724
6	3	0.005002
6	5	0.005513
6	5	0.005959
13	12	0.006786
10	5	0.005758
10	5	0.005882
10	5	0.005942
10	10	0.002597
10	5	0.005454
16	14	0.005727
13	13	0.002971
8	5	0.006367
8	5	0.005556
12	12	0.003854
10	5	0.006969
10	5	0.005679
10	5	0.006454
10	5	0.005390
10	5	0.006997
10	5	0.005912
10	5	0.005375
10	5	0.005414
12	12	0.003211
15	15	0.004447
19	17	0.006513
13	13	0.003313
12	12	0.003398
15	15	0.002875
15	15	0.002630
15	15	0.003000
10	10	0.003641
10	10	0.003384
9	5	0.005805
9	5	0.005889
9	5	0.005568
9	5	0.006018
11	11	0.002669
10	10	0.002715
10	5	0.006375
9	9	0.002699
9	1	0.006029
10	10	0.003249
8	8	0.003482
8	8	0.003119
7	7	0.002597
7	7	0.002709
8	8	0.002616
10	9	0.006223
6	6	0.002812
6	6	0.002615
6	6	0.002638
6	6	0.002743
5	5	0.002754
5	5	0.002979
5	5	0.002799
5	5	0.002994
5	5	0.003319
5	5	0.002782
7	7	0.003009
5	5	0.003153
5	5	0.003397
26	26	0.003560
20	19	0.005989
19	17	0.005925
19	14	0.006297
19	17	0.006601
10	8	0.005536
13	13	0.002740
21	19	0.006286
12	7	0.006395
17	7	0.008818
14	14	0.002954
15	15	0.002919
9	9	0.002694
7	7	0.002877
12	12	0.005058
13	13	0.003776
10	5	0.005485
10	5	0.006362
9	9	0.002554
9	9	0.002546
8	8	0.003773
11	11	0.003426
7	7	0.003485
6	6	0.002610
12	12	0.002435
29	27	0.005556
18	13	0.006852
20	18	0.006446
19	17	0.007651
19	18	0.006416
19	18	0.006822
13	9	0.007297
15	14	0.006065
13	12	0.006213
11	7	0.007513
12	7	0.006559
12	7	0.006636
13	9	0.006679
5	3	0.004955
5	5	0.002443
5	1	0.006544
5	3	0.004958
5	5	0.003276
5	5	0.002994
5	5	0.002727
9	9	0.002934
22	21	0.006505
20	16	0.006599
19	17	0.006233
13	12	0.006410
15	14	0.006478
10	7	0.005615
12	12	0.002678
12	7	0.006584
12	7	0.006349
19	19	0.003607
9	9	0.002587
10	5	0.005412
10	5	0.005925
10	5	0.005904
10	5	0.005661
10	5	0.005955
9	9	0.002498
12	12	0.003035
7	7	0.002981
6	6	0.002547
6	6	0.002704
10	5	0.005468
23	23	0.003091
10	5	0.006027
7	7	0.002647
7	7	0.002479
6	6	0.002382
13	5	0.010642
19	17	0.005828
20	19	0.005904
23	22	0.006560
15	14	0.006254
23	22	0.005911
13	9	0.005983
13	9	0.007908
14	13	0.006344
19	18	0.005865
15	14	0.005904
14	13	0.006174
10	9	0.006592
8	8	0.003091
17	15	0.006177
11	10	0.006333
12	8	0.006630
12	8	0.006093
12	8	0.005940
11	11	0.003182
10	5	0.006995
10	5	0.007326
10	5	0.005474
10	5	0.005486
10	5	0.005914
7	5	0.006556
12	12	0.002844
12	12	0.002970
7	7	0.002679
7	7	0.002483
7	7	0.002641
21	19	0.005666
13	12	0.006331
19	17	0.007106
22	21	0.005697
20	19	0.006444
13	9	0.006792
18	15	0.006872
11	5	0.006478
12	10	0.007176
10	9	0.005773
10	5	0.005895
8	8	0.002585
14	13	0.007756
12	8	0.006227
12	8	0.006385
12	8	0.005512
9	9	0.002561
6	3	0.005059
6	5	0.006293
6	5	0.006201
6	5	0.006728
6	3	0.006832
6	5	0.006693
6	5	0.005803
6	5	0.005578
23	23	0.003227
20	19	0.005977
21	20	0.006282
15	14	0.005857
23	22	0.006548
15	14	0.005946
10	8	0.005518
15	15	0.002791
11	10	0.007235
21	21	0.004120
16	16	0.002809
19	16	0.006062
23	22	0.006105
8	8	0.002877
12	8	0.006544
20	12	0.006158
10	5	0.005604
20	19	0.005774
18	14	0.005833
15	14	0.007178
19	18	0.005784
20	18	0.006539
19	17	0.006517
15	14	0.006681
11	10	0.006672
22	22	0.003506
10	9	0.006459
15	15	0.002978
14	14	0.002941
22	20	0.005698
20	20	0.002979
20	20	0.003134
19	19	0.003152
15	15	0.002775
15	15	0.002942
15	5	0.009773
23	23	0.004096
13	13	0.002955
13	11	0.007180
12	12	0.002836
10	5	0.006734
10	5	0.006316
10	5	0.005325
10	5	0.005478
10	10	0.003050
12	12	0.003500
19	5	0.008800
23	23	0.003236
20	20	0.004117
20	20	0.003266
15	5	0.008980
13	11	0.006487
15	15	0.002812
15	15	0.003044
8	5	0.006206
8	5	0.005607
8	5	0.005665
20	20	0.003149
10	5	0.005653
18	18	0.003495
15	15	0.003310
19	18	0.006282
20	20	0.002935
20	20	0.003036
19	19	0.003079
15	15	0.003174
19	19	0.002984
15	15	0.003490
18	15	0.006471
11	11	0.002704
10	10	0.002960
15	14	0.007144
18	15	0.006509
28	23	0.006475
19	18	0.006726
20	20	0.003921
15	15	0.002953
25	24	0.006944
18	15	0.006992
12	12	0.003666
14	14	0.004122
10	5	0.005905
10	5	0.005642
19	18	0.006744
15	15	0.002704
18	15	0.006278
19	18	0.007177
23	23	0.003278
25	20	0.006952
13	12	0.006421
15	15	0.004123
11	11	0.005882
9	5	0.006944
9	5	0.006227
9	5	0.005752
15	13	0.005971
14	14	0.002859
20	20	0.003283
23	23	0.002824
15	15	0.003251
19	18	0.006464
19	19	0.002849
15	15	0.002756
12	12	0.003478
15	15	0.003269
10	5	0.006235
10	1	0.005552
24	13	0.006337
10	5	0.005803
10	5	0.005692
17	14	0.006843
20	20	0.003645
20	20	0.002786
25	21	0.005913
20	20	0.003609
29	28	0.007554
23	23	0.002850
22	22	0.003306
23	23	0.003554
23	23	0.003161
20	20	0.002669
25	25	0.002672
16	16	0.002642
19	19	0.003624
14	14	0.002829
21	21	0.002932
29	27	0.006133
20	20	0.002820
15	15	0.002670
15	15	0.002604
15	15	0.003404
11	11	0.002894
28	26	0.007232
20	20	0.003065
23	23	0.003184
18	16	0.006604
22	22	0.003491
16	16	0.003634
12	12	0.002672
10	5	0.005460
10	5	0.005388
10	5	0.006386
10	5	0.005912
10	5	0.005626
10	5	0.006599
10	5	0.005377
10	5	0.005701
10	5	0.006604
10	5	0.005668
10	5	0.005854
10	5	0.005587
10	5	0.006103
10	5	0.006314
10	5	0.006545
10	5	0.006495
10	5	0.006281
10	5	0.005581
10	5	0.005486
10	5	0.005611
10	5	0.006309
10	5	0.005895
10	5	0.005686
22	22	0.003098
25	21	0.007543
25	21	0.006221
26	25	0.005721
20	18	0.007124
20	20	0.003767
20	20	0.002928
20	20	0.002681
18	18	0.002994
23	23	0.002712
14	14	0.002592
13	13	0.002680
22	22	0.002699
19	18	0.006616
20	20	0.003618
23	23	0.003453
13	13	0.003437
15	15	0.003305
18	17	0.007318
18	15	0.005844
20	20	0.003067
22	17	0.007888
19	18	0.006932
22	22	0.003079
20	20	0.002691
15	15	0.002748
15	5	0.009695
14	14	0.002840
11	11	0.002732
14	14	0.002670
19	18	0.005496
19	19	0.004206
16	16	0.002740
13	13	0.002718
15	15	0.003218
20	20	0.003240
15	15	0.002928
23	23	0.002686
15	15	0.002757
13	13	0.002750
15	15	0.002813
18	15	0.006576
18	15	0.006660
11	11	0.002744
22	22	0.002926
19	14	0.006011
19	14	0.006897
18	18	0.002775
12	12	0.002569
12	12	0.002777
10	10	0.003519
10	10	0.003513
10	10	0.003564
10	10	0.003265
10	5	0.005530
10	5	0.006444
10	5	0.007412
10	5	0.006145
22	22	0.003486
20	20	0.003171
18	17	0.006163
21	21	0.003297
20	20	0.002956
20	20	0.003378
18	18	0.003008
19	19	0.002974
9	9	0.002525
9	9	0.002717
9	9	0.002653
9	9	0.002806
10	5	0.006213
10	5	0.006670
9	9	0.002677
10	5	0.005842
10	5	0.005971
10	5	0.006331
10	5	0.007379
10	5	0.005463
15	15	0.002917
14	14	0.002627
10	10	0.002671
10	5	0.006460
10	5	0.006330
10	5	0.005745
10	10	0.002750
11	11	0.003004
25	5	0.008434
20	20	0.002994
23	23	0.003590
20	20	0.003099
13	11	0.006807
11	5	0.005787
8	8	0.002556
8	8	0.002684
8	8	0.002977
8	8	0.003566
18	14	0.007079
23	22	0.006542
22	21	0.006826
19	17	0.006570
20	19	0.007054
13	12	0.006662
13	10	0.006835
15	14	0.006013
50	46	0.009334
15	15	0.003394
7	5	0.006784
7	5	0.006232
7	5	0.006608
7	5	0.006838
7	5	0.006037
9	9	0.002781
11	3	0.005168
18	14	0.006565
21	19	0.006068
20	19	0.007460
18	14	0.006633
19	17	0.006842
20	19	0.006026
21	17	0.007026
20	19	0.006509
15	3	0.008484
11	10	0.006731
11	11	0.002735
9	9	0.002990
9	9	0.003637
8	1	0.007551
10	1	0.006334
10	1	0.006538
9	9	0.003074
8	8	0.002446
8	8	0.002538
10	5	0.006206
10	5	0.005946
10	3	0.005935
10	5	0.006353
10	5	0.007006
10	10	0.002586
9	9	0.002558
10	5	0.006521
10	5	0.005798
19	19	0.003819
20	20	0.003169
10	5	0.005195
10	5	0.005312
10	5	0.006159
9	9	0.002510
10	5	0.005174
10	5	0.005636
10	5	0.005391
9	9	0.002612
11	5	0.006323
9	9	0.003051
18	14	0.006067
13	10	0.006047
19	12	0.005657
19	18	0.006282
25	20	0.005714
19	17	0.005965
22	21	0.006275
19	18	0.005917
23	22	0.006472
19	18	0.005908
14	13	0.005423
15	13	0.005744
22	22	0.003067
7	7	0.003110
7	7	0.002647
7	7	0.002946
7	7	0.002687
10	5	0.005520
10	5	0.005610
10	5	0.005388
10	5	0.005292
8	8	0.002771
9	5	0.006111
7	7	0.002342
17	15	0.005840
15	11	0.005496
17	17	0.002655
10	5	0.005566
17	17	0.004787
12	5	0.006341
10	5	0.005670
19	18	0.005843
23	23	0.003509
10	5	0.005951
10	5	0.005171
8	8	0.003152
11	11	0.002915
17	13	0.006288
17	15	0.005654
20	16	0.005827
21	20	0.005624
10	8	0.006308
14	14	0.002607
7	5	0.006132
7	1	0.005666
17	14	0.005532
17	15	0.005439
13	11	0.006593
22	11	0.005410
19	17	0.005156
12	5	0.006195
12	12	0.003006
12	5	0.005662
10	5	0.006030
9	9	0.003024
8	8	0.003687
8	8	0.002450
12	5	0.005449
12	5	0.006683
15	15	0.002503
12	5	0.006639
12	5	0.005362
12	12	0.002671
15	15	0.002625
11	11	0.002533
10	8	0.005384
15	15	0.003969
17	17	0.002954
13	13	0.002682
13	13	0.002646
11	11	0.002672
14	14	0.003315
10	5	0.005573
10	5	0.005753
10	5	0.005311
10	5	0.006240
17	14	0.008072
19	15	0.006119
15	15	0.002903
19	15	0.005958
11	11	0.002564
15	15	0.002534
15	15	0.002578
12	5	0.005256
12	5	0.005219
12	5	0.005444
17	14	0.005947
16	14	0.005407
19	14	0.005692
19	14	0.005413
21	14	0.005873
19	17	0.005338
15	15	0.002595
12	12	0.002745
12	12	0.003814
12	5	0.005411
17	17	0.002722
12	12	0.002633
15	15	0.002672
11	11	0.003409
16	16	0.003111
10	10	0.003207
10	10	0.002774
10	10	0.003710
9	5	0.005633
9	5	0.005797
12	12	0.004036
10	10	0.002964
11	11	0.002749
9	9	0.002551
9	9	0.002643
12	12	0.002706
19	19	0.003095
9	3	0.005302
10	10	0.003434
8	8	0.003426
8	8	0.003554
8	8	0.002666
8	8	0.002687
10	5	0.006159
12	5	0.005675
12	12	0.002697
12	5	0.006053
11	11	0.003536
17	17	0.003320
10	10	0.002614
13	12	0.005979
17	15	0.006018
20	18	0.006400
13	13	0.003771
7	7	0.003467
7	7	0.002600
7	7	0.002502
7	7	0.002626
10	5	0.005569
10	5	0.006369
10	5	0.005473
10	5	0.005894
9	9	0.002671
10	5	0.005646
12	12	0.002572
7	7	0.002669
7	7	0.003273
13	12	0.006695
19	17	0.006186
20	19	0.007492
13	9	0.005719
19	19	0.002626
18	14	0.005606
13	12	0.006722
12	11	0.005500
11	10	0.005549
36	36	0.003181
11	11	0.002743
10	8	0.006082
17	16	0.007404
12	8	0.005311
12	8	0.006111
11	11	0.002752
8	8	0.002651
6	6	0.002419
6	6	0.002626
6	6	0.003229
6	6	0.002714
6	5	0.005667
8	5	0.005750
10	5	0.005606
10	5	0.005809
10	5	0.005931
10	5	0.006145
7	7	0.002650
10	5	0.005516
8	8	0.002733
7	7	0.003188
15	14	0.007411
26	19	0.007146
15	14	0.006570
20	19	0.006937
11	8	0.005471
15	13	0.005489
8	7	0.005667
12	7	0.005839
12	7	0.005445
12	12	0.002760
12	7	0.005927
9	9	0.002569
10	7	0.005585
7	7	0.003002
5	5	0.002872
5	5	0.002423
5	5	0.002275
5	5	0.002268
10	10	0.002699
7	7	0.002441
13	9	0.007285
9	5	0.005479
7	5	0.006326
7	7	0.002773
5	3	0.005477
5	5	0.003386
5	5	0.002588
5	3	0.006035
5	5	0.003779
5	5	0.002934
5	5	0.002593
13	11	0.006859
7	7	0.002940
6	6	0.003319
7	7	0.002505
6	3	0.004884
6	5	0.005399
8	8	0.002816
15	15	0.003682
22	22	0.003523
10	5	0.006760
10	5	0.005233
10	5	0.005774
10	5	0.006892
10	10	0.002650
10	5	0.006020
10	5	0.005521
11	11	0.003220
7	7	0.003205
9	9	0.003318
15	15	0.002523
9	9	0.002667
8	8	0.002597
15	15	0.003238
8	3	0.006630
8	3	0.006017
13	13	0.002711
13	13	0.002541
10	5	0.005300
10	5	0.005305
10	5	0.005966
10	5	0.006435
10	5	0.006048
10	5	0.006018
10	5	0.005613
10	5	0.005236
12	12	0.002579
17	17	0.002980
15	15	0.002718
13	13	0.002536
10	10	0.002497
18	18	0.002820
9	5	0.005921
9	5	0.005899
9	5	0.005874
9	5	0.005861
9	5	0.005507
9	5	0.005318
9	9	0.002402
27	27	0.002853
10	10	0.002593
10	10	0.002643
8	8	0.002482
8	8	0.002492
9	5	0.006120
16	16	0.003733
7	7	0.003637
7	7	0.003264
7	7	0.002678
7	7	0.003209
7	5	0.006764
7	7	0.002817
10	9	0.005737
6	6	0.002651
6	6	0.002563
6	6	0.003228
6	6	0.002293
5	5	0.002300
5	5	0.002599
5	5	0.002852
5	5	0.002765
5	5	0.002720
11	7	0.005177
5	5	0.002607
5	5	0.002278
12	12	0.002408
15	15	0.002868
7	7	0.002784
10	10	0.003076
11	10	0.005445
9	5	0.005968
10	7	0.006246
14	11	0.005764
10	7	0.006243
15	15	0.003171
11	10	0.005383
21	20	0.006098
20	19	0.006822
20	19	0.006195
25	22	0.006801
25	24	0.006885
25	24	0.006501
13	11	0.006208
16	14	0.005574
21	19	0.006836
15	13	0.005654
13	11	0.007818
14	12	0.005623
11	9	0.005357
11	9	0.005678
11	9	0.005535
13	11	0.006620
15	13	0.006137
10	5	0.006736
27	27	0.003590
21	21	0.003109
14	14	0.002700
22	22	0.003142
19	19	0.003542
19	19	0.002731
22	22	0.003002
13	13	0.002667
10	9	0.007086
10	9	0.005724
10	9	0.005500
16	16	0.002759
11	10	0.007893
8	8	0.002556
8	8	0.002628
10	8	0.005850
9	8	0.005582
16	16	0.002835
7	7	0.002359
10	7	0.005733
10	10	0.002582
10	7	0.005695
7	7	0.002712
7	7	0.002600
7	7	0.002642
10	7	0.006330
11	11	0.002534
10	10	0.002625
13	12	0.005500
9	9	0.003473
10	5	0.005880
19	19	0.003259
19	19	0.002961
13	13	0.002585
15	15	0.002503
15	15	0.002661
9	5	0.006215
12	5	0.009216
10	5	0.005309
9	9	0.002502
9	9	0.003021
10	10	0.004168
8	8	0.002581
8	8	0.002420
7	7	0.002421
6	6	0.002322
6	6	0.002220
6	6	0.002216
12	12	0.002494
12	12	0.003067
17	16	0.006549
7	5	0.005402
9	5	0.005724
15	15	0.003006
16	14	0.006046
9	1	0.006814
10	10	0.002476
22	22	0.002902
15	12	0.005302
19	19	0.002913
11	8	0.005638
16	16	0.003108
28	25	0.006017
26	21	0.006267
20	15	0.006156
13	11	0.006709
11	9	0.005946
16	14	0.005846
13	11	0.005442
13	11	0.006343
21	19	0.006032
17	15	0.005919
16	14	0.006853
15	13	0.005785
13	11	0.005940
12	10	0.005468
13	5	0.009272
10	8	0.005402
24	24	0.003463
19	19	0.003230
10	7	0.005117
14	14	0.002724
11	8	0.005562
10	8	0.005561
8	8	0.002493
7	7	0.002551
10	10	0.002586
7	7	0.002581
7	7	0.002467
5	3	0.005494
5	5	0.002775
5	5	0.002867
5	5	0.002801
5	5	0.002697
5	5	0.002707
5	5	0.002730
5	5	0.002786
5	5	0.002833
5	5	0.002958
5	1	0.006392
5	3	0.005477
5	5	0.002588
5	5	0.002698
5	5	0.002641
5	5	0.002817
5	5	0.002742
5	5	0.002602
5	5	0.002530
5	5	0.002646
5	5	0.002866
5	5	0.003340
5	5	0.002960
48	44	0.006590
12	12	0.002684
12	9	0.005462
13	13	0.002993
10	10	0.003053
16	16	0.003119
8	7	0.006250
16	13	0.005636
11	10	0.006676
11	8	0.005263
16	16	0.002695
25	22	0.006489
26	19	0.005823
9	7	0.006423
13	11	0.005922
13	11	0.005474
13	11	0.006561
12	10	0.005513
11	5	0.005374
16	5	0.008778
16	14	0.006503
17	15	0.006416
13	11	0.005493
15	13	0.006768
14	12	0.005373
21	15	0.005868
13	11	0.005670
12	10	0.005793
10	8	0.005998
23	21	0.006013
16	15	0.006798
16	16	0.003487
20	1	0.005788
14	14	0.002672
16	16	0.002867
10	7	0.005852
10	9	0.007152
9	7	0.005754
11	10	0.005895
11	8	0.006063
8	8	0.002738
8	8	0.002903
9	6	0.005626
8	8	0.002763
17	17	0.003330
7	7	0.003036
7	5	0.005981
10	7	0.005493
7	7	0.002423
11	11	0.002689
10	5	0.009250
13	12	0.006671
10	5	0.008275
8	8	0.002924
10	5	0.005565
10	5	0.007806
15	15	0.003381
15	15	0.002894
9	5	0.005946
10	5	0.006707
11	11	0.003139
10	10	0.003053
8	8	0.002698
8	8	0.002617
8	8	0.002914
11	11	0.003010
7	7	0.002806
7	7	0.002833
6	6	0.002912
6	6	0.002845
21	17	0.008045
12	12	0.002956
11	11	0.002657
7	7	0.002596
7	7	0.002642
9	9	0.002976
7	1	0.007267
7	5	0.005634
7	5	0.006257
9	5	0.005728
13	13	0.002859
10	5	0.005683
10	5	0.005686
10	5	0.006445
10	5	0.006618
19	16	0.005902
12	12	0.002849
13	13	0.002708
26	26	0.003174
15	15	0.003087
10	10	0.002691
10	10	0.002950
9	5	0.005489
9	5	0.005850
19	19	0.003642
10	5	0.005635
10	5	0.005394
11	11	0.003012
9	9	0.002842
9	9	0.003081
10	10	0.003767
8	8	0.002434
8	8	0.002478
10	5	0.005075
7	7	0.002914
7	7	0.003601
7	7	0.002734
10	5	0.005420
6	6	0.002507
6	6	0.002606
6	6	0.002339
10	10	0.002609
15	14	0.006024
21	19	0.006248
8	8	0.003499
13	12	0.005954
10	8	0.006388
16	15	0.006555
16	14	0.006260
16	14	0.006204
14	12	0.007873
15	14	0.005909
19	19	0.003328
13	12	0.006798
13	12	0.005761
13	12	0.006760
13	12	0.007026
13	12	0.005903
13	13	0.003257
19	14	0.006040
20	15	0.006739
21	20	0.006989
10	9	0.006258
9	8	0.006358
9	3	0.005947
11	10	0.005698
26	25	0.008086
25	24	0.007430
24	23	0.006893
11	10	0.009406
10	9	0.006585
10	9	0.007871
11	10	0.007316
11	10	0.005931
9	8	0.006014
9	8	0.006142
13	13	0.003732
15	15	0.002769
26	26	0.002732
22	22	0.003161
10	9	0.006545
10	10	0.002800
10	9	0.005805
10	8	0.006842
8	8	0.003006
8	8	0.003374
8	8	0.003768
9	9	0.003575
10	5	0.008606
7	5	0.008325
7	5	0.007106
9	9	0.005103
9	9	0.003218
10	5	0.006463
11	11	0.003382
10	5	0.006415
10	5	0.006255
10	5	0.005753
19	15	0.006346
19	15	0.006651
19	19	0.003348
26	26	0.003336
15	15	0.003150
25	25	0.003784
15	15	0.003605
11	11	0.002744
21	21	0.002804
9	5	0.005823
9	5	0.005712
9	5	0.005618
12	12	0.002551
10	10	0.002649
8	8	0.002444
11	11	0.002615
7	7	0.002548
7	7	0.002647
20	19	0.006523
21	21	0.003221
11	11	0.002549
14	14	0.002917
13	11	0.006862
13	12	0.005821
16	12	0.010696
17	16	0.005738
13	12	0.006351
25	25	0.003918
13	12	0.006462
16	14	0.006578
15	14	0.006039
24	24	0.003273
13	12	0.005805
13	13	0.002812
11	8	0.005574
20	17	0.007119
25	22	0.006317
11	8	0.005460
10	7	0.005206
11	8	0.005207
10	9	0.006559
10	9	0.006818
21	20	0.006485
12	12	0.003158
11	11	0.003489
22	22	0.004046
11	11	0.002855
10	10	0.002607
8	6	0.005100
8	8	0.002982
10	10	0.003839
9	8	0.006912
8	8	0.002439
9	9	0.003176
8	8	0.002785
6	5	0.006571
6	3	0.004751
6	5	0.005551
6	5	0.005372
6	5	0.006519
6	5	0.006073
6	5	0.005840
6	5	0.005894
6	5	0.005690
6	1	0.006269
6	3	0.005519
6	5	0.005688
6	5	0.005680
6	5	0.006367
6	5	0.005928
6	5	0.005645
6	5	0.006523
20	20	0.003604
9	5	0.005447
13	12	0.006937
20	16	0.007959
14	8	0.005754
9	5	0.006005
10	8	0.006130
15	14	0.005692
19	19	0.002995
16	15	0.006189
13	12	0.006087
16	14	0.005517
20	19	0.006254
13	12	0.006104
13	12	0.006837
13	12	0.006000
13	12	0.006974
29	25	0.006698
12	11	0.005611
11	11	0.002741
9	5	0.006181
9	8	0.007472
11	10	0.006823
10	9	0.008124
21	15	0.009397
11	10	0.006700
11	10	0.006505
10	9	0.006007
10	9	0.006414
11	10	0.006335
10	9	0.006559
21	20	0.006559
24	24	0.004129
10	9	0.005700
10	10	0.002654
9	8	0.007006
8	8	0.002523
8	8	0.003399
8	8	0.003412
8	8	0.003115
15	15	0.002687
10	5	0.005352
10	5	0.006624
10	5	0.005316
10	10	0.002686
8	8	0.002705
7	5	0.006460
7	5	0.005425
8	8	0.002596
10	5	0.006565
21	21	0.002818
9	5	0.006103
9	5	0.005953
9	5	0.005966
26	24	0.007031
9	9	0.002922
10	10	0.003672
8	8	0.002788
10	5	0.005424
7	7	0.002659
7	7	0.003178
7	7	0.003650
7	5	0.005456
28	23	0.007225
13	13	0.003648
10	5	0.006036
10	5	0.006073
10	5	0.005540
10	5	0.005181
10	5	0.005728
10	5	0.006420
13	13	0.003434
15	15	0.002761
15	15	0.002637
25	25	0.002713
17	15	0.005626
9	5	0.005987
9	5	0.005519
10	5	0.006678
12	12	0.002519
10	10	0.002479
11	11	0.002482
10	10	0.002611
8	8	0.003170
7	7	0.003317
7	7	0.002443
7	7	0.002752
19	13	0.007473
24	22	0.005734
16	16	0.003202
11	11	0.003001
25	25	0.002869
20	20	0.003465
25	25	0.003186
13	12	0.005516
13	12	0.005548
13	12	0.005640
12	11	0.005867
17	16	0.006231
13	12	0.006781
13	12	0.005942
14	13	0.007309
13	12	0.005602
13	12	0.005736
12	11	0.005502
10	9	0.007299
10	9	0.008341
10	5	0.006500
21	19	0.005663
19	16	0.006005
16	16	0.002692
22	22	0.003003
19	19	0.002943
16	16	0.002937
21	19	0.006264
10	10	0.002521
10	10	0.002885
10	10	0.003058
18	15	0.006195
13	11	0.006389
14	9	0.010742
20	20	0.002878
11	11	0.002513
11	11	0.002700
11	7	0.004814
11	11	0.002766
9	9	0.002497
9	9	0.003085
13	13	0.003703
13	13	0.002487
11	11	0.002467
9	9	0.002707
10	9	0.005873
9	9	0.002715
9	9	0.002478
10	5	0.005558
10	10	0.002948
22	22	0.003302
13	13	0.002763
13	13	0.002557
10	5	0.005194
15	15	0.002715
18	18	0.002933
24	24	0.002701
15	15	0.003407
16	16	0.003328
18	18	0.003831
16	16	0.003522
10	10	0.002836
9	5	0.005307
9	5	0.006809
9	5	0.006071
10	5	0.005120
9	9	0.002676
9	9	0.002444
10	5	0.005377
10	10	0.002843
8	8	0.002690
8	8	0.002742
9	5	0.005280
11	11	0.002833
11	9	0.005238
16	14	0.006158
11	9	0.005915
21	21	0.003166
15	14	0.005674
17	16	0.006375
17	16	0.006631
16	15	0.006223
16	15	0.006262
15	14	0.005474
15	14	0.005712
13	12	0.006259
11	10	0.006272
13	12	0.006147
18	18	0.003060
35	35	0.002995
19	19	0.002589
17	17	0.002706
13	13	0.002607
10	8	0.005256
10	8	0.005875
10	8	0.005467
10	8	0.005409
10	8	0.005193
11	9	0.006178
9	7	0.006122
9	9	0.002942
9	9	0.002557
9	9	0.002773
9	7	0.005176
9	7	0.005797
9	9	0.003243
7	3	0.005829
7	5	0.006661
7	5	0.005315
7	5	0.006292
7	5	0.005405
7	5	0.005545
7	5	0.005951
7	5	0.005675
7	1	0.006048
7	3	0.006282
7	5	0.005868
7	5	0.005747
7	5	0.005460
7	5	0.005884
12	10	0.006759
28	25	0.006119
9	9	0.003047
16	14	0.006791
11	9	0.005765
11	11	0.003193
20	19	0.007443
25	23	0.006249
25	23	0.007141
26	20	0.006997
16	15	0.006145
16	15	0.006642
13	12	0.006048
10	5	0.006555
16	15	0.006073
13	12	0.006076
15	14	0.007066
15	14	0.006968
13	12	0.006049
10	9	0.005442
20	20	0.003367
19	14	0.006172
19	19	0.003386
17	17	0.002711
14	1	0.009358
10	10	0.003670
13	13	0.002914
10	8	0.006487
10	8	0.005612
13	12	0.006907
11	9	0.006159
9	7	0.007382
9	7	0.006794
9	9	0.002692
10	10	0.002646
24	24	0.002725
10	5	0.005644
10	5	0.006332
10	5	0.006723
19	15	0.006854
9	5	0.006831
9	5	0.006151
9	1	0.006493
9	1	0.005934
9	9	0.002671
10	10	0.003092
10	10	0.003742
8	8	0.002926
8	8	0.002742
10	5	0.006953
32	31	0.006377
10	10	0.003428
13	13	0.002996
13	13	0.003524
10	5	0.006456
10	5	0.006264
10	5	0.005361
19	15	0.006735
19	15	0.006353
19	19	0.002947
12	12	0.002749
21	21	0.003689
15	15	0.002991
15	15	0.002824
11	11	0.004446
10	10	0.004408
9	3	0.005236
9	5	0.005721
9	5	0.006695
9	9	0.002645
9	9	0.003287
9	5	0.005763
9	9	0.003020
10	10	0.002870
8	8	0.002759
8	8	0.002644
8	8	0.002743
17	17	0.003067
17	17	0.003329
16	16	0.003994
25	25	0.003188
21	21	0.002903
21	21	0.003641
16	15	0.005927
15	15	0.003429
19	19	0.003425
19	19	0.003482
13	13	0.002843
13	13	0.002770
13	13	0.002766
19	16	0.006968
14	14	0.002655
20	20	0.002914
11	11	0.003045
11	11	0.002941
11	11	0.003195
25	25	0.003173
23	18	0.007134
22	20	0.005990
10	10	0.002801
10	10	0.002878
25	23	0.007031
11	11	0.003511
21	21	0.003403
10	10	0.002942
13	13	0.003141
10	5	0.006945
10	5	0.006007
10	5	0.005949
10	5	0.006402
10	5	0.006010
17	17	0.003675
11	5	0.005764
15	13	0.005890
15	15	0.002831
13	13	0.003049
12	9	0.006625
9	5	0.005740
10	5	0.006218
14	14	0.003293
17	17	0.003079
16	16	0.003494
15	15	0.003143
19	19	0.002789
19	19	0.003113
16	16	0.003811
14	14	0.003250
16	15	0.007005
13	13	0.002804
15	15	0.003248
27	27	0.003132
24	24	0.003058
20	20	0.003615
15	15	0.003318
13	13	0.003297
13	13	0.002988
19	16	0.007024
21	21	0.002964
14	14	0.002943
10	10	0.003682
10	10	0.002923
25	23	0.006184
21	17	0.007396
21	18	0.006486
10	8	0.005584
11	11	0.003259
12	12	0.003026
20	20	0.003062
12	5	0.005262
10	10	0.002535
10	10	0.002927
18	16	0.005966
22	21	0.006580
8	3	0.006065
8	5	0.006493
8	5	0.006543
8	5	0.005726
8	5	0.006251
8	5	0.005566
8	1	0.006155
8	3	0.005428
8	5	0.006067
8	5	0.006386
8	5	0.006752
8	5	0.006974
8	5	0.005684
20	20	0.003055
13	12	0.006414
13	13	0.003236
16	16	0.002884
15	15	0.002746
15	14	0.006616
22	21	0.007062
16	15	0.006504
15	15	0.002946
13	13	0.003317
13	13	0.003668
13	13	0.002925
21	19	0.006409
11	11	0.002786
16	16	0.002916
12	12	0.003203
12	12	0.003100
11	11	0.002879
28	28	0.004151
33	30	0.007868
10	10	0.003198
12	12	0.003521
22	1	0.011643
14	14	0.003046
14	12	0.006857
15	11	0.005738
15	11	0.006276
14	13	0.006278
31	29	0.006036
10	10	0.002695
25	23	0.006203
16	15	0.005631
16	15	0.006312
12	11	0.006072
24	24	0.003445
21	21	0.003237
26	24	0.006098
12	12	0.002570
45	42	0.007862
26	24	0.006501
12	12	0.002997
15	15	0.003574
17	17	0.003030
13	13	0.002667
14	14	0.003869
11	5	0.006302
16	16	0.002946
15	13	0.006093
13	13	0.002760
13	13	0.003019
11	11	0.003585
11	11	0.003073
22	22	0.003623
27	27	0.003386
17	16	0.006812
22	21	0.007299
25	25	0.002845
19	19	0.002572
12	12	0.002580
19	19	0.003645
20	20	0.003240
11	11	0.002663
20	19	0.005955
20	20	0.003325
18	17	0.007932
21	20	0.007074
21	20	0.007507
13	13	0.002956
16	16	0.002763
32	20	0.006303
21	21	0.003534
11	11	0.003417
11	11	0.002822
12	12	0.002828
22	21	0.006362
19	19	0.003311
19	19	0.003365
16	16	0.003655
17	16	0.006949
19	19	0.003211
17	17	0.002809
17	17	0.002668
21	21	0.003921
20	20	0.003680
16	16	0.003639
16	16	0.003074
19	15	0.006359
19	19	0.002855
15	11	0.005422
13	13	0.003213
13	13	0.002992
18	18	0.003211
14	14	0.002700
15	15	0.002879
12	12	0.002613
12	12	0.003649
13	13	0.003224
16	16	0.002917
12	12	0.003207
13	13	0.003088
16	16	0.002681
11	5	0.006541
11	5	0.006555
16	16	0.003771
22	22	0.003505
22	22	0.003105
24	24	0.003878
17	17	0.003688
13	13	0.003151
13	13	0.003376
13	13	0.002893
13	13	0.003455
13	13	0.002764
13	13	0.003069
13	5	0.006651
13	13	0.002885
13	13	0.002713
13	13	0.003197
13	13	0.003784
13	13	0.004030
13	13	0.004759
13	13	0.003649
13	13	0.002873
13	13	0.002801
24	24	0.003529
22	22	0.003696
15	15	0.003728
15	15	0.003193
13	5	0.005543
15	15	0.003340
16	16	0.003366
22	22	0.003900
24	24	0.003693
13	13	0.003535
13	13	0.003718
13	13	0.003686
13	13	0.003267
13	13	0.003117
13	5	0.006691
13	13	0.004148
21	21	0.002966
20	20	0.002811
17	17	0.002715
15	15	0.003147
16	16	0.002643
23	22	0.006290
16	16	0.002801
16	16	0.002721
16	16	0.002597
15	15	0.004101
24	24	0.003448
16	16	0.003226
16	16	0.002952
16	16	0.002860
24	24	0.003471
25	25	0.003179
13	13	0.003358
22	22	0.003133
13	13	0.002782
13	13	0.003250
22	22	0.003104
13	13	0.002744
15	15	0.002847
20	20	0.003215
18	18	0.003175
13	13	0.003025
12	5	0.006456
12	5	0.005544
12	5	0.005694
12	5	0.005627
12	5	0.005632
12	5	0.006034
15	15	0.002946
12	12	0.002795
12	12	0.002766
12	5	0.006703
12	12	0.002616
13	13	0.003036
11	11	0.002857
11	11	0.002968
11	11	0.003024
11	11	0.002831
23	23	0.003132
12	12	0.003559
16	16	0.003485
16	16	0.003462
17	17	0.003729
22	22	0.004000
16	16	0.003604
19	19	0.003927
14	14	0.003389
17	17	0.003199
13	13	0.002992
17	17	0.003622
17	17	0.003219
20	20	0.002600
22	22	0.002824
20	20	0.002886
20	20	0.004022
25	23	0.006034
20	20	0.003720
20	20	0.003310
25	23	0.007769
12	12	0.003331
20	20	0.003720
14	14	0.002958
10	5	0.006660
10	5	0.006222
10	5	0.005589
10	5	0.007521
10	5	0.005701
10	5	0.005782
10	5	0.005683
10	5	0.006430
10	5	0.005956
10	5	0.007004
10	5	0.005519
10	5	0.005943
10	5	0.007116
10	5	0.006526
10	5	0.006323
10	5	0.006333
10	5	0.005567
10	5	0.006280
10	5	0.005983
10	5	0.006166
10	5	0.006376
20	20	0.002948
19	16	0.006459
13	12	0.006028
15	15	0.003938
21	19	0.005615
23	20	0.007394
19	16	0.006239
28	25	0.006711
22	21	0.006852
20	16	0.006234
20	16	0.006437
20	15	0.006996
12	12	0.002719
12	12	0.002637
12	12	0.002567
12	12	0.003291
12	12	0.002666
12	12	0.002708
12	12	0.002777
28	28	0.003349
12	12	0.003263
12	12	0.002745
12	12	0.003405
12	12	0.003143
28	25	0.006578
18	18	0.002712
17	17	0.002665
16	16	0.002814
17	17	0.003731
18	17	0.006591
20	20	0.003992
14	14	0.002955
16	16	0.002681
16	16	0.002661
16	16	0.003160
16	16	0.002917
19	19	0.002699
19	19	0.002793
19	19	0.002694
14	14	0.003033
13	13	0.002661
14	14	0.003620
21	15	0.006709
15	15	0.003113
19	15	0.006009
15	15	0.002660
14	14	0.002991
14	14	0.003205
20	15	0.008365
24	15	0.006019
24	21	0.006378
23	15	0.007867
21	14	0.008247
21	14	0.008802
20	15	0.008201
19	15	0.008535
20	15	0.008412
20	13	0.006795
21	21	0.002888
19	15	0.005962
16	16	0.002688
20	18	0.006665
21	15	0.008128
19	15	0.007633
19	15	0.006990
19	15	0.007949
21	12	0.007572
21	12	0.007028
19	15	0.008345
19	15	0.007902
19	15	0.006751
19	15	0.007389
19	15	0.007675
19	15	0.007414
19	15	0.008003
19	15	0.006892
21	15	0.008365
19	17	0.007205
18	16	0.007320
18	16	0.007412
18	16	0.007250
19	15	0.007737
20	15	0.006964
19	18	0.008009
16	13	0.007422
17	13	0.008937
16	16	0.003474
19	16	0.006795
19	16	0.008521
19	16	0.008698
15	13	0.007387
20	13	0.009405
20	13	0.007125
19	5	0.014195
15	13	0.007307
15	15	0.003430
15	15	0.003408
21	19	0.008838
20	15	0.008550
19	19	0.003048
15	15	0.002645
15	15	0.002877
19	15	0.006459
20	15	0.006833
19	17	0.006807
18	18	0.002956
17	17	0.003182
15	15	0.003115
15	15	0.002823
15	15	0.002876
15	15	0.003436
15	13	0.005678
14	14	0.002926
15	15	0.002711
13	13	0.003299
13	13	0.002832
14	14	0.003518
13	13	0.003158
13	13	0.003611
41	41	0.003605
14	14	0.003037
13	12	0.006666
13	12	0.006591
16	16	0.002647
19	19	0.003208
19	19	0.003492
19	19	0.003593
14	14	0.003181
14	14	0.003267
27	25	0.006240
28	5	0.010593
27	25	0.005722
16	16	0.002587
21	21	0.003179
19	19	0.003259
18	18	0.003307
19	19	0.003778
19	19	0.003146
19	15	0.006281
27	27	0.003326
19	15	0.005980
19	17	0.006032
19	19	0.003156
15	15	0.003532
15	15	0.002907
18	18	0.002828
18	18	0.003148
18	18	0.003188
18	18	0.003387
20	20	0.003739
19	15	0.006491
21	19	0.006559
21	21	0.003721
19	19	0.003850
20	20	0.002834
19	15	0.005749
19	19	0.002689
19	15	0.006312
21	21	0.002975
19	15	0.006598
19	19	0.003163
19	19	0.002794
19	17	0.006156
19	19	0.002881
19	15	0.006333
20	20	0.002897
19	19	0.003224
19	19	0.003921
19	19	0.003317
19	17	0.007209
19	19	0.003512
19	19	0.002956
19	19	0.003276
19	15	0.005994
21	21	0.003854
19	19	0.003066
21	21	0.003041
20	20	0.002990
19	19	0.005215
19	19	0.003100
19	19	0.003140
19	19	0.003242
50	50	0.003515
19	17	0.006336
19	17	0.005398
21	21	0.003190
18	18	0.003789
17	15	0.006459
17	17	0.003043
17	17	0.004059
15	15	0.003771
15	12	0.010564
13	13	0.002892
19	17	0.005887
14	14	0.003488
13	13	0.002669
13	13	0.003541
20	20	0.003769
13	13	0.002938
14	14	0.002748
14	14	0.002817
13	13	0.003169
13	13	0.003386
15	15	0.003224
13	13	0.002906
27	27	0.003462
20	16	0.006637
12	12	0.002804
12	12	0.002874
12	12	0.003371
12	12	0.002978
12	12	0.002531
20	16	0.006183
12	12	0.003438
16	16	0.002835
15	15	0.002868
19	19	0.003320
16	16	0.002780
16	16	0.002699
15	15	0.003011
13	13	0.003012
14	13	0.006044
11	11	0.002810
11	11	0.002546
30	30	0.003346
17	17	0.002880
15	15	0.002600
14	14	0.002833
16	16	0.003312
13	13	0.002918
15	15	0.002646
13	13	0.003011
12	12	0.003507
12	12	0.002743
12	12	0.002898
13	1	0.009480
11	11	0.003212
11	11	0.003214
15	15	0.002648
15	15	0.002654
11	5	0.006217
11	5	0.006328
11	5	0.006736
11	5	0.005499
21	21	0.002943
15	15	0.002752
15	15	0.003890
21	21	0.002801
13	13	0.002736
13	13	0.002964
13	13	0.003380
21	21	0.003048
25	25	0.003060
20	19	0.006472
25	25	0.003111
26	26	0.003922
15	15	0.002805
15	15	0.003051
20	19	0.006867
25	25	0.003144
21	21	0.002705
17	17	0.002947
17	17	0.002636
16	16	0.003432
20	20	0.003080
24	24	0.003506
46	46	0.003302
19	19	0.002840
19	19	0.003749
20	19	0.006055
24	24	0.002931
27	27	0.003023
26	26	0.003063
26	26	0.003088
17	17	0.003156
20	19	0.006434
21	21	0.004532
21	21	0.003037
21	21	0.002718
21	21	0.002798
19	19	0.003290
15	13	0.006607
15	15	0.002842
21	21	0.002646
19	19	0.003227
20	20	0.003964
16	16	0.002776
20	20	0.002899
19	19	0.003116
21	21	0.003806
15	15	0.002886
15	15	0.002600
15	15	0.002610
25	25	0.002694
24	24	0.003034
16	16	0.003612
15	15	0.002993
19	19	0.002924
19	19	0.002863
19	19	0.002880
19	19	0.002865
24	24	0.003808
16	16	0.003234
21	21	0.003030
17	17	0.002654
15	15	0.002641
15	15	0.002900
15	15	0.003095
15	15	0.003128
23	23	0.002676
18	18	0.002737
15	15	0.002993
25	25	0.003404
15	15	0.003227
15	15	0.002724
15	15	0.002810
15	15	0.002928
15	15	0.004412
15	15	0.003053
14	14	0.002808
14	14	0.003201
14	14	0.002589
14	14	0.003532
14	14	0.004183
16	16	0.002811
14	14	0.002533
14	14	0.002643
18	18	0.002816
13	13	0.002713
13	13	0.002743
13	13	0.003075
15	15	0.002605
16	16	0.003568
13	13	0.002914
14	14	0.002901
14	14	0.002955
19	19	0.002972
14	14	0.003616
14	14	0.003556
15	15	0.003018
11	11	0.002586
11	11	0.002816
11	11	0.002479
11	11	0.002916
12	12	0.002881
21	21	0.002857
13	13	0.003354
13	13	0.003642
21	21	0.002730
15	15	0.003106
20	16	0.006259
16	16	0.003619
22	22	0.003496
21	21	0.002760
25	25	0.004288
19	19	0.005438
21	21	0.003717
21	21	0.003135
19	19	0.002709
22	21	0.006627
21	17	0.006711
22	21	0.006481
20	20	0.003504
21	21	0.003003
22	21	0.005694
21	21	0.003036
21	21	0.003282
20	16	0.006212
19	19	0.002703
19	19	0.003572
17	17	0.003023
13	13	0.002646
21	21	0.003191
20	20	0.003705
21	21	0.003406
13	13	0.002810
21	21	0.002727
15	15	0.003382
13	13	0.003544
21	21	0.003073
12	12	0.002553
12	12	0.002595
12	12	0.002770
12	12	0.003075
14	14	0.002939
12	12	0.003220
11	11	0.002863
11	11	0.002636
17	17	0.002897
21	21	0.003026
21	21	0.003325
18	18	0.003189
19	19	0.002936
16	16	0.002881
17	17	0.002733
17	15	0.007297
17	15	0.006736
18	18	0.002867
15	15	0.002798
16	16	0.003048
15	15	0.002944
22	18	0.006632
18	18	0.003251
16	16	0.002991
16	16	0.002829
19	19	0.003782
14	14	0.003293
15	15	0.002913
13	13	0.002852
19	19	0.002777
19	19	0.002884
16	10	0.009716
10	10	0.002717
10	10	0.002525
10	10	0.002855
10	10	0.003059
20	3	0.009670
16	15	0.006435
13	12	0.006307
23	23	0.003145
12	12	0.002777
26	24	0.006070
16	16	0.003238
14	14	0.003122
17	17	0.005192
16	16	0.003421
16	16	0.003161
15	15	0.003315
14	14	0.003786
13	13	0.003986
13	13	0.003355
11	11	0.003104
17	17	0.003311
15	15	0.002959
30	24	0.008073
21	19	0.007042
20	20	0.003137
16	16	0.002642
13	13	0.003264
20	20	0.002898
20	20	0.003383
22	19	0.005981
22	22	0.003152
20	20	0.003446
20	20	0.003134
20	20	0.003239
11	11	0.002968
11	11	0.004378
9	5	0.005597
9	5	0.005390
9	5	0.005633
9	5	0.006530
9	5	0.005779
9	5	0.007015
9	5	0.006260
9	5	0.005867
9	5	0.006855
9	5	0.005355
9	3	0.005393
9	3	0.005600
9	5	0.006370
9	5	0.006915
9	5	0.006662
9	5	0.006897
9	5	0.006994
9	5	0.006400
9	5	0.005301
9	5	0.005724
9	5	0.005483
9	5	0.006965
23	21	0.006181
23	21	0.006231
16	15	0.006858
12	12	0.003012
12	12	0.002795
28	28	0.002943
13	13	0.002838
12	12	0.002819
13	13	0.003634
13	13	0.004308
13	13	0.003025
18	17	0.007012
15	15	0.003388
13	13	0.003814
17	17	0.003163
16	16	0.003289
15	15	0.003598
16	16	0.003673
13	13	0.003145
15	15	0.002838
16	16	0.002915
13	13	0.002890
19	15	0.005893
19	19	0.003249
12	12	0.003292
17	17	0.002932
19	19	0.003192
19	19	0.003261
15	15	0.002794
12	12	0.002663
11	11	0.002957
22	21	0.007621
20	17	0.006699
21	20	0.006507
20	20	0.003142
14	13	0.005643
19	19	0.003249
20	20	0.003118
20	18	0.007712
20	20	0.003121
14	14	0.002989
11	11	0.003629
15	13	0.006013
15	15	0.003519
15	15	0.002789
15	15	0.002777
15	15	0.002605
12	12	0.002783
25	23	0.008167
11	11	0.003451
11	11	0.002882
17	17	0.002709
25	23	0.005935
26	23	0.006405
24	22	0.006371
21	21	0.002962
13	13	0.002495
10	5	0.005303
10	5	0.005561
10	5	0.005660
10	5	0.005444
10	1	0.005672
14	14	0.002506
20	19	0.006315
15	15	0.002534
15	15	0.002575
13	13	0.002623
13	13	0.002999
11	11	0.003649
10	10	0.002891
10	10	0.002518
11	5	0.005249
13	13	0.002728
13	13	0.002906
11	11	0.002617
28	28	0.003511
24	24	0.002938
25	23	0.005716
24	24	0.002843
12	12	0.002599
10	5	0.005250
10	5	0.005688
10	5	0.006052
19	17	0.005566
14	14	0.002844
22	19	0.006874
15	15	0.002577
13	13	0.002503
10	10	0.002783
10	10	0.002898
13	13	0.002800
13	13	0.002866
11	11	0.002577
11	11	0.002648
21	19	0.005977
17	17	0.003711
10	5	0.005418
10	5	0.005310
10	5	0.005550
10	5	0.005873
30	30	0.003567
10	10	0.003023
13	13	0.003285
11	11	0.002814
25	23	0.005848
10	5	0.005633
10	5	0.006106
10	5	0.005248
22	20	0.005833
12	12	0.002657
15	15	0.002500
15	15	0.002630
10	10	0.002931
10	10	0.003196
21	19	0.006241
19	17	0.005594
16	15	0.005603
24	24	0.002996
17	17	0.003809
20	20	0.002775
12	12	0.002457
21	21	0.002632
22	21	0.006175
22	22	0.002955
21	21	0.002641
20	20	0.002635
17	17	0.003070
21	19	0.005612
26	25	0.006237
26	24	0.006257
21	20	0.005748
13	13	0.002949
14	14	0.002878
13	13	0.003427
17	17	0.002887
16	16	0.002727
16	16	0.003004
13	13	0.002744
13	13	0.003766
15	15	0.002555
14	14	0.002515
19	19	0.003030
12	12	0.002837
15	15	0.002750
21	20	0.005901
20	19	0.006449
18	15	0.005814
19	18	0.006371
16	16	0.003130
20	20	0.003021
16	13	0.006252
20	20	0.003764
20	18	0.006254
21	20	0.005603
21	21	0.003355
22	21	0.006536
12	11	0.005528
18	18	0.002975
11	11	0.002739
11	11	0.002826
9	9	0.002520
9	9	0.002815
9	9	0.002723
9	9	0.003017
13	13	0.003985
13	13	0.002940
10	5	0.005988
10	5	0.007473
10	5	0.005768
10	5	0.006085
10	1	0.006612
10	5	0.005764
16	16	0.002990
15	15	0.002701
13	13	0.002580
10	10	0.002697
10	10	0.002449
9	5	0.005725
9	1	0.005434
15	15	0.002702
9	9	0.002849
13	13	0.003466
10	5	0.005658
10	5	0.005770
15	15	0.003057
18	18	0.003394
19	17	0.005875
15	15	0.002700
16	16	0.003227
12	12	0.002951
17	15	0.005575
26	24	0.006041
9	5	0.006830
9	5	0.005621
9	5	0.005701
9	3	0.005534
9	5	0.005343
9	5	0.005364
9	5	0.006085
9	5	0.005308
15	15	0.003243
9	9	0.002746
9	9	0.002653
9	9	0.002826
13	13	0.002767
13	13	0.002899
10	5	0.006526
10	5	0.005321
10	5	0.005880
10	5	0.006102
10	5	0.007034
10	5	0.005279
19	15	0.005093
42	38	0.006217
15	15	0.002782
15	15	0.002855
9	5	0.005338
9	5	0.005824
9	5	0.005990
9	5	0.006547
9	5	0.005133
20	20	0.002968
10	10	0.002463
11	11	0.003168
11	11	0.003726
9	9	0.002880
9	9	0.002875
12	12	0.002824
21	20	0.005810
23	19	0.006839
17	5	0.008614
16	16	0.003626
13	13	0.003262
21	17	0.005899
21	21	0.003774
15	15	0.003574
13	13	0.002497
13	13	0.002431
13	11	0.005880
13	13	0.003669
13	13	0.002878
12	12	0.003397
20	20	0.003023
15	15	0.003049
11	11	0.002804
12	12	0.003054
11	11	0.003162
10	10	0.003840
10	10	0.003065
10	1	0.006305
10	10	0.002439
10	10	0.002554
11	11	0.002707
10	10	0.002626
10	10	0.003411
10	10	0.003134
21	21	0.002809
15	15	0.002979
12	12	0.003029
17	17	0.002830
11	5	0.005576
11	11	0.002817
12	12	0.002969
10	5	0.005826
13	12	0.005942
12	12	0.003397
12	12	0.003183
11	11	0.003530
11	11	0.002694
11	11	0.002669
12	12	0.003071
10	10	0.003001
10	10	0.002934
10	10	0.003028
10	10	0.003455
10	10	0.003795
10	10	0.002921
10	10	0.002754
10	10	0.002657
10	10	0.002596
11	11	0.003832
11	11	0.002929
10	10	0.002665
10	10	0.002668
16	16	0.002786
14	12	0.005542
12	12	0.002491
11	11	0.002818
11	11	0.003368
11	11	0.002693
12	12	0.003573
19	19	0.003224
12	12	0.002452
12	12	0.002488
10	1	0.009454
10	10	0.002456
10	10	0.002613
10	10	0.002454
10	10	0.002882
10	1	0.008109
8	8	0.002816
8	8	0.002394
8	8	0.002424
8	8	0.003035
10	10	0.003109
10	10	0.002691
17	17	0.002686
10	5	0.005339
10	5	0.005373
10	5	0.005863
13	13	0.002987
13	13	0.003019
10	10	0.002714
9	5	0.005150
9	5	0.005831
9	5	0.005570
12	12	0.003087
10	10	0.003625
8	8	0.002382
8	8	0.002445
8	8	0.002399
8	8	0.002454
12	12	0.003165
13	13	0.002933
14	14	0.002565
11	11	0.002496
21	21	0.002685
11	11	0.002685
25	25	0.003402
26	22	0.008560
13	12	0.006388
11	5	0.005402
13	12	0.005999
13	12	0.006398
19	18	0.006979
16	15	0.005902
16	15	0.007353
20	19	0.006050
13	12	0.005686
16	15	0.006403
15	14	0.005554
13	12	0.005863
16	15	0.005856
10	9	0.006023
13	12	0.006112
21	16	0.005564
17	16	0.005696
16	16	0.003024
11	11	0.003750
20	20	0.002707
10	10	0.002519
10	10	0.003669
10	10	0.003477
22	20	0.005846
13	13	0.002726
11	11	0.002834
11	11	0.002648
11	11	0.002856
9	9	0.003579
10	9	0.006513
10	9	0.005363
15	15	0.003407
10	10	0.002862
10	9	0.005955
9	9	0.002742
7	7	0.006193
7	7	0.003645
7	7	0.002804
7	7	0.003775
10	5	0.008270
20	16	0.007413
8	5	0.009902
8	5	0.007343
13	13	0.004569
10	5	0.009042
10	5	0.006531
10	5	0.007111
10	5	0.008018
15	15	0.004863
27	15	0.006382
19	15	0.007476
20	15	0.006836
21	16	0.007872
21	15	0.009760
19	15	0.008940
21	15	0.006849
19	15	0.005630
19	15	0.005073
19	15	0.006314
19	18	0.006002
16	16	0.002773
15	15	0.003339
13	13	0.002750
13	13	0.002675
13	12	0.005951
13	13	0.002556
19	19	0.002882
21	19	0.006873
10	10	0.003737
10	10	0.003400
9	5	0.005563
9	9	0.003210
10	5	0.006061
10	10	0.003402
10	10	0.002841
8	8	0.002683
8	8	0.002792
7	7	0.002795
7	7	0.002432
7	7	0.002450
13	13	0.002940
10	9	0.005858
21	16	0.005886
9	9	0.002487
16	15	0.007100
11	5	0.005941
22	22	0.002823
16	16	0.002605
15	15	0.002570
16	15	0.005761
16	15	0.006072
15	14	0.005416
19	19	0.002831
15	15	0.002898
25	25	0.002917
13	12	0.005484
13	12	0.006004
13	12	0.006149
13	12	0.005049
19	16	0.005970
23	22	0.006554
20	20	0.002742
12	12	0.002612
13	5	0.009202
16	16	0.003008
9	5	0.005446
25	24	0.006519
23	21	0.006458
11	10	0.006038
25	24	0.006904
25	24	0.006533
10	5	0.007791
10	9	0.006671
13	12	0.006759
9	8	0.006166
10	9	0.005815
16	15	0.006092
16	12	0.005771
12	12	0.002561
10	9	0.006234
11	9	0.006082
8	1	0.009619
8	8	0.002691
22	21	0.007331
16	16	0.002981
8	8	0.002676
6	6	0.002551
6	6	0.002731
6	6	0.002665
6	6	0.002559
17	16	0.007086
6	5	0.005993
6	5	0.005548
7	5	0.006111
11	10	0.006770
8	8	0.002501
8	5	0.005741
13	13	0.002740
13	13	0.002759
10	5	0.005846
10	5	0.005266
19	15	0.005420
13	13	0.002563
15	15	0.002737
15	15	0.003014
10	10	0.002882
9	5	0.005527
9	5	0.005835
9	5	0.005784
9	9	0.003434
9	9	0.003424
10	10	0.003080
8	8	0.002441
8	8	0.002464
10	10	0.002734
7	7	0.002463
7	7	0.002578
6	6	0.002348
6	6	0.002317
13	13	0.002336
13	13	0.002374
12	12	0.002564
10	5	0.005932
16	5	0.009164
10	7	0.005315
10	7	0.005972
11	10	0.006495
20	20	0.002996
23	22	0.006516
17	17	0.002829
20	19	0.005606
11	9	0.005349
13	11	0.006800
11	9	0.006428
16	14	0.006254
16	14	0.006044
15	13	0.006887
13	11	0.005404
17	15	0.006004
16	14	0.005434
17	15	0.005733
17	15	0.006370
16	14	0.005644
16	14	0.005553
15	13	0.005689
16	14	0.006244
15	13	0.005984
13	11	0.005748
11	9	0.006648
10	8	0.005526
13	11	0.005693
21	21	0.003086
21	15	0.005514
12	11	0.006042
11	10	0.005758
12	12	0.003061
10	9	0.005402
20	19	0.005681
10	10	0.002758
11	10	0.006076
9	8	0.006003
10	8	0.006073
9	8	0.005821
8	8	0.002792
8	8	0.002684
10	8	0.005715
9	8	0.005979
21	20	0.005722
16	15	0.005429
15	15	0.002609
12	11	0.005480
7	7	0.002409
7	7	0.002684
5	5	0.002484
5	5	0.002367
5	5	0.002335
5	5	0.002398
16	14	0.007102
8	8	0.002248
5	5	0.002196
11	11	0.002628
22	19	0.006056
21	19	0.006151
13	13	0.002702
7	5	0.005533
7	7	0.003023
7	7	0.003105
10	10	0.002580
10	10	0.003062
7	7	0.003230
10	6	0.005519
5	4	0.006559
5	1	0.005659
10	1	0.004726
10	1	0.006075
20	20	0.002586
20	20	0.002605
7	7	0.002795
16	15	0.006158
9	8	0.005443
8	5	0.005267
7	5	0.007499
6	1	0.005838
6	6	0.002824
6	6	0.002954
6	6	0.002681
6	6	0.002883
19	13	0.006439
19	17	0.006477
9	4	0.005369
9	4	0.005406
6	6	0.002948
6	6	0.003087
6	4	0.005774
6	6	0.002738
7	4	0.005547
8	8	0.002812
22	22	0.002992
13	12	0.006056
6	6	0.002541
11	8	0.006812
5	5	0.002503
14	13	0.005596
5	5	0.003182
5	5	0.002474
6	6	0.002536
5	5	0.003220
5	5	0.002865
5	5	0.003871
7	7	0.003227
12	8	0.005375
8	5	0.005161
10	5	0.005894
22	21	0.006493
7	7	0.003518
10	5	0.005651
15	15	0.004074
12	12	0.002809
7	7	0.002570
5	5	0.002634
5	5	0.002372
7	7	0.002777
7	7	0.003559
5	5	0.002440
5	5	0.002676
5	5	0.003357
5	5	0.003054
5	5	0.002602
5	5	0.002612
11	8	0.005599
5	3	0.005450
5	3	0.006064
5	5	0.003638
7	7	0.002819
11	11	0.003264
10	5	0.006630
10	7	0.005706
10	10	0.002918
20	20	0.002926
9	5	0.006301
8	8	0.002978
7	3	0.005208
15	15	0.002721
9	3	0.005096
10	10	0.002851
13	13	0.002794
10	5	0.005218
10	5	0.005240
10	5	0.005927
19	19	0.002990
13	13	0.002908
13	13	0.002994
13	13	0.002827
21	21	0.002853
10	10	0.003185
10	10	0.002899
9	5	0.006000
9	5	0.006094
9	5	0.005514
9	5	0.006824
10	5	0.006805
10	5	0.005513
10	10	0.002629
7	7	0.002574
7	7	0.003784
7	7	0.002693
7	7	0.002590
6	6	0.002772
6	6	0.002933
5	5	0.002997
5	5	0.003526
5	5	0.002407
5	5	0.002405
5	5	0.002379
7	7	0.002463
12	12	0.003002
5	5	0.003101
5	5	0.002808
5	5	0.003118
9	9	0.003329
8	1	0.005335
17	17	0.002581
7	1	0.005342
18	17	0.005646
8	7	0.006284
8	1	0.005309
17	16	0.006016
7	1	0.006041
14	14	0.003014
7	7	0.002806
7	7	0.002847
7	7	0.002944
7	7	0.004112
14	14	0.004556
7	7	0.003092
7	7	0.002668
7	7	0.002489
8	6	0.005616
6	1	0.005366
7	1	0.006605
8	6	0.005943
11	11	0.002790
13	13	0.002537
6	6	0.002739
6	6	0.003523
6	6	0.002715
6	1	0.005622
6	6	0.002951
6	6	0.002834
6	6	0.002936
10	8	0.006047
7	7	0.002670
7	7	0.002907
16	16	0.002679
8	7	0.006571
8	7	0.005757
8	8	0.002661
7	7	0.002579
12	12	0.003007
8	7	0.005398
9	9	0.003741
7	7	0.002912
7	7	0.002902
7	7	0.003017
7	7	0.003140
7	7	0.002607
7	7	0.002677
7	7	0.002580
7	7	0.002999
7	7	0.003796
6	5	0.005404
5	1	0.005671
5	1	0.005647
5	1	0.006386
5	1	0.005100
5	1	0.005292
5	1	0.005060
5	1	0.005604
5	1	0.005734
5	1	0.005469
5	1	0.005693
6	1	0.005833
5	1	0.005341
6	1	0.004851
7	6	0.005157
5	1	0.005728
5	1	0.006328
7	6	0.006747
6	5	0.005509
6	1	0.005029
6	5	0.005318
5	4	0.007133
5	4	0.005251
5	1	0.005027
5	1	0.005620
5	1	0.005826
10	1	0.005136
10	6	0.005140
7	7	0.002526
15	15	0.002925
14	13	0.005587
7	5	0.006830
7	5	0.005816
7	7	0.002802
7	1	0.006629
7	7	0.002626
7	7	0.002620
7	7	0.002646
7	7	0.002963
7	7	0.003293
7	7	0.003059
7	7	0.002845
7	7	0.002913
31	31	0.004068
7	7	0.002805
9	9	0.002677
15	15	0.002868
8	1	0.006151
8	1	0.005756
8	1	0.005593
8	1	0.005331
8	4	0.005758
8	1	0.005484
9	9	0.002632
10	1	0.008699
13	13	0.002873
10	10	0.002477
10	10	0.002457
10	10	0.002763
10	10	0.002974
10	10	0.002667
10	10	0.003184
7	1	0.005120
7	1	0.006082
7	1	0.006358
7	1	0.005082
7	1	0.005241
7	1	0.005262
7	1	0.005336
7	1	0.005952
10	10	0.002801
7	7	0.002574
7	7	0.002763
7	7	0.003627
7	7	0.003515
8	1	0.005241
8	1	0.005259
10	10	0.002652
9	9	0.002982
8	1	0.005299
8	1	0.005307
8	1	0.005476
10	10	0.003080
10	10	0.003278
8	8	0.003781
8	1	0.008941
10	9	0.005591
10	10	0.002774
9	8	0.007177
6	1	0.006619
7	1	0.004981
6	1	0.005728
6	1	0.005415
7	5	0.006229
6	1	0.005313
6	1	0.005660
6	1	0.006215
7	5	0.005273
7	5	0.005458
6	1	0.005847
6	1	0.005985
7	5	0.005798
6	1	0.005088
6	1	0.005632
8	6	0.005930
8	6	0.005442
9	7	0.008532
8	4	0.006985
8	6	0.005432
8	6	0.005401
6	1	0.005426
6	1	0.005418
6	1	0.005305
6	1	0.006447
6	1	0.005627
6	1	0.006114
6	1	0.005489
8	6	0.006429
8	6	0.005716
8	6	0.006156
8	6	0.006458
8	6	0.005367
8	6	0.005464
8	6	0.006281
8	6	0.005323
6	1	0.004917
8	6	0.006955
8	6	0.005452
7	5	0.005260
8	6	0.005596
7	1	0.005607
7	5	0.005979
7	5	0.005895
7	5	0.005605
8	6	0.006034
6	1	0.005711
8	6	0.005466
8	6	0.005757
10	8	0.005932
9	7	0.006137
8	6	0.005611
8	1	0.005331
7	5	0.006764
6	1	0.006241
6	1	0.006170
8	1	0.005568
8	6	0.006181
9	7	0.006603
7	5	0.005476
7	5	0.006061
7	5	0.006563
7	5	0.005431
9	7	0.005459
7	5	0.005197
8	6	0.005442
6	1	0.005198
6	1	0.005067
7	5	0.005352
8	1	0.005855
7	5	0.005603
6	1	0.005101
8	6	0.006022
8	1	0.005185
8	1	0.005824
8	1	0.011608
8	1	0.009306
8	1	0.006569
8	1	0.006966
8	1	0.006251
8	8	0.003737
8	8	0.003137
8	1	0.005657
8	1	0.007910
8	4	0.005726
8	1	0.006256
21	20	0.006169
9	9	0.003407
9	9	0.003794
10	10	0.003441
8	8	0.002822
9	9	0.002805
7	1	0.005421
7	1	0.006401
7	1	0.005450
7	6	0.006861
7	1	0.005735
7	1	0.006293
7	6	0.007576
8	1	0.005558
12	12	0.002848
7	7	0.003059
9	9	0.002722
17	17	0.003295
7	1	0.005552
7	1	0.005194
7	1	0.005286
7	1	0.005237
7	1	0.005970
8	5	0.005531
7	7	0.002730
8	8	0.002681
7	1	0.005412
7	1	0.005346
7	1	0.005533
7	1	0.005885
7	1	0.005480
7	1	0.006877
7	1	0.005180
8	5	0.005151
7	4	0.005479
7	1	0.005661
8	8	0.002723
8	1	0.006706
13	13	0.002542
7	7	0.002645
7	7	0.002664
7	1	0.005338
7	1	0.005746
7	1	0.005936
7	1	0.005644
7	1	0.005694
8	1	0.005829
7	7	0.003285
7	7	0.003049
15	1	0.007977
10	10	0.003362
9	9	0.003228
8	1	0.006166
8	1	0.006240
8	1	0.005960
9	9	0.003641
8	1	0.005801
8	1	0.006179
8	1	0.006645
9	9	0.003196
8	4	0.007487
13	13	0.003555
8	8	0.003486
10	1	0.009494
8	1	0.009250
8	8	0.002823
7	6	0.005835
7	7	0.002543
6	4	0.005978
6	6	0.003237
6	6	0.003414
6	6	0.003049
6	6	0.003246
6	1	0.006033
6	6	0.004527
6	6	0.003462
7	7	0.002479
7	7	0.002851
7	7	0.002716
7	7	0.003559
6	6	0.003058
6	6	0.002517
8	8	0.003259
7	7	0.002909
6	4	0.006736
6	6	0.003063
6	6	0.002575
6	6	0.003315
6	6	0.002925
6	6	0.002625
6	6	0.002523
6	6	0.002562
6	6	0.002626
6	6	0.002601
6	1	0.005733
6	4	0.006843
6	6	0.003454
6	6	0.002640
6	6	0.002753
6	6	0.002848
6	6	0.003744
6	6	0.003393
6	6	0.003465
6	6	0.003584
6	6	0.003052
7	7	0.002521
7	7	0.002531
7	7	0.002839
6	6	0.002967
6	6	0.002678
6	1	0.006253
17	14	0.006371
7	7	0.003117
6	6	0.003145
6	6	0.003204
6	6	0.003384
6	6	0.003608
6	6	0.002784
6	6	0.002695
6	1	0.006032
7	1	0.005438
8	6	0.005415
8	1	0.005812
8	6	0.006804
7	1	0.006151
6	6	0.003171
6	6	0.002824
6	1	0.006528
6	6	0.003676
6	6	0.003688
6	6	0.002805
6	6	0.003167
18	18	0.003291
18	18	0.002809
6	1	0.006718
7	5	0.006265
7	5	0.005297
7	5	0.005377
10	8	0.005628
6	6	0.002694
6	6	0.002793
7	7	0.002599
6	4	0.006582
6	6	0.002960
6	6	0.003485
22	20	0.007101
16	16	0.002828
27	27	0.003479
8	8	0.003178
7	7	0.004331
7	1	0.009609
9	9	0.003335
7	7	0.002950
7	7	0.002744
7	7	0.003246
7	7	0.002787
10	10	0.002890
7	7	0.002646
12	11	0.006144
8	8	0.003054
5	5	0.002962
24	22	0.007359
6	6	0.003381
13	11	0.006708
5	5	0.003272
5	5	0.002645
5	1	0.006985
5	5	0.003029
5	5	0.002696
5	5	0.003133
5	5	0.003512
10	10	0.002724
7	5	0.006912
6	6	0.002871
6	6	0.002503
6	5	0.006064
6	5	0.006101
6	6	0.002887
7	7	0.003507
5	5	0.002675
5	5	0.002246
7	7	0.002403
5	5	0.003289
12	5	0.005136
6	6	0.002438
10	5	0.005184
10	5	0.005278
10	5	0.006006
7	7	0.002991
7	7	0.003046
7	7	0.002886
6	6	0.002676
5	5	0.002578
10	5	0.006554
6	6	0.002679
5	5	0.002515
5	5	0.002526
5	5	0.002400
5	5	0.002709
5	1	0.005840
5	5	0.003673
5	5	0.002964
5	5	0.002682
5	5	0.002878
7	7	0.002842
6	5	0.005879
6	5	0.006221
5	5	0.003167
5	5	0.002532
6	6	0.002300
5	3	0.006865
5	3	0.006308
13	11	0.006654
10	5	0.006381
10	5	0.005514
7	5	0.006577
11	11	0.003404
13	13	0.002643
10	5	0.006475
10	5	0.006656
15	15	0.003436
19	17	0.006083
17	17	0.003225
15	15	0.003341
15	15	0.002883
15	15	0.002847
10	10	0.002896
9	5	0.006527
9	5	0.007056
9	9	0.004057
10	10	0.003115
8	8	0.002681
8	8	0.003096
8	8	0.003233
7	7	0.002823
7	7	0.002498
13	12	0.006049
6	6	0.002517
6	6	0.002607
10	5	0.006389
5	5	0.003039
5	5	0.002361
5	5	0.002340
5	5	0.002428
5	5	0.003298
6	6	0.002421
15	15	0.002644
5	5	0.003022
5	5	0.003240
17	13	0.007131
15	15	0.002729
21	20	0.007075
14	5	0.005670
13	9	0.006466
14	5	0.007027
14	5	0.006734
20	11	0.006387
33	32	0.007400
17	17	0.002809
22	22	0.002843
23	23	0.003624
21	21	0.003142
26	25	0.006381
14	11	0.006278
10	10	0.002761
13	10	0.006309
26	23	0.007712
7	7	0.002660
27	27	0.002971
26	26	0.003110
7	5	0.006145
17	14	0.005740
6	4	0.005983
25	20	0.006142
9	9	0.003030
6	4	0.006384
7	7	0.002852
19	13	0.006165
19	19	0.002972
10	8	0.005961
6	4	0.005532
18	17	0.006924
21	21	0.003421
8	8	0.002529
14	9	0.006505
10	6	0.009575
7	6	0.005660
7	6	0.006038
7	4	0.005939
7	6	0.006313
7	6	0.007144
7	6	0.005887
7	6	0.008039
7	6	0.006106
7	6	0.006444
7	6	0.006374
9	9	0.003826
9	7	0.006102
7	7	0.002839
16	16	0.003097
7	7	0.003134
7	7	0.002624
8	4	0.005392
8	8	0.003355
12	11	0.005977
15	15	0.004040
7	6	0.006104
13	12	0.007126
20	16	0.007161
19	19	0.003054
10	10	0.002684
13	13	0.002717
9	9	0.003164
6	6	0.002935
8	7	0.005629
19	17	0.006750
13	11	0.005372
22	20	0.006660
18	13	0.006754
19	17	0.006726
19	17	0.006316
19	18	0.006762
19	18	0.005956
15	14	0.006115
12	11	0.006342
19	17	0.007777
13	13	0.004082
17	16	0.008349
12	7	0.006800
12	12	0.002719
20	11	0.006293
13	13	0.003448
8	8	0.003609
7	5	0.006101
9	5	0.006281
7	7	0.002584
7	7	0.002542
8	7	0.006099
6	6	0.004084
12	10	0.008111
11	9	0.007441
13	11	0.009378
10	6	0.005782
25	24	0.007305
13	11	0.006282
10	7	0.006481
11	7	0.005677
12	8	0.005230
25	21	0.006211
28	25	0.007695
13	11	0.007200
10	4	0.007417
9	7	0.006397
21	19	0.009734
17	15	0.006812
16	14	0.007253
15	13	0.008038
16	14	0.007870
15	13	0.007631
21	19	0.007396
15	13	0.008461
13	11	0.006568
10	8	0.007174
20	1	0.008598
19	19	0.003124
24	24	0.003570
13	13	0.003319
11	11	0.003003
10	6	0.006810
28	28	0.003314
10	10	0.002990
10	10	0.003265
11	7	0.008539
10	7	0.006843
8	8	0.003272
8	8	0.003314
10	7	0.007051
16	16	0.003407
9	5	0.006602
7	7	0.003609
6	6	0.003471
7	7	0.003235
19	19	0.003589
11	11	0.003264
11	11	0.003146
8	6	0.006790
5	5	0.002883
5	5	0.002901
7	6	0.007149
7	7	0.003363
6	6	0.003260
4	4	0.003129
4	4	0.003653
4	4	0.003389
8	4	0.007194
9	4	0.006610
8	6	0.007173
6	6	0.003068
5	4	0.006970
5	5	0.003081
5	5	0.003089
10	6	0.007580
4	2	0.007019
4	4	0.003659
4	4	0.004486
4	1	0.008428
4	4	0.003784
4	4	0.004069
4	4	0.004039
4	4	0.003985
5	4	0.008028
5	4	0.008409
5	4	0.009049
6	6	0.003862
8	7	0.008211
10	9	0.008886
5	4	0.009035
5	4	0.008840
10	4	0.009925
8	8	0.004278
6	4	0.008996
9	4	0.008949
5	5	0.004465
5	5	0.004123
5	5	0.004120
8	8	0.003875
6	6	0.004203
5	5	0.004680
6	6	0.004357
8	8	0.004001
4	4	0.003948
4	4	0.003875
4	4	0.003958
4	4	0.003867
17	17	0.004568
9	8	0.009145
4	2	0.008857
4	4	0.004713
4	4	0.003848
4	4	0.003922
10	10	0.004102
6	6	0.004000
4	4	0.004226
4	4	0.004216
4	4	0.004561
7	5	0.008745
7	7	0.003907
6	6	0.004318
7	4	0.009946
5	5	0.004563
5	5	0.004428
6	6	0.005075
4	4	0.004472
13	13	0.005399
21	21	0.005883
18	17	0.011340
6	6	0.004352
7	7	0.004072
17	17	0.005040
28	27	0.013416
14	14	0.006424
4	2	0.008647
4	4	0.004697
4	4	0.005125
4	4	0.005271
4	4	0.005476
4	4	0.005647
4	4	0.005177
4	4	0.005931
4	4	0.005504
4	1	0.012403
4	2	0.011795
4	4	0.005880
4	4	0.005654
4	4	0.006113
4	4	0.005875
4	4	0.005822
4	4	0.005791
4	4	0.006497
4	4	0.005775
4	4	0.005692
18	18	0.005714
6	6	0.004820
5	4	0.011069
5	4	0.012274
15	15	0.006420
11	11	0.006410
9	9	0.006844
6	4	0.013073
19	15	0.011865
13	11	0.012726
14	14	0.007210
12	12	0.007375
19	15	0.014286
18	15	0.014221
16	14	0.014609
16	16	0.007261
19	13	0.015093
19	15	0.013688
19	15	0.013866
20	10	0.014128
18	18	0.006495
21	18	0.013735
16	14	0.013588
16	14	0.014682
16	15	0.013602
18	16	0.014394
19	13	0.012741
19	15	0.014069
13	12	0.011305
13	12	0.013080
13	12	0.011241
13	13	0.005691
15	15	0.005795
15	15	0.006667
15	15	0.006521
8	8	0.005738
20	12	0.011664
19	15	0.013326
19	17	0.013318
18	16	0.013686
10	10	0.007401
6	6	0.006278
6	6	0.005175
24	24	0.005704
18	18	0.005275
6	6	0.004987
5	5	0.004699
8	8	0.005120
7	7	0.004921
5	5	0.005731
5	5	0.005772
5	4	0.009880
6	6	0.004958
16	15	0.011165
5	5	0.004528
18	17	0.012845
16	16	0.007266
13	13	0.006744
6	6	0.006287
20	19	0.016277
7	6	0.012524
15	15	0.005759
6	6	0.005425
8	8	0.006025
4	4	0.004695
4	4	0.004642
4	4	0.004906
4	4	0.005090
4	4	0.005055
4	4	0.004614
4	4	0.004764
4	4	0.005304
9	9	0.005665
23	21	0.013213
12	11	0.012773
9	9	0.005490
5	5	0.004573
4	4	0.004635
4	4	0.004639
4	4	0.004769
4	4	0.006181
4	4	0.005134
4	4	0.005235
8	8	0.004972
52	52	0.006891
5	5	0.004668
4	4	0.005040
6	6	0.004518
4	4	0.005085
4	4	0.005138
4	4	0.004600
4	4	0.005057
4	4	0.005061
14	14	0.005574
8	8	0.004992
9	6	0.011143
5	5	0.004685
5	5	0.004750
7	5	0.011791
8	8	0.005594
4	2	0.010755
4	4	0.005132
4	4	0.005683
4	4	0.005475
4	2	0.010086
4	4	0.005228
4	4	0.005358
4	4	0.005539
4	4	0.005563
10	10	0.005960
8	8	0.005146
7	7	0.005073
5	5	0.005377
5	5	0.004671
7	7	0.005506
8	8	0.006275
5	4	0.011772
13	11	0.012899
22	22	0.006610
15	14	0.010600
10	4	0.013083
9	9	0.006051
13	13	0.006367
7	7	0.005081
6	6	0.004845
5	5	0.004922
5	5	0.004791
5	5	0.004946
5	5	0.004950
5	5	0.004951
10	6	0.010318
4	4	0.004591
4	4	0.004770
4	4	0.004904
4	4	0.005264
9	7	0.011610
13	13	0.005155
4	2	0.009878
4	4	0.004961
4	4	0.005304
4	4	0.005301
8	8	0.004514
14	14	0.005691
6	6	0.004886
5	5	0.004524
10	4	0.011265
10	4	0.011378
15	15	0.005279
5	5	0.005243
5	5	0.004929
5	5	0.005276
5	5	0.005632
4	4	0.005048
4	4	0.004869
4	4	0.004530
4	4	0.005276
6	6	0.004998
6	6	0.005520
4	4	0.005188
4	4	0.005521
13	13	0.006034
6	4	0.010432
6	6	0.004894
5	5	0.004474
10	6	0.010395
9	9	0.005099
4	4	0.004503
4	4	0.004508
13	13	0.005315
6	6	0.005621
14	14	0.005066
13	13	0.005125
18	18	0.005782
12	12	0.005815
19	19	0.005151
19	19	0.005221
19	19	0.005277
14	14	0.005058
13	13	0.005043
19	19	0.006025
13	13	0.005873
12	12	0.005954
13	13	0.006050
13	13	0.006073
11	11	0.005237
7	7	0.004812
19	19	0.005095
6	6	0.005008
6	6	0.005593
5	5	0.005469
4	1	0.011204
13	13	0.005112
4	4	0.004525
4	4	0.004520
4	4	0.005057
4	4	0.005949
7	7	0.005962
5	5	0.005183
10	10	0.004797
6	6	0.005585
7	6	0.012716
8	8	0.006135
8	8	0.005480
6	1	0.011806
6	6	0.005376
8	8	0.005366
7	6	0.012238
4	4	0.005099
4	4	0.004877
4	4	0.004903
4	4	0.005210
4	4	0.005342
4	4	0.005094
4	4	0.005298
7	6	0.011166
5	5	0.006002
7	7	0.006820
7	7	0.006759
5	5	0.006674
5	4	0.012297
5	4	0.012107
6	6	0.005694
7	6	0.013759
4	4	0.005574
4	4	0.005323
7	6	0.012103
10	6	0.012643
6	6	0.006401
7	7	0.005925
6	6	0.005699
5	5	0.006075
5	5	0.005433
19	18	0.014739
6	6	0.005534
10	6	0.012902
19	19	0.007463
6	6	0.005566
4	2	0.011633
4	4	0.005839
4	4	0.005845
4	1	0.013592
4	1	0.013424
4	4	0.006831
4	4	0.006501
4	4	0.007002
18	14	0.013790
9	9	0.006291
10	10	0.006630
5	5	0.005898
27	27	0.006454
7	6	0.013093
5	5	0.005515
9	4	0.013252
9	4	0.012685
22	22	0.005747
13	13	0.005741
6	2	0.009853
5	5	0.004866
5	5	0.004867
5	5	0.004915
5	5	0.004948
7	7	0.004935
17	17	0.005166
6	6	0.005015
9	6	0.011847
4	4	0.005533
4	4	0.005356
4	4	0.005302
4	4	0.005442
10	10	0.005127
7	7	0.005262
6	6	0.005130
4	4	0.005850
4	4	0.005519
4	4	0.005039
4	2	0.009505
4	4	0.005807
4	4	0.006439
4	4	0.006947
5	5	0.006091
7	7	0.005578
4	4	0.006078
4	4	0.005942
17	17	0.006322
10	10	0.005684
22	22	0.006996
8	8	0.005554
4	4	0.005378
6	6	0.005912
4	4	0.006005
4	4	0.005689
4	4	0.005713
23	19	0.014266
9	4	0.013206
6	6	0.006756
17	17	0.007174
4	4	0.006972
4	4	0.006482
9	9	0.006516
7	7	0.006532
6	4	0.012390
5	5	0.005760
8	4	0.012914
4	4	0.005564
4	4	0.006272
4	4	0.005819
8	8	0.004710
4	4	0.005237
4	4	0.005162
13	13	0.005228
4	4	0.005038
6	4	0.010011
14	14	0.005711
6	6	0.005157
6	6	0.005184
8	8	0.004988
4	4	0.004532
4	4	0.004478
6	6	0.004528
5	5	0.004868
4	4	0.005869
4	4	0.006015
4	4	0.005464
8	8	0.005191
8	6	0.011699
7	7	0.004913
38	37	0.012321
4	4	0.004451
4	4	0.004517
4	4	0.004506
29	27	0.011840
33	31	0.014745
7	5	0.011851
4	4	0.006467
4	4	0.006513
4	4	0.005769
4	4	0.005739
4	4	0.004628
4	4	0.004164
4	4	0.004187
4	2	0.007839
4	4	0.004088
4	4	0.003730
4	4	0.003618
4	4	0.003811
8	8	0.003327
5	5	0.003937
5	5	0.003551
5	5	0.003748
6	6	0.004021
5	5	0.004158
6	6	0.003993
13	13	0.004117
25	25	0.004777
25	25	0.004799
6	6	0.003608
4	4	0.003630
4	4	0.003573
4	4	0.003502
4	4	0.003425
4	4	0.003423
4	4	0.003371
10	10	0.003853
19	18	0.009033
19	18	0.009120
42	38	0.009208
10	10	0.003504
5	5	0.003026
5	5	0.003388
5	5	0.002963
10	10	0.002981
6	6	0.002887
8	8	0.003172
8	8	0.003174
8	8	0.003738
6	6	0.003694
7	5	0.006184
11	11	0.003622
11	11	0.003624
28	23	0.007970
23	21	0.008006
5	5	0.003452
5	5	0.002955
5	5	0.004204
5	5	0.003404
9	9	0.003725
5	5	0.004215
8	8	0.004268
6	5	0.006062
6	6	0.004230
6	6	0.002999
5	5	0.003563
6	5	0.006089
6	6	0.003361
13	12	0.007189
23	23	0.004128
6	6	0.003162
4	1	0.006315
4	1	0.008826
12	7	0.007200
8	8	0.003064
8	8	0.002796
5	5	0.002445
5	5	0.002465
6	6	0.003151
5	5	0.002645
5	1	0.005728
5	1	0.005479
6	1	0.006979
7	1	0.006826
7	1	0.006828
7	7	0.003077
7	7	0.003824
21	15	0.007731
21	15	0.008347
4	4	0.003476
4	4	0.003313
4	4	0.003526
4	4	0.002466
4	4	0.005986
4	4	0.006145
4	4	0.002619
4	4	0.002559
4	4	0.002345
12	1	0.008160
5	4	0.005340
5	4	0.005584
6	6	0.003778
20	20	0.003656
6	6	0.003831
8	7	0.006607
10	9	0.008413
6	1	0.006816
6	6	0.002982
9	5	0.007614
6	6	0.002621
31	25	0.007021
10	10	0.002733
6	6	0.002720
5	5	0.002604
5	5	0.002420
5	5	0.003307
5	5	0.002840
7	7	0.002521
6	6	0.003233
5	5	0.003020
9	9	0.003234
9	9	0.002853
5	4	0.005483
6	6	0.003414
20	15	0.006599
6	5	0.006660
6	5	0.006461
22	22	0.003449
5	5	0.002663
5	4	0.007229
3	1	0.005475
3	1	0.006368
3	1	0.005398
3	1	0.006452
3	1	0.005420
3	1	0.005245
3	1	0.005816
3	1	0.005179
3	1	0.005378
3	1	0.005343
3	1	0.006378
3	1	0.005173
3	1	0.007393
3	1	0.006343
3	1	0.005578
3	1	0.006207
3	1	0.005231
3	1	0.005121
3	1	0.005281
3	1	0.005593
3	1	0.006023
3	1	0.005481
3	1	0.006177
3	1	0.005159
3	1	0.005580
3	1	0.005013
3	1	0.005174
3	1	0.005399
3	1	0.005881
3	3	0.002762
3	1	0.005404
3	1	0.005314
3	1	0.005114
3	1	0.004935
3	1	0.005880
3	1	0.004943
3	1	0.005351
3	1	0.005553
3	1	0.005632
3	1	0.005433
3	1	0.005198
3	1	0.005124
3	1	0.005698
3	1	0.004885
3	1	0.004929
3	1	0.005824
3	1	0.006003
3	1	0.005845
18	17	0.006344
6	6	0.002483
10	1	0.009337
10	10	0.002649
10	10	0.002937
5	5	0.002490
25	25	0.003520
14	14	0.002738
21	20	0.006287
15	13	0.006017
7	7	0.002480
6	6	0.002480
6	5	0.005273
8	5	0.005757
5	5	0.002673
8	8	0.002660
5	5	0.002514
6	6	0.002775
5	5	0.002631
8	8	0.002517
5	5	0.002435
7	7	0.002490
5	5	0.002684
6	5	0.005393
6	6	0.002531
5	5	0.002631
5	5	0.002905
5	5	0.002616
6	5	0.007205
8	8	0.002978
6	1	0.005335
5	5	0.002657
8	8	0.003177
4	1	0.005577
4	1	0.005939
4	1	0.005474
4	1	0.005753
28	27	0.006163
5	5	0.003905
5	1	0.006094
7	1	0.005213
7	1	0.005505
7	1	0.005171
7	1	0.005044
7	7	0.003555
9	9	0.002915
5	5	0.002473
5	5	0.002548
5	1	0.006241
4	4	0.002494
4	4	0.002451
4	4	0.002414
4	4	0.002399
4	4	0.002475
4	4	0.002425
4	4	0.002583
4	4	0.002420
4	4	0.002637
6	1	0.005126
13	13	0.002807
8	8	0.002471
5	5	0.002473
7	7	0.003498
4	1	0.005662
4	1	0.005618
4	1	0.005265
4	1	0.006463
4	1	0.005376
4	1	0.005234
4	1	0.005143
4	1	0.005049
4	1	0.006442
4	1	0.005955
8	8	0.003138
14	9	0.007213
8	8	0.003168
11	7	0.006329
5	5	0.002846
7	7	0.003111
5	5	0.003697
5	5	0.002894
7	7	0.003124
11	9	0.006163
7	7	0.002817
5	5	0.002762
5	5	0.003842
5	5	0.003082
6	1	0.005794
6	1	0.005749
6	1	0.005818
6	6	0.002779
6	6	0.002785
6	1	0.005992
6	1	0.005785
12	12	0.002852
9	6	0.005822
4	4	0.003541
4	4	0.003138
4	4	0.002667
4	4	0.002705
4	4	0.002715
4	4	0.002817
4	4	0.002781
4	4	0.002763
4	4	0.002785
4	4	0.002798
17	17	0.003246
6	6	0.002782
5	1	0.005842
4	1	0.006354
4	1	0.006346
4	1	0.005922
4	1	0.005841
4	1	0.005738
4	1	0.005346
4	1	0.005767
4	1	0.005952
4	1	0.006020
14	14	0.003027
6	6	0.002841
5	5	0.003085
5	1	0.006459
6	1	0.005817
6	6	0.002853
7	1	0.005971
7	1	0.005624
5	5	0.002810
5	5	0.002913
5	5	0.003183
27	26	0.007637
4	4	0.002854
4	4	0.002852
4	4	0.002828
4	4	0.002833
4	4	0.003123
4	4	0.003684
4	4	0.002825
4	4	0.002779
4	4	0.003561
4	4	0.003095
4	4	0.002740
4	4	0.003699
4	4	0.003266
4	4	0.002855
4	4	0.002741
7	7	0.002850
10	10	0.002834
10	10	0.002874
12	12	0.003144
8	8	0.003609
21	21	0.003154
12	12	0.003178
13	13	0.003822
4	1	0.005966
4	1	0.005354
4	1	0.005772
4	1	0.005763
4	1	0.005814
4	1	0.005865
4	1	0.007763
4	1	0.006655
4	1	0.005503
4	1	0.005304
4	1	0.005454
11	11	0.003187
11	11	0.003774
10	10	0.002993
10	9	0.007167
10	9	0.006024
6	1	0.005501
5	1	0.005997
5	1	0.005834
5	5	0.002674
5	5	0.002733
10	10	0.002833
4	4	0.003236
4	4	0.003363
4	4	0.002806
4	4	0.002686
4	4	0.002740
4	4	0.002799
4	4	0.002963
4	4	0.002783
7	1	0.009539
18	17	0.006591
13	13	0.002894
6	6	0.002826
6	6	0.002779
13	12	0.006224
5	1	0.005737
5	1	0.005694
11	11	0.003020
9	9	0.003024
15	15	0.003069
6	6	0.002932
11	11	0.002861
8	7	0.005680
7	7	0.002733
8	8	0.002774
7	7	0.003172
7	7	0.002971
7	7	0.002741
6	6	0.002956
5	5	0.002816
5	5	0.002722
5	1	0.008707
5	5	0.002740
5	5	0.002782
21	21	0.002970
5	5	0.002713
6	6	0.002751
16	16	0.002901
6	6	0.002941
5	5	0.003368
19	17	0.006645
23	23	0.003021
5	5	0.002821
19	18	0.007490
6	5	0.006030
6	5	0.005844
6	6	0.002946
18	18	0.003271
5	5	0.003027
3	3	0.002806
3	3	0.002889
3	3	0.002899
3	3	0.003125
3	3	0.002900
3	3	0.003931
3	3	0.003483
3	3	0.002880
3	3	0.002835
3	3	0.002857
3	3	0.003766
3	3	0.004245
3	3	0.003127
3	3	0.003691
3	3	0.003386
3	3	0.003265
3	3	0.003156
3	3	0.002976
3	3	0.002865
3	3	0.002838
3	3	0.003011
3	3	0.002935
3	3	0.002882
3	3	0.002886
3	3	0.002900
3	3	0.002898
13	11	0.007517
22	18	0.006806
13	12	0.007023
17	17	0.003536
11	11	0.003362
5	3	0.005921
7	7	0.003329
5	5	0.003243
6	1	0.006925
8	8	0.003554
23	20	0.007046
21	21	0.003181
15	15	0.003409
6	6	0.004242
10	9	0.007431
8	8	0.003257
9	9	0.003015
12	12	0.003873
13	13	0.004037
6	6	0.003827
7	7	0.003536
18	17	0.007276
7	7	0.002974
6	6	0.002740
8	7	0.007501
18	13	0.006793
7	7	0.003010
8	8	0.003005
9	5	0.006468
7	7	0.003040
5	5	0.003930
5	5	0.003068
5	5	0.002673
8	8	0.002900
5	5	0.002656
5	5	0.002693
7	7	0.002915
6	5	0.006275
5	5	0.002675
6	5	0.006251
7	7	0.002808
5	5	0.003276
6	6	0.003490
4	1	0.007857
4	1	0.007519
4	1	0.006297
4	1	0.006978
4	1	0.006473
4	1	0.006209
4	1	0.005968
13	13	0.003072
7	7	0.003114
6	6	0.002942
17	12	0.007780
17	17	0.003944
14	14	0.004293
6	6	0.003272
5	5	0.002822
6	6	0.002718
11	11	0.002963
11	11	0.002968
7	7	0.002618
4	4	0.002610
4	4	0.002669
4	4	0.002830
4	4	0.002785
4	4	0.002611
25	24	0.007905
14	14	0.003704
18	17	0.006882
18	17	0.008637
18	17	0.008188
18	17	0.007165
24	24	0.003569
5	1	0.005983
5	5	0.002977
5	3	0.006894
12	7	0.006439
8	8	0.003211
5	5	0.003091
8	8	0.002731
8	8	0.003170
20	20	0.003205
10	10	0.002959
10	10	0.003054
8	8	0.002969
6	6	0.002888
8	8	0.003017
7	7	0.003142
21	21	0.003305
5	5	0.002859
10	10	0.003190
5	5	0.002677
6	6	0.002896
6	6	0.002619
5	5	0.002634
5	4	0.005896
5	5	0.003684
7	7	0.003614
7	7	0.002962
6	6	0.002921
5	5	0.003093
12	12	0.003877
5	5	0.002806
3	1	0.007071
3	1	0.006662
3	1	0.006037
3	1	0.006733
3	1	0.006520
3	1	0.005931
3	1	0.006541
3	1	0.006025
3	1	0.006012
3	1	0.006370
3	1	0.006246
3	1	0.006707
3	1	0.006986
3	1	0.006026
3	1	0.005637
3	1	0.006919
3	1	0.006667
3	1	0.007246
3	1	0.005722
3	1	0.005555
3	1	0.005361
3	1	0.005443
3	1	0.006647
3	1	0.005788
3	3	0.003669
3	3	0.002821
3	3	0.002745
3	1	0.005829
3	1	0.005421
3	1	0.006376
3	1	0.006120
3	1	0.006123
3	1	0.006775
3	1	0.007646
3	1	0.007297
3	1	0.005914
3	1	0.005888
3	1	0.005819
3	1	0.006214
3	1	0.006586
3	1	0.005465
3	1	0.005362
3	1	0.005496
3	1	0.006336
3	1	0.006820
3	1	0.005873
3	1	0.005440
3	1	0.005349
3	1	0.006498
3	1	0.006709
3	1	0.006621
3	1	0.005743
3	1	0.006684
3	1	0.005520
3	1	0.005399
10	10	0.003257
16	12	0.006322
16	12	0.006283
8	8	0.003175
13	12	0.007476
27	25	0.008306
7	7	0.003396
5	5	0.003135
5	5	0.003666
5	5	0.002854
5	1	0.005816
5	5	0.002949
8	6	0.006078
18	17	0.006459
8	4	0.006729
6	6	0.002778
10	10	0.002835
13	13	0.002829
14	14	0.002903
6	6	0.002726
5	5	0.002559
7	7	0.002899
5	5	0.003053
6	6	0.002618
8	7	0.007024
7	7	0.002862
5	5	0.002507
5	5	0.002853
10	10	0.003418
7	7	0.003188
6	6	0.003721
17	13	0.006356
7	7	0.002584
5	5	0.002869
7	7	0.002881
10	6	0.006931
7	7	0.003299
6	6	0.003304
4	1	0.006249
4	1	0.007004
4	1	0.006309
4	1	0.006756
4	1	0.005622
4	1	0.005322
15	10	0.006801
15	10	0.006308
6	6	0.003034
7	7	0.002780
5	1	0.005960
5	1	0.005857
5	1	0.005798
6	6	0.002695
6	6	0.002810
7	7	0.003100
15	13	0.007595
5	5	0.002855
5	5	0.003075
5	5	0.003643
5	5	0.002800
6	6	0.002740
5	1	0.005988
5	1	0.006809
7	6	0.006044
6	6	0.002736
4	4	0.002710
4	4	0.002783
4	4	0.002725
4	4	0.002716
4	4	0.002765
4	4	0.002683
4	4	0.002782
4	4	0.003029
4	4	0.003601
7	7	0.002822
5	5	0.002557
8	8	0.002871
4	3	0.005711
4	1	0.007209
4	4	0.003828
4	1	0.006757
4	1	0.006650
7	5	0.005939
6	6	0.002610
5	5	0.002642
5	5	0.002561
9	9	0.003358
10	1	0.006245
5	5	0.002815
5	5	0.002779
5	5	0.002583
5	5	0.002540
10	6	0.006110
6	4	0.005777
7	7	0.002577
4	4	0.002594
4	4	0.002613
4	4	0.002652
4	4	0.002584
4	4	0.002498
4	4	0.002540
4	4	0.002532
4	4	0.002703
4	4	0.002500
4	4	0.002515
4	4	0.002478
4	4	0.002525
5	1	0.006525
4	3	0.006706
4	1	0.008156
4	1	0.006965
7	7	0.003462
5	5	0.003127
5	5	0.003636
5	5	0.003128
5	5	0.003599
5	1	0.007127
5	1	0.005971
5	1	0.005684
5	5	0.002663
6	6	0.002950
5	5	0.003601
4	4	0.003097
4	4	0.003535
4	4	0.002793
4	4	0.002581
4	4	0.002564
4	4	0.003517
4	4	0.003057
4	4	0.002845
6	6	0.002608
6	6	0.002548
6	6	0.002799
9	9	0.002824
10	10	0.003100
7	6	0.006228
11	11	0.002791
11	11	0.002778
4	1	0.006031
4	1	0.005733
4	1	0.006933
4	3	0.005626
4	3	0.005484
4	1	0.006078
4	1	0.006529
8	8	0.003819
8	8	0.003234
5	1	0.005919
5	1	0.005768
6	6	0.002827
6	6	0.002578
6	6	0.002763
5	5	0.002714
6	6	0.002533
7	6	0.005963
6	6	0.002924
4	4	0.002562
4	4	0.002570
4	4	0.002576
4	4	0.002487
4	4	0.003471
4	4	0.002849
4	4	0.002947
4	4	0.003348
4	4	0.003011
11	11	0.003844
12	12	0.003016
8	4	0.006694
7	6	0.006028
7	6	0.005720
7	6	0.005947
9	9	0.003782
5	5	0.002881
5	1	0.006298
12	12	0.003483
8	8	0.003353
8	8	0.003651
19	19	0.003267
6	6	0.002791
16	14	0.007152
7	7	0.002925
10	10	0.002778
5	5	0.002552
8	8	0.002797
5	5	0.002652
6	6	0.002746
8	8	0.002768
5	5	0.002465
5	3	0.005560
5	5	0.002555
5	5	0.002544
6	6	0.003517
9	9	0.003162
13	13	0.002949
7	7	0.002639
5	3	0.005755
8	8	0.002608
5	5	0.002504
5	3	0.006137
3	3	0.002569
3	3	0.002866
3	3	0.003241
3	3	0.002544
3	3	0.002534
3	3	0.002529
3	3	0.002552
3	3	0.002598
3	3	0.003500
3	3	0.002902
3	3	0.003537
3	3	0.002855
3	3	0.002480
3	3	0.002547
3	3	0.002496
3	3	0.002461
3	3	0.002508
3	3	0.003388
3	3	0.002842
3	3	0.002550
3	3	0.002562
3	3	0.002563
3	3	0.002506
3	3	0.002627
3	3	0.002857
3	3	0.003313
9	9	0.004138
7	5	0.007529
14	14	0.002978
10	9	0.006044
6	5	0.007311
6	5	0.006397
6	5	0.005511
7	5	0.005925
7	5	0.005919
9	9	0.002833
7	5	0.005889
7	5	0.006061
7	5	0.007107
7	5	0.007234
7	5	0.007387
8	8	0.003786
8	8	0.003327
8	1	0.006410
8	5	0.007535
9	9	0.004959
6	6	0.003195
6	6	0.002843
9	9	0.002884
7	1	0.005383
5	5	0.002935
7	5	0.005920
16	16	0.003017
18	17	0.006330
8	8	0.003437
6	6	0.003099
7	7	0.002890
22	22	0.003110
5	5	0.002757
7	7	0.002908
5	5	0.003210
5	5	0.003253
6	6	0.002803
6	6	0.002804
5	5	0.002712
5	5	0.002737
5	5	0.003710
9	9	0.003223
7	5	0.005820
5	5	0.002764
5	5	0.002736
5	5	0.003581
5	5	0.003281
6	6	0.002842
6	6	0.002949
6	6	0.002794
6	6	0.002757
6	4	0.005684
4	1	0.005757
8	8	0.003329
6	6	0.003654
6	6	0.002822
14	14	0.003125
5	5	0.002698
8	8	0.002839
6	1	0.010593
4	4	0.003025
4	4	0.002759
4	4	0.002710
4	4	0.002697
4	4	0.002743
4	4	0.002813
4	4	0.002717
4	4	0.002700
4	4	0.002623
13	11	0.006334
25	25	0.003386
9	1	0.005436
5	5	0.002913
15	15	0.003380
8	8	0.003714
9	9	0.002891
9	9	0.002905
16	16	0.003064
11	11	0.002855
11	11	0.002912
6	6	0.002753
8	5	0.005922
8	5	0.005958
30	26	0.007774
30	26	0.006697
30	30	0.003330
12	12	0.002901
5	5	0.002746
35	27	0.006857
7	7	0.003763
9	8	0.006483
6	6	0.003063
5	2	0.006346
7	7	0.003527
5	5	0.003254
8	6	0.005624
5	5	0.002706
5	2	0.005625
7	7	0.002761
3	1	0.006536
3	1	0.007402
3	1	0.005722
3	1	0.005816
3	1	0.006649
3	1	0.006542
3	1	0.005389
3	1	0.005744
3	1	0.006072
3	1	0.005782
3	1	0.005303
3	1	0.005404
3	1	0.005345
3	1	0.005312
3	1	0.005356
3	1	0.005318
3	1	0.005346
3	1	0.005316
3	1	0.005326
3	1	0.005298
3	1	0.006181
3	1	0.005807
3	1	0.005315
3	1	0.005832
3	1	0.005882
3	1	0.005316
3	1	0.005413
3	1	0.005386
3	1	0.005322
3	1	0.006868
3	1	0.005484
3	1	0.005453
3	1	0.006965
3	1	0.005759
3	1	0.006052
3	1	0.006111
3	1	0.006622
3	1	0.005822
3	1	0.006222
3	1	0.006252
3	1	0.006145
3	1	0.006236
3	1	0.005809
3	1	0.005822
3	1	0.006098
3	1	0.006289
3	1	0.005745
3	1	0.005790
3	1	0.006665
3	1	0.005588
3	1	0.005519
3	1	0.005339
3	1	0.005637
3	1	0.006263
3	1	0.005474
3	1	0.005440
3	1	0.005327
3	1	0.006331
3	1	0.005829
3	1	0.006602
3	1	0.005445
3	1	0.005330
13	9	0.006192
8	7	0.006162
7	7	0.002816
10	10	0.003028
16	16	0.003668
14	11	0.007471
36	32	0.008257
5	5	0.002991
19	14	0.005995
13	13	0.002850
7	7	0.002759
7	7	0.003213
7	7	0.003233
10	9	0.006324
12	12	0.003051
10	10	0.002902
8	8	0.002805
8	8	0.002731
43	43	0.004033
19	19	0.002958
11	11	0.002861
9	9	0.002740
11	10	0.005675
8	8	0.003388
11	11	0.003621
5	5	0.002902
11	11	0.003548
6	6	0.003196
8	8	0.003233
6	6	0.002950
5	5	0.002903
6	1	0.005988
5	5	0.002877
4	1	0.006066
4	1	0.005524
6	6	0.002899
10	1	0.010474
10	10	0.003051
7	6	0.006366
5	5	0.002896
5	5	0.002870
5	5	0.002866
5	5	0.003144
5	5	0.003406
6	1	0.006778
5	1	0.006243
5	1	0.006726
31	30	0.007760
7	1	0.006394
10	8	0.006672
8	8	0.003876
8	8	0.003075
25	25	0.003334
8	8	0.002965
11	11	0.003851
4	4	0.003261
4	4	0.002868
4	4	0.002996
4	4	0.003816
4	4	0.003313
4	4	0.003004
4	4	0.002898
4	4	0.002861
5	5	0.002912
5	5	0.003122
17	17	0.004015
4	1	0.006345
4	1	0.006274
4	1	0.005999
4	1	0.006005
4	1	0.006343
4	1	0.007062
6	1	0.006067
15	15	0.003655
8	1	0.010519
6	6	0.002889
5	5	0.002842
9	1	0.006425
10	10	0.003793
5	5	0.003274
5	5	0.003679
5	5	0.002901
5	5	0.002846
5	5	0.002851
10	10	0.003203
10	10	0.003076
6	1	0.009999
6	6	0.002830
6	6	0.003087
10	6	0.006248
13	13	0.004899
4	4	0.004330
4	4	0.002739
4	4	0.002700
4	4	0.002700
4	4	0.002746
4	4	0.002735
4	4	0.002673
4	4	0.002761
8	8	0.002789
6	6	0.002748
5	1	0.006004
11	11	0.003599
5	5	0.003317
4	1	0.006324
4	1	0.006116
4	1	0.006127
4	1	0.006246
7	1	0.007569
5	5	0.003127
20	18	0.007833
10	1	0.006385
4	4	0.002871
4	4	0.002781
4	4	0.002855
4	4	0.002791
4	4	0.002868
4	4	0.002812
4	4	0.002788
4	4	0.002831
4	4	0.002788
6	6	0.002873
6	6	0.003014
5	5	0.003851
5	5	0.004079
5	5	0.003272
11	11	0.002997
6	6	0.002840
6	6	0.003187
4	1	0.008021
4	1	0.006504
4	1	0.007117
4	1	0.006594
4	1	0.006195
4	1	0.006900
20	20	0.003728
9	9	0.004010
5	5	0.003210
9	9	0.003222
9	9	0.004017
9	9	0.003477
5	1	0.005918
5	1	0.005791
5	5	0.002754
5	5	0.002761
5	5	0.003159
17	9	0.007485
8	7	0.006073
8	7	0.007210
17	17	0.003323
12	10	0.006139
4	4	0.002749
4	4	0.003105
4	4	0.003378
4	4	0.003226
4	4	0.002894
9	9	0.003794
7	3	0.007087
5	5	0.002799
5	5	0.002786
6	6	0.002775
7	7	0.002977
9	9	0.003397
7	7	0.003188
10	10	0.002916
24	23	0.006783
19	15	0.006528
6	5	0.005522
19	19	0.002883
6	6	0.002691
5	5	0.003636
6	6	0.003064
6	5	0.006965
5	1	0.008773
5	5	0.002957
5	5	0.002702
7	7	0.002790
5	5	0.002748
11	11	0.003183
9	9	0.003943
6	6	0.003551
10	8	0.006108
5	5	0.002925
18	18	0.003770
8	8	0.003004
5	5	0.002983
22	18	0.007594
11	11	0.002863
25	25	0.003300
6	5	0.006560
24	24	0.003259
6	6	0.002716
6	6	0.003065
5	5	0.003546
5	1	0.008880
5	5	0.003254
11	11	0.003638
6	5	0.006166
3	3	0.002718
3	3	0.002724
3	3	0.002699
3	3	0.002694
3	3	0.002708
3	3	0.002694
3	3	0.002680
3	3	0.002727
3	3	0.002673
3	3	0.002694
3	3	0.002683
3	3	0.002712
3	3	0.002643
3	3	0.002719
3	3	0.002673
3	3	0.002729
3	3	0.002842
3	3	0.002698
3	3	0.002659
3	3	0.002790
3	3	0.003169
3	3	0.003147
3	3	0.002670
3	3	0.002740
3	3	0.002688
3	3	0.003045
9	9	0.003172
31	26	0.008693
5	5	0.002847
5	5	0.002818
5	5	0.002900
8	5	0.006393
29	26	0.007407
5	5	0.003059
15	12	0.008248
8	8	0.003899
24	21	0.007893
6	6	0.003198
29	29	0.003136
23	21	0.006816
17	17	0.003305
22	22	0.003379
12	9	0.006001
13	9	0.006365
17	17	0.003085
13	13	0.003042
17	17	0.002996
12	12	0.002971
23	21	0.007618
22	22	0.003837
10	10	0.002994
8	8	0.002555
13	13	0.003073
9	5	0.007436
17	17	0.003316
5	5	0.002739
6	6	0.002694
8	7	0.006282
5	5	0.002701
5	5	0.002962
8	8	0.003485
8	8	0.002678
9	9	0.002849
5	5	0.002795
5	5	0.002543
5	5	0.002531
7	7	0.002636
20	20	0.003103
5	1	0.006073
19	18	0.007468
18	16	0.007567
17	16	0.006020
10	10	0.003089
6	5	0.005840
6	5	0.005703
6	6	0.002666
4	1	0.006258
4	1	0.006176
4	1	0.005993
4	1	0.006141
4	1	0.005958
4	1	0.005980
4	1	0.005979
4	1	0.006038
4	1	0.006085
4	1	0.005973
25	21	0.007895
5	1	0.007603
5	1	0.006615
5	5	0.002785
5	5	0.002740
10	10	0.002855
5	1	0.006155
5	5	0.002583
7	7	0.002796
5	5	0.002693
5	5	0.002828
5	5	0.002860
5	5	0.003219
5	5	0.003509
4	4	0.002533
4	4	0.002513
4	4	0.002491
4	4	0.002519
4	4	0.003128
4	4	0.002711
10	10	0.003559
7	1	0.005921
13	12	0.006118
9	7	0.006297
5	1	0.005731
5	1	0.005814
5	5	0.002776
7	1	0.006813
9	9	0.002810
9	9	0.002810
16	16	0.003217
8	8	0.002848
7	7	0.002754
13	13	0.003762
6	6	0.003146
11	10	0.006129
5	5	0.003712
9	9	0.003327
5	5	0.002642
5	5	0.002960
5	5	0.002572
15	13	0.005735
3	1	0.005860
3	1	0.006614
3	1	0.006070
3	1	0.005766
3	1	0.005912
3	1	0.006643
3	1	0.007360
3	1	0.006387
3	1	0.005808
3	1	0.006104
3	1	0.006164
3	1	0.006662
3	1	0.006152
3	1	0.005779
3	1	0.006269
3	1	0.006771
3	1	0.005909
3	1	0.006398
3	1	0.007606
3	1	0.005996
3	1	0.007074
3	1	0.005693
3	1	0.007030
3	1	0.005813
3	1	0.005826
3	1	0.005801
3	1	0.005721
3	1	0.005660
3	1	0.005706
3	1	0.005761
3	1	0.005704
3	1	0.005721
3	1	0.005763
3	1	0.005719
3	1	0.006045
3	1	0.006209
3	1	0.006693
3	1	0.005788
3	1	0.005841
3	1	0.005785
3	1	0.005786
3	1	0.005671
3	1	0.005710
3	1	0.005797
3	1	0.005940
3	1	0.005926
3	1	0.006050
3	1	0.007226
3	1	0.006936
3	1	0.005789
3	1	0.006145
3	1	0.006736
3	1	0.005960
12	10	0.005953
12	10	0.007596
9	7	0.007348
7	7	0.002952
15	15	0.003104
11	11	0.002951
8	8	0.002899
6	6	0.002764
7	6	0.006092
10	9	0.007103
10	10	0.004197
25	23	0.007673
34	34	0.003303
13	13	0.003241
5	5	0.003266
6	6	0.002648
5	5	0.002641
22	14	0.007179
5	5	0.002958
10	1	0.009660
5	5	0.003842
12	12	0.003316
8	8	0.002974
11	6	0.006298
4	1	0.005821
16	16	0.003146
6	6	0.002805
5	5	0.002978
5	5	0.002910
5	5	0.002943
29	29	0.003354
10	10	0.002961
6	6	0.002821
5	1	0.007043
17	16	0.006944
6	6	0.002962
4	4	0.002934
4	4	0.002884
4	4	0.002815
4	4	0.002808
4	4	0.002739
4	4	0.002844
4	4	0.002910
4	4	0.002815
4	4	0.002827
4	4	0.002855
4	4	0.002751
5	5	0.002652
9	6	0.006217
4	1	0.006062
4	1	0.006068
4	1	0.006805
4	1	0.006745
9	9	0.003299
5	5	0.003222
5	5	0.003370
5	5	0.002904
5	5	0.002863
6	6	0.002686
4	4	0.002610
4	4	0.002680
4	4	0.002631
4	4	0.002619
4	4	0.002529
4	4	0.002564
4	4	0.002516
4	4	0.003394
4	4	0.002896
4	4	0.002500
4	4	0.002554
6	6	0.002753
6	6	0.002886
8	1	0.005904
5	5	0.003508
32	23	0.006665
32	23	0.007210
4	1	0.009124
4	1	0.007061
6	6	0.003287
10	9	0.008523
6	1	0.006296
5	5	0.002802
5	5	0.002711
5	5	0.002805
6	6	0.002876
5	5	0.002815
5	5	0.002828
6	1	0.010066
4	4	0.002815
4	4	0.002802
4	4	0.002925
4	4	0.002890
4	4	0.003182
4	4	0.003664
4	4	0.002897
4	4	0.002916
5	1	0.006403
5	1	0.008076
5	5	0.002677
23	23	0.003139
23	17	0.006793
7	7	0.002786
4	1	0.005926
4	1	0.005844
4	1	0.005734
4	1	0.006220
4	1	0.005776
4	1	0.005816
4	1	0.006005
4	1	0.006910
10	9	0.006875
8	6	0.006146
8	6	0.006007
5	1	0.005885
5	1	0.006938
12	8	0.006108
12	8	0.005832
6	6	0.002716
4	4	0.002657
4	4	0.002582
4	4	0.002665
4	4	0.002598
4	4	0.002663
4	4	0.002598
4	4	0.002628
4	4	0.002607
4	4	0.002607
4	4	0.002585
4	4	0.002473
13	12	0.005727
16	10	0.006686
13	13	0.004153
10	10	0.003208
10	8	0.007082
15	15	0.002979
5	5	0.002761
8	7	0.005932
12	12	0.002852
12	12	0.002808
6	6	0.002559
10	5	0.005960
7	7	0.003108
18	17	0.007538
12	12	0.002745
8	7	0.006038
5	1	0.006255
5	5	0.002515
5	5	0.002526
5	5	0.002945
5	1	0.006297
5	1	0.006402
8	8	0.002615
5	5	0.002565
10	10	0.003034
5	1	0.006329
3	3	0.002547
3	3	0.002723
3	3	0.002641
3	3	0.002485
3	3	0.002568
3	3	0.002576
3	3	0.002572
3	3	0.002598
3	3	0.002615
3	3	0.002581
3	3	0.002626
3	3	0.002598
3	3	0.002552
3	3	0.002589
3	3	0.002609
3	3	0.002899
3	3	0.003396
3	3	0.002670
3	3	0.002710
3	3	0.002683
3	3	0.002970
3	3	0.003425
3	3	0.002718
3	3	0.002645
3	3	0.002578
3	3	0.003459
14	14	0.003592
11	11	0.003793
11	11	0.003242
11	11	0.002977
28	28	0.003313
11	11	0.002983
19	19	0.003081
12	12	0.003853
13	13	0.003449
10	10	0.002986
14	13	0.006549
15	12	0.005876
15	12	0.007781
15	12	0.006472
29	27	0.006788
31	31	0.003407
13	8	0.006277
29	12	0.009331
18	18	0.002946
20	20	0.002964
10	5	0.005743
14	14	0.002919
8	4	0.006320
17	16	0.008875
14	9	0.007565
7	7	0.002690
8	4	0.006699
7	6	0.006420
13	11	0.007085
8	8	0.002973
6	6	0.003051
10	8	0.005778
8	8	0.003416
11	11	0.003542
8	8	0.003012
8	8	0.003310
10	10	0.003381
10	10	0.003714
16	16	0.003041
11	11	0.002872
9	9	0.002845
11	11	0.003026
32	30	0.007051
8	7	0.006064
5	1	0.005733
10	9	0.005970
7	6	0.005540
10	10	0.003027
9	7	0.005900
7	1	0.005420
11	11	0.002914
6	6	0.002827
6	6	0.002867
9	9	0.002883
6	6	0.002663
13	5	0.005809
5	5	0.002632
5	5	0.002615
6	6	0.002536
5	5	0.002891
5	5	0.003267
6	6	0.002663
27	25	0.006606
5	5	0.003099
9	9	0.003573
8	8	0.002779
8	6	0.006813
11	11	0.003233
26	21	0.006596
15	4	0.006251
9	7	0.006728
23	20	0.008114
7	7	0.002815
7	7	0.003639
9	8	0.006218
9	8	0.005793
9	9	0.002922
15	15	0.004021
9	8	0.006524
22	21	0.006732
15	15	0.003206
20	20	0.003187
35	35	0.003345
35	35	0.004199
35	35	0.003815
10	9	0.006195
7	7	0.002777
17	17	0.002948
7	6	0.005854
6	6	0.003501
14	13	0.005905
9	9	0.002906
9	9	0.003083
7	7	0.002826
16	16	0.003204
9	9	0.002685
18	18	0.002798
16	16	0.002942
12	7	0.006182
4	4	0.002835
19	12	0.009492
19	14	0.010177
19	12	0.009735
8	1	0.005375
8	8	0.002806
8	8	0.002768
4	4	0.002707
4	1	0.006513
8	8	0.003666
10	10	0.003546
8	8	0.003175
7	7	0.003033
8	8	0.002944
9	5	0.006201
5	5	0.002880
9	8	0.005965
9	9	0.002993
7	7	0.003917
8	8	0.003269
9	9	0.003122
8	8	0.003142
7	7	0.003055
4	4	0.002869
4	4	0.002844
5	5	0.002954
8	8	0.003103
8	8	0.003092
4	1	0.007095
8	8	0.003818
5	1	0.006027
8	6	0.007097
8	6	0.005960
4	2	0.005896
6	1	0.006006
4	4	0.003943
4	4	0.003839
4	4	0.003709
9	9	0.003429
4	4	0.003488
4	4	0.003936
17	16	0.007752
13	13	0.003286
12	12	0.003257
5	5	0.003441
8	8	0.004065
7	7	0.004215
9	9	0.003831
4	4	0.003044
4	4	0.004023
9	8	0.007991
8	8	0.003117
4	4	0.002919
4	1	0.006150
4	1	0.006772
4	1	0.005646
8	8	0.003333
7	7	0.003094
4	4	0.003061
4	4	0.003090
6	6	0.003104
7	7	0.003146
8	8	0.003074
7	7	0.003069
4	4	0.003879
4	4	0.003501
4	4	0.003201
4	4	0.003189
8	8	0.003197
8	8	0.003240
7	7	0.003065
5	5	0.003081
8	8	0.003190
15	11	0.006417
4	1	0.005395
15	15	0.003101
8	8	0.003157
5	1	0.007947
5	5	0.003299
7	7	0.004088
7	7	0.003496
9	9	0.003541
8	8	0.003877
7	7	0.003065
6	6	0.003858
9	9	0.003377
10	10	0.003038
9	9	0.002984
9	9	0.003439
8	7	0.007806
12	12	0.003485
10	10	0.003396
9	9	0.003793
9	9	0.003179
12	12	0.003274
9	9	0.003847
8	8	0.003191
9	9	0.002938
8	8	0.002959
9	9	0.003003
7	7	0.002977
9	9	0.002969
8	8	0.002988
8	8	0.002965
8	1	0.010070
10	10	0.003183
9	9	0.003159
8	7	0.006232
10	10	0.003208
9	9	0.003148
9	9	0.003122
11	11	0.003134
8	8	0.003083
8	8	0.003137
7	7	0.003055
7	7	0.002936
7	7	0.002945
7	7	0.003031
8	8	0.002940
8	1	0.009024
9	5	0.006640
6	6	0.003087
7	7	0.004012
7	7	0.003575
7	7	0.004007
4	4	0.003481
4	4	0.003115
4	4	0.002992
4	4	0.002949
4	4	0.002899
4	4	0.003142
15	15	0.004128
9	9	0.003298
9	9	0.003281
8	8	0.003131
7	7	0.003136
4	4	0.003108
4	4	0.003063
4	4	0.003037
8	8	0.003153
7	7	0.003079
7	7	0.003256
8	8	0.003166
4	4	0.003115
4	4	0.003933
30	29	0.008704
6	6	0.003827
8	8	0.003037
6	6	0.002776
10	10	0.002632
17	17	0.004178
17	17	0.003601
17	15	0.006657
16	15	0.007699
16	16	0.003041
10	5	0.006246
21	19	0.007100
8	8	0.003568
18	18	0.003559
25	25	0.004497
9	8	0.006736
14	14	0.003247
6	2	0.005790
30	23	0.008034
6	6	0.003127
7	6	0.006657
9	8	0.007331
10	10	0.003220
12	12	0.003468
12	12	0.003865
25	25	0.003418
6	6	0.003008
26	21	0.006519
23	23	0.002980
9	9	0.002840
6	1	0.005386
6	1	0.005826
6	4	0.005895
8	7	0.006050
8	7	0.006006
8	7	0.007117
8	7	0.008092
7	6	0.006119
6	5	0.006098
5	1	0.006963
5	1	0.005714
5	1	0.005616
11	11	0.003108
13	13	0.003161
7	7	0.003201
8	4	0.007044
11	11	0.003037
6	6	0.003160
6	6	0.002945
6	6	0.003142
6	6	0.003119
12	12	0.003247
10	7	0.008114
12	12	0.003727
9	9	0.003522
6	6	0.003662
6	6	0.002994
8	8	0.002909
10	8	0.006340
10	8	0.006388
5	5	0.002838
5	5	0.002883
7	7	0.002866
5	5	0.002858
8	8	0.002883
14	13	0.006165
10	10	0.002994
16	14	0.006531
14	12	0.006555
5	5	0.002935
5	5	0.002860
5	5	0.002861
10	9	0.006982
5	5	0.002957
5	5	0.002926
5	5	0.002805
10	10	0.002998
7	7	0.002719
7	7	0.002926
15	12	0.006482
23	18	0.006062
18	18	0.003083
26	25	0.006713
6	6	0.002749
6	6	0.003395
12	12	0.003612
12	12	0.003316
5	5	0.002851
6	6	0.002979
6	6	0.002654
5	5	0.002707
5	5	0.002716
5	5	0.002942
15	14	0.006495
10	5	0.006237
10	5	0.007864
9	9	0.003774
10	5	0.006514
9	5	0.006158
7	7	0.002954
6	6	0.003008
9	9	0.003645
6	6	0.003085
7	5	0.005822
5	5	0.002743
5	5	0.003111
5	5	0.002985
5	5	0.003340
5	5	0.003213
5	5	0.003766
10	5	0.007843
13	12	0.012915
10	5	0.008230
8	5	0.007498
16	16	0.003733
13	13	0.003826
10	5	0.008911
10	5	0.009289
10	5	0.009169
21	14	0.008853
21	13	0.008780
15	15	0.003925
19	19	0.004188
13	13	0.003785
15	15	0.003691
10	10	0.003716
9	5	0.009004
9	5	0.008414
9	5	0.007545
9	5	0.008068
10	5	0.007925
9	5	0.008152
10	10	0.004140
10	10	0.004258
8	8	0.003894
8	8	0.003781
11	11	0.004062
7	7	0.004139
7	7	0.004094
6	6	0.003857
6	6	0.003831
5	5	0.003369
5	5	0.003348
5	5	0.003498
5	5	0.003751
6	5	0.008338
6	6	0.003900
9	9	0.004244
10	9	0.008419
14	14	0.003870
7	7	0.004060
20	20	0.004076
7	7	0.003998
7	1	0.007904
7	1	0.008073
7	6	0.011069
29	24	0.009586
6	5	0.008930
5	1	0.007474
8	8	0.003767
10	10	0.003935
11	11	0.003950
6	6	0.003776
7	6	0.008018
11	11	0.004035
9	9	0.003776
8	8	0.003802
6	6	0.003729
28	27	0.008837
28	27	0.008786
28	27	0.008937
6	6	0.003677
9	8	0.008065
9	8	0.008696
9	9	0.004267
7	7	0.003798
5	5	0.003789
6	1	0.008361
5	5	0.003641
12	10	0.008282
7	7	0.003867
18	18	0.004216
5	5	0.003689
7	7	0.003736
5	5	0.003642
18	18	0.003978
21	8	0.008090
6	6	0.004185
9	9	0.004569
9	9	0.003940
5	1	0.007860
9	6	0.007506
8	6	0.007477
11	11	0.004110
12	11	0.009406
13	9	0.008327
29	24	0.009101
7	5	0.008703
9	9	0.004169
6	6	0.003990
29	26	0.009098
6	6	0.003806
6	4	0.007440
6	6	0.004033
6	6	0.004563
6	6	0.004746
6	6	0.004356
51	49	0.013581
8	4	0.009304
8	1	0.009518
6	6	0.004995
7	7	0.004137
7	7	0.004259
5	5	0.004360
17	5	0.015933
5	5	0.004493
5	5	0.004772
5	5	0.004183
5	5	0.004075
6	5	0.010213
5	5	0.004534
7	7	0.004602
6	5	0.010072
5	5	0.004125
14	14	0.005125
8	8	0.005392
6	6	0.004691
6	6	0.004581
8	7	0.009781
15	8	0.008841
15	8	0.008950
19	19	0.004492
10	10	0.004344
14	9	0.009382
15	12	0.009760
8	8	0.004594
10	10	0.004321
13	13	0.004452
6	2	0.009797
10	10	0.004807
6	6	0.004765
7	7	0.004192
8	8	0.004240
6	6	0.004115
15	12	0.009325
10	10	0.003846
13	13	0.003877
15	12	0.008717
12	10	0.008698
6	6	0.006008
5	5	0.003894
8	8	0.003474
8	8	0.003624
4	4	0.003495
6	6	0.003509
4	4	0.003895
4	1	0.008328
4	4	0.003424
4	4	0.003842
5	5	0.003754
12	12	0.004467
6	6	0.004238
5	5	0.004436
5	5	0.004401
12	10	0.009451
4	1	0.010324
4	4	0.003979
4	4	0.004051
6	4	0.008447
6	4	0.008341
4	4	0.004319
7	7	0.004443
7	7	0.004939
12	12	0.004453
4	1	0.009903
4	4	0.003357
10	10	0.004174
5	4	0.007913
5	5	0.003876
4	4	0.004256
4	4	0.004315
4	4	0.004588
7	7	0.003922
12	10	0.010574
4	1	0.009699
4	4	0.004222
6	6	0.004506
8	8	0.003917
5	5	0.003996
4	4	0.004749
15	15	0.004977
8	8	0.004425
7	7	0.004455
9	8	0.008830
8	8	0.004802
4	1	0.008918
4	1	0.008292
4	4	0.003375
4	4	0.003627
4	4	0.003784
14	14	0.003934
5	4	0.007895
5	5	0.003715
6	6	0.003680
7	7	0.003449
5	5	0.003409
4	4	0.003355
7	7	0.003428
5	5	0.003805
4	4	0.003381
4	4	0.003282
7	7	0.003735
5	5	0.003378
4	4	0.003632
4	4	0.003680
4	4	0.003805
5	5	0.003423
4	1	0.009482
4	4	0.003493
4	4	0.003999
6	4	0.008118
11	11	0.004885
4	4	0.003559
5	5	0.003385
8	7	0.007561
18	18	0.004165
21	20	0.008458
16	16	0.003701
4	4	0.004050
4	1	0.008334
6	6	0.003496
6	6	0.003213
5	4	0.006795
6	4	0.008005
8	8	0.003468
7	7	0.003215
4	1	0.007754
4	4	0.003168
13	13	0.003845
8	8	0.004517
14	14	0.004557
20	20	0.004352
7	7	0.003592
13	13	0.003587
27	27	0.003835
12	12	0.003605
20	20	0.003776
13	13	0.003770
13	13	0.003653
12	12	0.003507
10	10	0.003519
10	10	0.003487
12	12	0.003279
11	11	0.003514
7	7	0.003191
6	6	0.003853
8	8	0.003605
4	4	0.003220
9	9	0.003657
18	18	0.003861
8	8	0.003092
26	26	0.003872
4	4	0.002920
4	4	0.002920
4	1	0.007021
4	4	0.003347
4	4	0.003466
5	5	0.003279
4	4	0.003204
7	7	0.003435
4	4	0.003012
4	4	0.003690
4	4	0.003299
9	9	0.003065
7	7	0.003230
6	6	0.003216
4	4	0.003215
11	11	0.003378
12	12	0.003346
4	4	0.002948
4	1	0.007314
7	7	0.003004
4	2	0.006065
4	4	0.003615
4	4	0.003395
5	5	0.003146
6	6	0.002968
4	4	0.002946
4	4	0.002944
4	1	0.007285
6	5	0.006612
7	7	0.003421
5	4	0.006741
4	4	0.002890
4	4	0.002899
4	4	0.002922
11	11	0.003266
12	12	0.003282
11	10	0.007003
15	15	0.003378
11	11	0.003288
10	10	0.003255
4	4	0.003167
4	4	0.003293
4	4	0.004372
8	8	0.003450
5	4	0.006864
6	4	0.006231
7	6	0.006420
7	6	0.006503
7	6	0.007502
8	8	0.003380
8	8	0.002907
8	8	0.002841
7	7	0.002837
7	7	0.002819
7	7	0.002768
8	8	0.002837
4	4	0.002755
4	4	0.002826
4	4	0.002707
4	1	0.006790
4	4	0.003658
15	15	0.003491
9	9	0.003125
12	12	0.002921
9	9	0.002921
4	4	0.002778
4	4	0.002769
4	1	0.008007
5	5	0.002778
4	4	0.002989
12	10	0.006711
4	4	0.002821
4	1	0.006896
6	6	0.002857
4	4	0.002988
4	4	0.003217
7	7	0.003017
4	1	0.007828
4	4	0.003094
7	7	0.003702
8	8	0.002916
14	14	0.003527
6	6	0.002824
4	4	0.003140
4	1	0.007584
4	4	0.002748
11	11	0.003938
9	6	0.006428
4	4	0.003295
6	6	0.003465
6	6	0.002974
5	5	0.002847
8	4	0.006684
16	16	0.003576
7	7	0.002870
12	12	0.003127
9	9	0.003029
8	8	0.003042
4	4	0.002744
4	4	0.002750
4	1	0.006680
5	4	0.006488
4	4	0.003013
21	19	0.007036
19	2	0.006447
19	2	0.006534
7	7	0.002855
5	5	0.002975
5	5	0.003692
13	13	0.003331
9	9	0.002922
5	4	0.006524
5	4	0.006842
12	12	0.003938
4	4	0.002792
4	4	0.002937
4	4	0.002783
2	2	0.003006
2	2	0.003764
2	2	0.002849
2	2	0.002720
2	2	0.002770
2	2	0.002685
2	2	0.002743
2	2	0.002795
2	2	0.002706
2	2	0.003685
2	2	0.003131
2	2	0.002866
2	2	0.002882
2	2	0.002820
2	2	0.003728
2	2	0.003196
2	2	0.002748
2	2	0.002839
2	2	0.002787
2	2	0.002719
2	2	0.002733
2	2	0.002783
2	2	0.002807
2	2	0.002824
2	2	0.002743
2	2	0.002729
11	9	0.007612
19	17	0.007423
14	14	0.003195
14	14	0.003692
12	10	0.006828
12	12	0.003528
13	13	0.004111
15	15	0.003457
17	16	0.006406
15	15	0.002988
19	17	0.007518
11	10	0.006778
12	12	0.003082
11	10	0.006711
21	19	0.007093
12	12	0.003402
12	12	0.004111
13	8	0.007327
12	12	0.003335
12	12	0.003518
9	8	0.006770
22	22	0.003570
15	11	0.008497
21	20	0.007667
12	11	0.007717
8	5	0.007309
43	43	0.004520
27	26	0.008384
18	18	0.003593
12	10	0.006753
9	9	0.003299
21	20	0.008643
10	10	0.003664
10	7	0.007833
11	11	0.003303
16	14	0.007902
13	13	0.003755
19	19	0.003478
15	12	0.007021
13	12	0.008228
11	11	0.003464
11	11	0.003484
13	8	0.007243
16	15	0.007334
12	7	0.007783
14	14	0.003606
10	10	0.003059
11	11	0.003134
10	10	0.003274
7	7	0.003331
8	8	0.003403
29	28	0.007710
7	7	0.003238
13	13	0.003388
8	8	0.003556
13	13	0.003081
12	10	0.006718
9	9	0.003226
11	11	0.002977
7	5	0.005825
11	11	0.003379
14	8	0.007213
8	7	0.006667
13	12	0.007986
8	7	0.006717
8	7	0.006665
11	11	0.003298
13	13	0.002866
11	11	0.003198
13	13	0.003109
11	11	0.003116
11	11	0.003188
11	11	0.003190
11	11	0.003106
11	11	0.003191
11	8	0.006571
11	11	0.003294
11	11	0.003276
11	11	0.004378
14	7	0.006543
12	12	0.003877
12	11	0.007841
11	10	0.007764
11	10	0.006601
11	11	0.003131
11	11	0.003235
9	9	0.002857
9	9	0.002918
9	9	0.002916
9	9	0.002901
9	9	0.002899
8	8	0.002818
8	8	0.002753
11	11	0.003079
15	13	0.008149
12	11	0.006676
12	11	0.006665
12	12	0.003226
11	11	0.003150
10	10	0.003069
9	9	0.003358
11	11	0.004343
14	12	0.007875
7	7	0.002818
7	7	0.002808
8	8	0.003038
7	7	0.002772
17	17	0.003202
10	10	0.003092
9	9	0.003196
19	18	0.006969
9	8	0.006945
24	19	0.008242
12	8	0.006897
8	6	0.007953
22	22	0.004160
22	22	0.003348
22	22	0.003251
12	12	0.003187
14	11	0.007694
11	11	0.003241
7	5	0.006536
7	6	0.006093
6	3	0.006058
11	10	0.006637
14	13	0.006817
14	13	0.007190
20	13	0.010436
7	5	0.006475
16	5	0.006509
26	16	0.006968
8	7	0.007108
8	7	0.007813
21	17	0.009586
21	20	0.007157
7	5	0.006104
7	5	0.006104
11	10	0.006232
16	16	0.003407
16	16	0.003241
16	16	0.003402
12	12	0.003109
22	22	0.003493
11	11	0.003327
14	6	0.007019
17	12	0.007779
9	9	0.003634
8	8	0.003211
36	34	0.007543
9	9	0.002868
10	10	0.002859
8	5	0.006072
12	12	0.002865
10	10	0.002850
12	12	0.003110
9	9	0.003051
9	9	0.003069
10	10	0.003231
10	10	0.003349
9	5	0.006569
12	12	0.002888
9	9	0.002875
9	9	0.002993
9	9	0.002895
10	10	0.002841
7	7	0.002744
8	8	0.002813
8	8	0.002788
12	12	0.002898
12	12	0.002956
9	9	0.003020
10	10	0.002892
9	9	0.003013
10	10	0.003804
8	8	0.003173
8	8	0.003003
8	8	0.002799
8	8	0.002800
9	7	0.006183
14	12	0.006935
10	10	0.003063
8	8	0.003073
10	9	0.006638
8	5	0.007719
9	7	0.006603
16	14	0.006920
10	9	0.006669
9	9	0.003108
9	9	0.003295
9	5	0.008669
9	5	0.006723
20	16	0.008005
33	30	0.007786
21	19	0.006921
21	19	0.007192
21	19	0.008091
7	7	0.003275
9	8	0.007554
7	7	0.003266
9	8	0.008091
14	13	0.006753
14	14	0.002880
13	13	0.003497
9	9	0.003190
9	9	0.002906
8	8	0.003178
7	7	0.003706
7	7	0.002907
9	8	0.006796
9	9	0.003089
7	7	0.002880
7	7	0.002776
9	9	0.003095
8	8	0.003039
10	10	0.002869
9	9	0.002849
9	9	0.002858
8	8	0.003615
8	8	0.003261
11	11	0.003398
9	9	0.003596
13	13	0.003426
7	7	0.003258
7	7	0.002898
17	17	0.003286
7	7	0.003725
9	9	0.003158
8	8	0.002807
11	9	0.007230
9	9	0.002887
8	7	0.006508
8	8	0.002788
7	7	0.003058
7	7	0.003692
8	8	0.002945
38	37	0.008503
7	7	0.003160
7	7	0.002999
7	7	0.003200
16	4	0.006994
10	9	0.006986
10	10	0.003984
22	22	0.003907
10	10	0.003720
17	17	0.003272
15	14	0.008070
20	20	0.003353
10	10	0.003031
24	24	0.003424
33	31	0.007622
10	10	0.002860
10	10	0.002875
8	7	0.006178
21	20	0.006568
8	6	0.006187
14	11	0.006753
17	16	0.006861
9	7	0.006584
15	13	0.006946
9	9	0.003058
16	16	0.003405
15	14	0.006463
15	14	0.006766
22	22	0.003242
13	11	0.006599
14	13	0.007950
14	14	0.002864
17	1	0.005610
14	1	0.005724
16	2	0.007029
14	12	0.006876
14	2	0.007084
14	10	0.006403
15	2	0.006703
15	8	0.006570
13	13	0.002826
13	13	0.002891
12	12	0.002856
16	16	0.002869
13	13	0.002868
13	13	0.003062
8	8	0.002771
14	14	0.002828
8	8	0.002799
16	12	0.006702
15	1	0.006025
15	15	0.003387
9	1	0.007296
10	10	0.003346
28	28	0.003440
27	27	0.005015
13	13	0.003642
9	8	0.006361
9	8	0.007569
13	10	0.006642
44	41	0.008677
13	13	0.003453
8	7	0.006337
17	15	0.006379
7	7	0.002881
8	8	0.002908
12	9	0.007505
9	7	0.006260
39	39	0.003439
8	8	0.002954
9	7	0.006432
29	28	0.006987
11	11	0.003296
9	9	0.003279
9	9	0.003703
9	9	0.003459
6	6	0.003070
13	13	0.003157
10	9	0.006568
8	1	0.006908
8	1	0.006593
7	6	0.006671
7	7	0.003056
9	7	0.006652
8	7	0.006415
8	1	0.006417
8	7	0.006757
8	7	0.006749
8	7	0.006628
8	7	0.006539
9	8	0.006159
5	3	0.005994
8	1	0.005713
8	1	0.007449
5	5	0.003308
6	3	0.007457
5	5	0.003659
6	5	0.006387
26	22	0.008525
17	14	0.007641
6	4	0.006906
8	1	0.006674
8	1	0.006680
7	7	0.003378
5	5	0.003164
6	5	0.006859
5	5	0.003486
9	9	0.004449
7	1	0.006715
6	1	0.007717
9	8	0.007612
8	1	0.006753
8	1	0.006711
8	1	0.006723
8	1	0.006311
16	12	0.007171
8	6	0.006632
26	26	0.003722
6	6	0.004104
5	5	0.003673
16	15	0.007928
7	1	0.007824
46	45	0.007743
6	5	0.006395
10	9	0.006221
10	7	0.006217
11	10	0.006191
8	1	0.006285
8	1	0.007182
8	1	0.006340
8	1	0.006257
9	1	0.006766
10	9	0.006737
11	10	0.007619
6	1	0.006040
6	1	0.006102
6	1	0.005992
6	1	0.007653
6	1	0.008505
18	1	0.008408
17	12	0.006748
9	8	0.006316
8	1	0.009873
25	24	0.006925
10	9	0.006335
9	8	0.006431
10	7	0.007624
11	4	0.007008
8	1	0.006322
8	1	0.006295
8	1	0.007565
9	8	0.006435
8	8	0.003100
7	1	0.006892
7	1	0.006833
7	1	0.006505
7	1	0.007264
7	1	0.005849
7	1	0.006117
10	9	0.006355
9	8	0.006272
9	8	0.006260
9	8	0.006223
13	8	0.006679
8	1	0.006526
8	1	0.006269
8	1	0.006395
8	1	0.006254
13	12	0.006372
8	7	0.006198
8	7	0.006283
8	7	0.006202
11	10	0.006455
8	8	0.003073
8	1	0.006831
8	1	0.006621
8	1	0.006723
8	8	0.003212
10	9	0.006458
12	11	0.006400
10	7	0.006445
9	8	0.006579
9	8	0.006622
9	8	0.006368
8	1	0.006305
8	1	0.006328
8	1	0.006258
8	1	0.006222
8	1	0.006286
8	1	0.006293
8	1	0.006215
8	1	0.005826
8	1	0.006180
8	1	0.006235
8	1	0.006251
8	1	0.007467
8	1	0.007033
8	1	0.005895
8	1	0.006308
8	1	0.006010
8	1	0.006147
8	1	0.006328
8	1	0.006312
8	1	0.006257
8	1	0.005866
8	1	0.005989
8	1	0.006226
8	1	0.006604
8	1	0.006842
8	1	0.007336
8	1	0.006335
8	1	0.005990
8	1	0.005949
8	1	0.005897
8	1	0.005833
8	1	0.006256
8	1	0.006882
8	1	0.005918
8	1	0.006215
8	1	0.006251
8	1	0.005849
8	1	0.005807
8	1	0.005765
8	1	0.006353
8	1	0.006470
8	1	0.005831
8	1	0.005857
8	1	0.008067
8	1	0.007904
8	1	0.007187
8	1	0.006334
8	1	0.006095
8	1	0.006968
8	1	0.006692
8	1	0.008078
8	1	0.007219
8	1	0.006625
8	1	0.006579
8	1	0.007257
8	1	0.006370
8	1	0.006291
8	1	0.005985
8	1	0.005906
8	1	0.006852
8	1	0.006363
8	1	0.005828
8	1	0.006281
8	1	0.006983
8	1	0.007285
8	1	0.006141
8	1	0.006738
8	1	0.007440
8	1	0.006355
8	1	0.006370
8	1	0.005871
8	1	0.006289
8	1	0.006298
8	1	0.006615
8	1	0.006014
8	1	0.006631
8	1	0.005926
11	10	0.007578
11	10	0.007012
11	10	0.007003
12	11	0.007456
10	9	0.007325
14	10	0.007549
10	9	0.006743
13	12	0.006898
13	12	0.006819
9	8	0.006597
9	8	0.006881
9	8	0.006647
16	15	0.007086
9	8	0.007029
10	9	0.007317
12	11	0.007417
11	10	0.007187
10	9	0.007587
10	9	0.007171
9	8	0.007187
9	8	0.007162
10	9	0.008061
9	1	0.007630
9	1	0.007156
14	10	0.007456
14	12	0.008311
9	8	0.008128
9	8	0.007522
11	10	0.007386
11	10	0.007357
11	10	0.007243
8	7	0.007979
8	7	0.007662
8	7	0.007789
8	7	0.008500
8	7	0.007791
8	5	0.007853
8	7	0.009084
10	9	0.008254
9	8	0.007433
14	11	0.009314
10	9	0.008849
9	9	0.004037
7	6	0.007529
7	6	0.007574
7	6	0.007535
7	6	0.008057
7	6	0.008667
7	7	0.004081
7	6	0.008264
7	6	0.010571
7	4	0.008367
7	6	0.009022
7	6	0.009217
10	7	0.008085
8	6	0.007889
10	9	0.008166
12	12	0.003960
8	1	0.007856
8	1	0.007803
8	1	0.007097
8	1	0.007655
8	1	0.007710
8	1	0.008260
8	1	0.008330
8	1	0.007887
8	1	0.007415
8	1	0.007558
10	9	0.007691
7	6	0.008319
8	7	0.007734
8	1	0.007639
8	1	0.007852
12	11	0.007617
10	9	0.008214
6	5	0.008284
6	5	0.007425
6	3	0.007547
6	5	0.007841
6	5	0.007391
6	6	0.003725
6	5	0.008316
5	5	0.003892
6	5	0.008245
17	17	0.004089
6	5	0.007537
6	5	0.007698
7	5	0.008052
7	7	0.003808
7	7	0.003736
6	4	0.007540
10	5	0.008459
8	1	0.007410
12	11	0.007715
8	1	0.007656
8	1	0.007220
8	1	0.007781
8	1	0.007810
8	1	0.008953
8	1	0.008903
8	1	0.008258
8	1	0.007292
8	1	0.008139
8	1	0.008262
8	1	0.007492
10	9	0.008409
9	6	0.007956
5	5	0.003871
5	5	0.003830
6	5	0.008564
5	5	0.004518
9	9	0.004334
9	9	0.004116
14	14	0.004358
15	12	0.009574
9	8	0.007253
5	1	0.007139
9	8	0.007641
8	1	0.008976
8	1	0.007530
8	1	0.008043
8	1	0.007711
8	1	0.007708
8	1	0.007436
8	1	0.007993
8	1	0.007816
8	1	0.007634
8	1	0.007756
21	18	0.008906
8	7	0.007715
7	6	0.007622
7	6	0.007969
6	3	0.007634
6	3	0.007597
13	3	0.009076
14	11	0.009775
5	5	0.004550
6	5	0.008511
6	5	0.008295
5	5	0.003826
6	5	0.007531
7	1	0.007290
8	1	0.007850
8	1	0.007658
8	1	0.008597
5	5	0.003984
8	8	0.003900
6	3	0.007698
6	6	0.003732
10	10	0.004020
9	9	0.003999
5	3	0.007364
7	1	0.007692
8	1	0.007856
8	1	0.007693
8	1	0.008794
8	1	0.007173
8	1	0.008216
6	6	0.004261
9	9	0.004064
5	3	0.007503
8	1	0.007302
8	1	0.007338
8	1	0.007996
8	1	0.008008
8	1	0.008450
8	1	0.007917
8	1	0.007659
11	8	0.007982
8	3	0.007407
7	4	0.008783
6	3	0.007707
8	1	0.007290
9	6	0.007680
8	5	0.008436
6	3	0.007954
8	7	0.007743
12	11	0.010148
8	8	0.004593
8	1	0.007308
8	1	0.006907
8	1	0.006797
8	1	0.006749
8	1	0.006852
8	1	0.007223
8	1	0.006718
8	1	0.006684
8	1	0.006852
8	1	0.007262
8	7	0.008233
13	13	0.004287
8	7	0.007773
5	1	0.006596
11	11	0.003937
24	22	0.008371
15	10	0.007687
16	12	0.007721
15	10	0.008213
9	1	0.007973
8	1	0.007348
8	1	0.007260
8	1	0.007616
8	1	0.007274
8	1	0.006692
7	6	0.008568
7	6	0.008182
17	16	0.009067
5	5	0.003701
7	6	0.007597
6	6	0.003796
9	8	0.008040
5	3	0.007797
8	1	0.006747
8	1	0.006681
8	1	0.006845
8	1	0.007727
8	1	0.007123
8	1	0.008187
8	7	0.008415
6	5	0.007510
5	5	0.003601
5	5	0.003569
5	5	0.003761
5	5	0.003811
10	1	0.007060
11	10	0.007770
11	10	0.007723
15	15	0.003988
5	5	0.003807
29	21	0.012970
7	6	0.007593
8	7	0.007564
5	1	0.006645
8	1	0.006577
10	9	0.007551
8	1	0.007250
8	1	0.006628
8	1	0.006974
7	6	0.007467
10	9	0.007555
6	5	0.007317
13	5	0.007377
6	6	0.003756
6	6	0.003713
7	7	0.004474
7	7	0.003880
8	1	0.006672
8	1	0.008150
8	1	0.007103
8	1	0.008162
8	1	0.007469
8	1	0.007336
8	1	0.008021
8	1	0.008427
8	7	0.009025
7	7	0.003919
13	7	0.008424
8	7	0.007906
6	6	0.003929
29	25	0.009095
10	9	0.009744
8	1	0.007949
8	1	0.008018
8	1	0.007361
8	1	0.007670
16	15	0.008917
6	5	0.008617
5	5	0.003863
5	5	0.003766
15	15	0.004090
24	22	0.009043
7	5	0.008172
8	1	0.006607
8	1	0.006771
8	1	0.006797
18	12	0.008684
5	5	0.004059
14	14	0.004059
14	14	0.004084
9	9	0.004066
8	1	0.007066
8	1	0.007794
8	1	0.007431
8	1	0.006840
8	1	0.006851
10	10	0.004424
6	6	0.004201
5	5	0.004003
14	14	0.004134
9	9	0.004007
5	3	0.007811
8	1	0.007799
5	5	0.003980
5	5	0.003962
5	5	0.003967
5	5	0.003965
22	15	0.008703
17	12	0.009129
25	25	0.004039
24	24	0.004166
42	41	0.008804
17	13	0.009483
18	14	0.008178
22	13	0.008139
18	13	0.009593
18	13	0.008432
20	9	0.008277
17	13	0.008457
18	11	0.008044
27	26	0.008708
53	44	0.010321
23	22	0.008459
54	54	0.004714
13	13	0.003900
23	23	0.004074
10	10	0.004615
21	21	0.004341
21	19	0.009308
21	19	0.009262
41	37	0.009784
10	10	0.003919
10	10	0.003975
14	11	0.008632
13	13	0.004287
8	7	0.007998
10	9	0.007631
10	9	0.008693
8	7	0.007824
19	17	0.008281
10	10	0.003616
7	7	0.003806
13	12	0.007817
11	9	0.007116
10	10	0.003909
7	7	0.003834
10	10	0.003869
19	15	0.008036
19	17	0.008790
18	15	0.008697
12	12	0.003949
12	12	0.004055
12	12	0.003933
17	17	0.004076
9	8	0.008545
13	9	0.008097
13	13	0.004107
10	8	0.008223
14	13	0.008421
14	14	0.003842
14	11	0.008444
21	20	0.008598
14	13	0.008650
17	13	0.009747
19	16	0.008251
16	13	0.007862
13	10	0.008130
12	9	0.008106
24	21	0.009800
22	22	0.004376
10	10	0.004466
13	13	0.003938
12	9	0.006945
17	16	0.007946
12	12	0.003646
12	12	0.004195
10	9	0.008852
11	11	0.004198
16	12	0.007618
9	9	0.003132
7	7	0.003464
7	7	0.003578
7	7	0.003294
7	5	0.007749
10	9	0.007902
7	7	0.003220
8	8	0.003440
11	11	0.003817
14	13	0.008094
7	7	0.003479
9	9	0.003425
12	11	0.007736
8	8	0.003407
12	10	0.007683
22	20	0.008158
24	21	0.008080
11	11	0.003621
10	10	0.003495
9	8	0.007468
17	17	0.003653
9	1	0.007668
38	38	0.004548
38	38	0.004213
38	38	0.004191
14	14	0.003833
13	11	0.008911
13	11	0.009983
13	11	0.008745
16	15	0.008942
16	16	0.004631
16	15	0.009915
9	9	0.003720
11	11	0.004153
6	3	0.009338
7	5	0.010243
18	16	0.010975
14	13	0.010438
9	1	0.009772
6	5	0.010431
6	5	0.010473
7	6	0.010302
6	3	0.010217
25	23	0.011631
7	6	0.011158
7	6	0.012852
7	6	0.010601
27	20	0.010623
17	17	0.004332
20	18	0.010787
20	18	0.010817
17	15	0.009088
9	9	0.004200
8	8	0.004224
16	16	0.005827
10	10	0.004586
10	9	0.009521
8	5	0.009980
10	9	0.009188
9	9	0.004733
9	8	0.010321
19	19	0.004978
6	6	0.004205
6	6	0.004190
6	6	0.004211
6	6	0.004472
6	6	0.004490
7	6	0.008921
6	6	0.004104
6	6	0.004044
7	7	0.004235
14	14	0.004587
8	8	0.004375
9	9	0.004316
9	9	0.004576
8	8	0.004182
8	7	0.010098
10	10	0.004555
9	8	0.009898
12	12	0.005171
6	6	0.004901
11	11	0.004288
7	7	0.004084
7	7	0.004066
7	7	0.004085
7	7	0.003877
11	11	0.004102
8	7	0.008585
8	7	0.008238
9	9	0.004320
9	9	0.003908
22	1	0.007834
10	6	0.008195
7	7	0.003766
25	25	0.004030
19	19	0.003998
18	18	0.004298
19	19	0.003988
17	15	0.008318
14	12	0.007673
17	15	0.007869
14	12	0.008595
23	13	0.008680
13	10	0.008142
21	18	0.008670
7	5	0.008556
6	5	0.007947
14	13	0.010085
11	10	0.008388
16	11	0.008611
19	18	0.009476
7	6	0.007474
6	6	0.003612
11	8	0.007274
7	3	0.008886
9	8	0.008255
12	10	0.008365
16	7	0.008278
29	24	0.008949
6	5	0.007990
29	24	0.008637
14	13	0.008296
6	3	0.007372
22	20	0.008493
6	5	0.007890
7	3	0.008135
25	24	0.008756
13	10	0.008437
32	30	0.007860
8	8	0.003775
12	11	0.007111
12	12	0.003580
29	23	0.008898
29	19	0.007935
28	26	0.008817
13	13	0.004354
10	9	0.007926
13	13	0.004077
15	11	0.008215
28	26	0.008493
28	26	0.008574
28	26	0.008707
28	26	0.008344
26	21	0.008890
29	24	0.009427
29	23	0.008538
28	28	0.004170
13	13	0.003979
30	24	0.008260
9	9	0.004924
11	5	0.007524
11	5	0.007884
11	11	0.003736
9	9	0.003588
27	25	0.008194
12	9	0.007323
12	11	0.008073
17	17	0.003917
11	11	0.003525
11	11	0.003516
14	14	0.003985
10	9	0.007126
15	9	0.007540
9	9	0.003868
31	24	0.008949
17	17	0.003312
12	11	0.006781
12	11	0.007195
12	11	0.006773
12	11	0.006700
12	11	0.007097
14	11	0.007569
11	11	0.004430
19	19	0.003842
12	11	0.008031
23	22	0.007933
12	11	0.007687
11	11	0.003552
12	11	0.007088
7	7	0.003257
11	11	0.003227
9	9	0.003312
9	9	0.003244
8	8	0.003309
8	8	0.003061
23	23	0.004681
16	15	0.007366
9	9	0.004626
13	13	0.003779
26	24	0.007853
16	16	0.003785
7	7	0.003253
8	8	0.003345
8	8	0.003290
26	24	0.008095
16	16	0.004152
17	17	0.003634
10	9	0.008266
7	3	0.008146
10	1	0.006903
25	19	0.007643
23	22	0.007571
10	9	0.007112
9	8	0.006987
7	5	0.006352
17	17	0.003454
6	6	0.003431
17	17	0.004652
9	9	0.003247
6	6	0.003365
11	11	0.003355
7	7	0.003247
11	11	0.003619
6	6	0.002935
7	6	0.006813
8	8	0.003039
7	7	0.004057
6	6	0.003685
6	6	0.003132
12	12	0.003308
29	25	0.007720
7	7	0.003065
7	7	0.003099
11	11	0.004216
6	6	0.003185
14	14	0.003216
7	7	0.003120
8	8	0.002866
8	7	0.006276
25	23	0.008643
9	9	0.003468
7	7	0.003146
7	7	0.003012
12	12	0.004072
18	17	0.007904
6	6	0.002878
16	16	0.003517
6	6	0.002871
7	7	0.002848
7	7	0.002824
11	11	0.002965
8	8	0.003129
17	17	0.003506
15	14	0.008331
22	22	0.003892
13	9	0.006980
12	9	0.006835
11	8	0.007613
12	9	0.006993
14	14	0.003203
7	7	0.003058
16	16	0.003426
19	19	0.003954
19	19	0.004115
20	15	0.006852
21	16	0.008086
13	10	0.006903
13	10	0.006999
8	6	0.008066
14	13	0.007013
20	13	0.010336
9	7	0.006718
6	5	0.006585
16	15	0.006905
7	1	0.005895
6	5	0.006704
6	5	0.007554
10	10	0.003809
41	40	0.008365
10	10	0.003244
12	12	0.003358
9	9	0.003348
12	12	0.004323
12	11	0.007266
12	11	0.006815
17	17	0.003286
8	8	0.004087
11	11	0.004099
12	12	0.004470
7	7	0.003214
8	8	0.003150
24	23	0.008498
24	23	0.007192
17	16	0.007940
24	24	0.003537
9	9	0.002985
12	12	0.003932
9	5	0.006747
9	5	0.006615
10	1	0.006655
10	1	0.005719
10	1	0.005690
10	1	0.005699
10	1	0.006142
10	1	0.005784
10	7	0.006254
10	1	0.005583
22	15	0.006881
10	1	0.005557
10	1	0.005512
17	14	0.007615
10	1	0.006021
10	9	0.006624
9	9	0.002953
9	8	0.006342
11	11	0.003236
8	8	0.003277
9	8	0.007634
9	9	0.003416
21	18	0.007790
20	20	0.003152
20	20	0.003135
16	15	0.007638
10	10	0.003616
9	7	0.006990
7	7	0.003671
8	8	0.003339
10	10	0.003384
16	8	0.006580
8	6	0.006301
7	7	0.002890
6	6	0.002899
7	7	0.002985
10	10	0.003207
10	10	0.003046
7	7	0.003230
6	6	0.003787
9	9	0.003023
6	6	0.002910
9	9	0.003176
7	6	0.005822
8	8	0.003429
11	11	0.003987
15	15	0.004039
11	11	0.003377
11	11	0.003070
10	10	0.003162
10	10	0.003017
10	10	0.003234
10	10	0.003165
11	11	0.002965
10	10	0.003147
10	10	0.003147
10	10	0.003246
11	7	0.006332
8	8	0.002732
8	8	0.002746
8	8	0.002738
8	8	0.003141
8	5	0.005739
38	34	0.008925
49	49	0.004645
15	11	0.006416
12	12	0.003014
11	11	0.003291
11	11	0.003384
16	16	0.003679
11	8	0.005953
10	10	0.002947
13	13	0.003038
11	8	0.005720
15	12	0.006106
10	1	0.007878
7	1	0.006420
7	1	0.005585
7	1	0.005925
7	1	0.005726
7	1	0.006046
10	9	0.006412
10	9	0.006471
10	9	0.006454
14	13	0.006702
20	13	0.009814
10	1	0.006004
8	5	0.007119
15	12	0.006170
16	12	0.006071
11	8	0.006404
12	8	0.006253
8	2	0.005710
15	12	0.005950
7	1	0.007195
7	1	0.005970
6	5	0.006143
7	1	0.005646
9	7	0.007334
7	1	0.005832
10	1	0.006312
13	12	0.007459
10	5	0.006315
10	5	0.006503
8	7	0.007441
15	12	0.006604
12	10	0.006249
14	13	0.006524
11	10	0.006494
8	7	0.006533
10	5	0.007386
7	5	0.007546
11	11	0.003331
10	10	0.003331
10	10	0.003340
10	10	0.003242
18	16	0.006678
18	16	0.006657
18	16	0.006946
19	14	0.007708
17	17	0.003380
27	26	0.006955
9	9	0.002756
19	13	0.006504
8	3	0.006298
8	8	0.002917
8	3	0.006074
9	7	0.006206
9	7	0.006234
9	1	0.006735
9	9	0.003363
9	9	0.002974
13	13	0.002795
9	8	0.006441
11	11	0.003774
10	1	0.006290
10	9	0.006586
10	1	0.006981
9	1	0.007062
10	9	0.006707
10	9	0.006612
8	8	0.002872
9	8	0.006863
11	1	0.007306
12	12	0.003562
25	25	0.003866
25	25	0.004146
11	1	0.006543
16	16	0.003220
6	6	0.003276
11	11	0.003036
10	10	0.003049
8	8	0.003141
7	7	0.003003
6	6	0.002849
6	6	0.002806
11	11	0.002945
13	13	0.003090
8	8	0.003212
16	16	0.003688
8	8	0.003551
8	8	0.002988
6	6	0.003097
6	6	0.003446
16	16	0.003632
9	9	0.003498
7	6	0.007448
7	7	0.003397
8	8	0.003181
8	8	0.003265
7	7	0.003091
8	8	0.002919
6	6	0.002762
8	8	0.003264
13	13	0.003170
9	9	0.003110
6	6	0.002822
8	8	0.004042
8	8	0.003500
22	22	0.003148
22	22	0.003658
8	7	0.006385
7	7	0.002842
7	7	0.003072
8	8	0.003148
8	8	0.004034
11	11	0.003498
9	9	0.002887
6	6	0.003051
6	6	0.003289
6	6	0.003244
12	12	0.003899
8	8	0.003509
7	7	0.003425
7	7	0.003333
10	10	0.003132
9	8	0.006724
8	8	0.003057
11	11	0.003112
8	8	0.002841
6	6	0.002741
10	10	0.003077
16	16	0.003480
8	8	0.002909
9	9	0.003248
11	11	0.002855
10	9	0.006225
24	1	0.006673
16	12	0.006668
16	12	0.007183
24	24	0.003943
17	17	0.003598
16	16	0.003515
15	15	0.003534
22	19	0.009998
10	10	0.003635
44	36	0.008679
9	8	0.007502
12	10	0.007043
15	15	0.003485
15	15	0.003593
10	10	0.003571
21	20	0.007454
9	9	0.003630
12	8	0.006796
15	15	0.004408
8	7	0.007114
21	20	0.008440
14	14	0.003473
15	15	0.003586
16	11	0.007033
9	9	0.003258
10	10	0.003210
9	9	0.003042
19	16	0.008286
10	9	0.007057
14	13	0.007726
11	11	0.003951
11	11	0.003345
11	9	0.006492
18	18	0.003676
7	7	0.003629
33	31	0.008036
7	7	0.004049
17	12	0.007586
14	10	0.006687
17	12	0.007792
17	16	0.007281
11	11	0.003212
10	10	0.003130
7	7	0.002828
11	11	0.003354
20	16	0.008538
8	8	0.003295
7	7	0.003568
12	8	0.007212
9	7	0.006074
12	11	0.007920
9	7	0.006922
11	11	0.004358
9	9	0.003271
44	43	0.007955
20	19	0.007336
5	5	0.002854
7	7	0.002923
5	5	0.002965
5	5	0.003553
13	13	0.003114
6	5	0.005803
6	5	0.006669
8	8	0.003464
7	7	0.003322
7	7	0.003263
6	6	0.002931
11	11	0.004057
10	10	0.003096
7	7	0.002940
11	11	0.003074
7	7	0.002760
11	11	0.002947
5	5	0.002665
5	5	0.003613
6	6	0.002981
10	10	0.002970
5	5	0.002651
5	5	0.002655
6	6	0.003616
14	14	0.004454
8	8	0.003800
10	10	0.003163
9	9	0.002799
8	6	0.006402
8	6	0.006340
11	11	0.002992
7	7	0.002946
7	7	0.002924
6	6	0.002693
5	5	0.002656
5	5	0.003538
6	6	0.003725
6	6	0.002747
9	9	0.003206
6	6	0.003179
17	17	0.003404
24	23	0.006909
9	9	0.003027
7	7	0.002742
11	5	0.006199
8	8	0.002757
15	13	0.006787
14	14	0.003356
8	8	0.003019
8	8	0.003155
10	10	0.003292
6	6	0.003626
9	9	0.004098
9	9	0.003079
5	5	0.002933
5	5	0.002861
5	5	0.003127
5	5	0.003163
20	20	0.003325
21	19	0.006141
17	17	0.003490
17	15	0.006350
7	7	0.002967
6	5	0.007127
7	7	0.003220
7	7	0.002702
13	13	0.003226
5	5	0.003413
6	5	0.007281
6	6	0.002872
5	5	0.002827
6	6	0.003559
10	10	0.003372
10	5	0.006369
5	5	0.002747
49	46	0.007665
11	10	0.005918
7	6	0.005775
6	6	0.002846
8	8	0.002637
9	7	0.006003
9	9	0.002671
7	7	0.002704
13	10	0.006771
5	5	0.003127
12	12	0.003255
11	11	0.003030
13	13	0.002988
20	19	0.006687
12	12	0.003002
34	34	0.003317
50	50	0.003672
8	8	0.002806
8	6	0.007291
7	7	0.002756
12	12	0.003019
8	7	0.006204
11	7	0.006297
17	17	0.003083
7	7	0.002683
11	11	0.003173
10	10	0.003149
10	10	0.003096
22	22	0.003158
27	27	0.003373
6	6	0.002814
6	6	0.003044
14	14	0.003773
18	17	0.006682
9	7	0.007472
7	7	0.003585
11	10	0.006595
9	7	0.006354
12	11	0.006529
12	9	0.006379
10	10	0.002991
9	9	0.002926
8	8	0.003397
8	8	0.003373
8	7	0.006374
10	10	0.003031
9	8	0.006222
9	8	0.007028
9	7	0.007148
11	11	0.003143
11	11	0.003928
19	19	0.003604
12	12	0.003441
13	13	0.002924
10	10	0.003023
11	11	0.003025
12	11	0.006582
12	12	0.003861
12	12	0.003642
11	11	0.003495
10	10	0.003362
10	10	0.003217
13	13	0.002836
10	10	0.002738
25	24	0.007366
11	9	0.007360
7	7	0.002754
10	10	0.003052
7	6	0.006477
7	7	0.003299
8	8	0.002970
13	12	0.006164
7	7	0.002728
7	6	0.005942
5	5	0.003399
10	10	0.004122
5	5	0.002796
6	6	0.002707
5	5	0.002641
19	19	0.003087
5	5	0.002916
5	5	0.003262
9	9	0.003956
9	9	0.003326
8	7	0.006300
7	7	0.002724
7	7	0.002685
6	6	0.002782
10	8	0.006506
8	6	0.006266
8	6	0.006200
8	8	0.002903
7	7	0.002910
5	5	0.002629
6	6	0.002656
8	6	0.007570
15	12	0.006561
9	9	0.003028
5	5	0.002721
7	7	0.002728
5	5	0.002917
5	5	0.002927
8	8	0.003031
8	6	0.007235
8	6	0.006406
8	6	0.007636
20	20	0.003597
5	5	0.002646
6	6	0.002688
5	5	0.002638
5	5	0.002668
5	5	0.003262
16	7	0.010362
9	7	0.007460
20	19	0.008267
13	1	0.007351
7	7	0.003067
17	17	0.003793
8	8	0.004025
6	6	0.003117
5	5	0.002931
6	6	0.002979
11	11	0.002953
6	6	0.002852
7	7	0.002870
8	8	0.002842
7	5	0.006991
7	7	0.003122
11	11	0.003612
5	5	0.003292
18	18	0.004107
5	5	0.004288
6	6	0.004106
5	5	0.003462
21	17	0.008386
16	10	0.006848
8	8	0.003310
8	8	0.003323
8	8	0.003527
7	5	0.006052
8	8	0.003155
6	6	0.003162
9	9	0.003184
9	9	0.003140
9	9	0.002902
6	6	0.002870
6	6	0.002785
5	5	0.002775
5	5	0.002901
5	5	0.002821
6	6	0.003327
10	7	0.008119
15	11	0.007970
21	20	0.007596
22	19	0.007697
14	13	0.006934
9	9	0.003360
13	13	0.003285
14	14	0.003151
21	20	0.006636
21	20	0.006950
8	8	0.003074
5	5	0.003057
5	5	0.002978
5	5	0.003023
9	7	0.006581
9	9	0.003291
5	5	0.004013
5	5	0.003810
9	7	0.007606
9	9	0.003359
5	5	0.003293
14	14	0.003005
17	15	0.007147
14	14	0.003819
21	20	0.006899
14	13	0.007292
6	6	0.003803
14	13	0.006918
14	13	0.007776
14	13	0.007018
14	13	0.006735
7	6	0.006684
13	13	0.004141
9	9	0.003491
8	8	0.003048
9	9	0.003047
6	5	0.007263
8	8	0.003462
9	9	0.003392
7	7	0.003984
9	9	0.003256
17	15	0.006848
6	6	0.003745
6	6	0.003421
6	6	0.003654
6	6	0.003603
9	9	0.003216
6	6	0.002969
8	6	0.007021
8	6	0.006069
6	6	0.004083
6	6	0.003416
6	4	0.005966
6	6	0.002939
6	6	0.002885
25	25	0.003591
19	14	0.006766
21	16	0.006627
12	7	0.006324
12	7	0.007854
9	9	0.003387
6	5	0.006599
6	6	0.002676
6	6	0.002648
9	9	0.002987
9	9	0.002857
7	7	0.003106
7	7	0.003343
7	1	0.006465
6	6	0.002789
9	9	0.003095
9	9	0.003318
5	5	0.002746
5	5	0.002654
13	5	0.006380
18	15	0.006547
18	15	0.006580
12	9	0.007982
14	14	0.003075
19	18	0.007229
8	8	0.003168
12	11	0.006414
12	11	0.006770
14	14	0.004287
19	14	0.007619
45	39	0.012510
22	19	0.008285
45	40	0.011510
33	30	0.007087
22	20	0.006628
45	45	0.003451
39	35	0.006951
43	43	0.003633
43	41	0.008692
40	38	0.007417
40	38	0.007292
39	37	0.008120
37	35	0.006986
39	37	0.007560
45	45	0.004527
37	37	0.003366
9	9	0.002985
9	9	0.002916
9	9	0.002944
9	9	0.003124
22	20	0.006279
19	15	0.006531
17	13	0.006777
7	7	0.003486
15	7	0.006350
30	30	0.003250
9	9	0.002748
9	5	0.005944
16	16	0.003803
14	14	0.003391
11	11	0.002896
7	7	0.002797
6	6	0.002869
6	6	0.002912
9	9	0.003243
11	11	0.003897
9	9	0.003094
5	5	0.002920
5	5	0.003272
9	9	0.002969
7	7	0.003033
11	11	0.003125
6	6	0.002955
6	6	0.003671
6	6	0.003373
6	6	0.003021
6	6	0.002889
21	20	0.006806
19	18	0.006694
21	20	0.006370
21	20	0.006290
14	13	0.006051
17	16	0.006159
14	13	0.007746
12	9	0.006400
14	14	0.003015
20	19	0.006289
22	22	0.003202
9	9	0.003206
9	9	0.003063
9	9	0.003954
17	16	0.007341
21	20	0.006830
21	20	0.007093
22	21	0.006998
14	13	0.006380
11	10	0.006336
22	21	0.007201
14	13	0.007876
14	13	0.007270
14	13	0.007360
14	13	0.006839
9	8	0.006325
22	21	0.006604
48	45	0.007982
15	15	0.003206
21	20	0.007056
19	18	0.007449
21	20	0.008391
22	21	0.006899
14	13	0.006696
21	21	0.003332
14	14	0.004040
13	13	0.003820
10	9	0.007371
21	20	0.006935
9	9	0.002997
9	9	0.003011
9	9	0.003134
9	9	0.002991
9	9	0.002959
9	9	0.003248
21	21	0.004149
22	22	0.003554
14	14	0.004271
17	17	0.003636
21	20	0.006695
21	21	0.003587
9	7	0.008465
21	20	0.006682
13	13	0.003297
14	14	0.003604
15	15	0.004018
10	10	0.003170
10	7	0.007099
21	21	0.003548
14	14	0.003323
14	14	0.003431
12	7	0.006162
21	20	0.006563
9	9	0.003885
9	9	0.003053
9	9	0.002994
9	9	0.003134
23	22	0.006863
17	16	0.007488
9	9	0.003032
9	7	0.005824
9	9	0.003249
9	9	0.003173
14	14	0.003242
9	9	0.003200
14	14	0.003489
9	9	0.003842
9	9	0.003334
9	9	0.003192
9	9	0.003151
9	7	0.006407
9	9	0.003173
9	7	0.006240
9	9	0.003179
14	14	0.003015
14	14	0.002973
14	14	0.003049
22	22	0.003132
21	21	0.003134
14	14	0.003065
14	14	0.003008
14	14	0.003050
21	20	0.006784
21	20	0.008161
9	9	0.002809
10	10	0.002993
9	9	0.002817
9	9	0.002697
9	9	0.002993
9	9	0.003204
7	7	0.002898
9	9	0.002948
8	7	0.007535
8	5	0.005773
8	7	0.006291
8	7	0.006245
8	8	0.003011
8	7	0.006204
8	7	0.006199
9	9	0.002901
7	1	0.006262
7	7	0.002850
7	7	0.002838
9	9	0.003124
9	9	0.002976
9	9	0.003175
9	9	0.002673
14	14	0.003009
9	9	0.002912
9	9	0.002889
9	9	0.003115
7	7	0.002722
5	5	0.002692
5	5	0.002678
5	5	0.002615
6	6	0.002656
11	11	0.003153
5	5	0.003623
7	7	0.003954
7	7	0.003194
9	7	0.006786
13	13	0.003678
9	9	0.002888
5	5	0.003212
7	7	0.003043
8	8	0.002830
6	6	0.002785
5	5	0.003067
5	5	0.003124
5	5	0.003597
5	5	0.003775
11	11	0.003138
22	21	0.008452
7	6	0.007542
7	5	0.006037
6	5	0.006642
26	23	0.007045
7	7	0.003645
17	12	0.007600
18	18	0.003555
6	6	0.002874
6	6	0.002689
10	10	0.002952
14	14	0.002800
8	8	0.002714
8	8	0.002792
5	5	0.002773
5	5	0.002715
6	6	0.002614
5	5	0.002950
5	5	0.003686
23	22	0.007340
7	7	0.002776
5	5	0.002890
5	5	0.002903
5	5	0.003899
5	3	0.005938
5	5	0.003305
5	5	0.003485
6	6	0.004111
5	5	0.003376
5	5	0.003152
5	5	0.003181
5	5	0.003128
5	5	0.003128
5	5	0.003472
13	13	0.004262
10	10	0.003751
7	7	0.002965
9	9	0.003102
6	6	0.003281
7	7	0.003090
6	6	0.002944
11	10	0.006353
6	6	0.004051
6	6	0.002912
5	5	0.002946
5	5	0.003773
5	5	0.002840
7	5	0.006501
13	13	0.003127
8	6	0.007591
8	6	0.007613
11	11	0.003198
9	9	0.003417
17	16	0.007566
8	6	0.006309
5	5	0.002675
5	5	0.002674
7	7	0.002921
22	22	0.003129
13	13	0.003056
13	13	0.003240
13	11	0.006133
8	8	0.002938
14	14	0.003109
9	9	0.002695
7	7	0.002932
34	33	0.007052
6	6	0.002726
8	8	0.003717
9	8	0.006368
19	18	0.006668
13	9	0.006784
13	9	0.008368
10	10	0.003948
7	7	0.002848
8	8	0.003033
9	9	0.003455
9	9	0.003045
11	8	0.007517
9	9	0.003127
7	6	0.007223
7	5	0.006463
8	8	0.002924
7	7	0.002768
7	6	0.007267
7	6	0.007025
24	11	0.007539
7	6	0.006701
7	7	0.003008
24	18	0.008420
18	17	0.006386
6	6	0.002717
6	5	0.006224
6	5	0.006746
6	5	0.006751
6	6	0.003659
5	5	0.002815
8	8	0.002855
7	7	0.002871
7	7	0.002754
6	6	0.002825
6	6	0.002769
5	5	0.002615
5	5	0.002762
10	10	0.003623
5	5	0.002886
8	8	0.002896
8	8	0.003747
6	6	0.003493
5	5	0.003007
7	5	0.005650
6	6	0.003124
6	6	0.003794
7	7	0.003280
9	9	0.002821
9	9	0.002884
5	5	0.002633
8	8	0.003055
8	8	0.002785
7	7	0.002697
7	7	0.002673
10	10	0.002981
7	7	0.002704
14	13	0.006558
6	6	0.002902
6	6	0.002681
5	5	0.002692
5	5	0.003518
6	6	0.003055
9	9	0.003008
9	9	0.002981
14	14	0.003310
9	9	0.002971
9	9	0.003125
5	5	0.003265
9	6	0.006188
10	10	0.003785
6	6	0.003464
13	6	0.006609
16	7	0.009933
11	11	0.002979
20	19	0.006759
17	17	0.003266
5	5	0.002881
6	6	0.002805
15	15	0.003218
5	5	0.004095
9	9	0.003048
8	6	0.006574
8	8	0.003244
7	7	0.003091
7	7	0.003053
10	6	0.006285
7	2	0.006140
6	6	0.003018
5	5	0.002749
6	6	0.002866
6	6	0.002806
5	5	0.002776
14	10	0.006535
9	5	0.005912
11	11	0.003654
18	18	0.004290
13	13	0.003889
9	9	0.003077
11	11	0.003085
30	30	0.003550
6	6	0.002969
9	9	0.003033
6	6	0.002907
6	4	0.005758
30	26	0.008150
6	6	0.003534
10	9	0.008282
15	15	0.003595
21	17	0.007179
21	18	0.006898
11	11	0.003062
9	9	0.003308
9	7	0.007326
7	3	0.007015
8	4	0.007445
11	11	0.003105
9	9	0.003121
15	15	0.003246
15	15	0.003156
28	25	0.006432
19	18	0.007835
19	18	0.006724
12	11	0.006579
12	9	0.006575
7	7	0.003718
7	7	0.003798
24	22	0.006967
7	6	0.006957
16	16	0.003977
7	7	0.002843
6	6	0.003118
6	6	0.002718
16	16	0.003064
7	7	0.002924
6	6	0.003289
11	11	0.002971
53	49	0.007425
11	11	0.003222
9	9	0.003112
8	7	0.006355
8	8	0.002812
7	7	0.002760
6	6	0.002801
7	7	0.002830
7	5	0.007557
5	3	0.006362
5	3	0.006372
5	3	0.007602
7	5	0.007274
8	6	0.007261
14	14	0.002999
10	10	0.002771
8	8	0.002909
6	6	0.003015
8	8	0.002959
16	15	0.006823
8	8	0.003823
7	7	0.002775
9	9	0.003047
7	7	0.003300
8	1	0.007013
8	1	0.006082
9	9	0.002709
9	8	0.006223
9	8	0.008075
5	5	0.002783
6	6	0.003624
5	5	0.003795
5	5	0.003174
5	5	0.003018
5	5	0.003343
6	6	0.002748
7	7	0.002799
9	9	0.002869
6	6	0.003035
15	15	0.003277
5	5	0.002841
5	5	0.002759
6	6	0.002699
5	5	0.002916
6	6	0.002732
5	5	0.002692
5	5	0.002786
10	10	0.002830
6	6	0.002724
12	12	0.003178
8	8	0.002949
5	5	0.002687
16	11	0.006852
21	19	0.007909
12	12	0.003015
13	11	0.006613
13	11	0.006946
13	11	0.006593
9	7	0.007886
9	4	0.006989
13	11	0.006470
9	7	0.006164
6	6	0.003065
6	6	0.003702
7	7	0.004010
7	7	0.003717
11	11	0.003253
13	11	0.006374
13	11	0.006624
8	8	0.004021
13	13	0.003251
24	3	0.011919
23	23	0.003308
9	9	0.002947
13	13	0.002793
7	7	0.002859
18	15	0.007728
9	9	0.003292
13	10	0.007470
8	8	0.003606
8	8	0.002771
7	7	0.003212
29	28	0.007114
14	11	0.006420
14	11	0.006515
9	9	0.003028
7	6	0.005940
8	8	0.003399
6	6	0.004081
16	16	0.003295
23	23	0.003397
7	7	0.003611
7	7	0.002765
29	28	0.007001
11	11	0.002988
10	10	0.002942
7	6	0.005761
7	7	0.002641
6	6	0.002767
6	5	0.007541
27	27	0.003948
7	3	0.007966
7	3	0.006463
10	9	0.006728
9	9	0.003097
5	1	0.006678
5	1	0.007164
4	3	0.006277
9	8	0.007937
7	6	0.006664
7	6	0.006396
5	1	0.006127
5	1	0.007037
5	1	0.006091
5	1	0.005663
5	1	0.005657
5	1	0.006846
5	1	0.005740
6	1	0.006019
6	1	0.006161
7	6	0.006516
9	1	0.005937
7	6	0.006757
7	6	0.006589
7	6	0.007495
6	1	0.006063
6	1	0.006157
7	6	0.007462
7	6	0.007545
7	6	0.007548
5	1	0.006360
5	1	0.006052
7	6	0.007529
9	8	0.007298
6	1	0.006073
6	1	0.005986
6	1	0.005917
6	5	0.007218
6	1	0.006196
6	1	0.006104
7	6	0.007784
6	5	0.007568
9	8	0.007558
7	6	0.008567
9	8	0.007696
6	1	0.006671
6	1	0.006328
6	1	0.006258
6	1	0.006037
6	1	0.007207
6	1	0.006241
6	1	0.006067
6	1	0.006341
6	1	0.006177
6	1	0.005927
6	1	0.006711
6	1	0.006294
6	1	0.006182
6	1	0.006036
6	1	0.006237
6	1	0.007603
11	7	0.007607
9	8	0.007493
7	6	0.009304
7	6	0.007649
7	6	0.007666
9	1	0.007430
7	6	0.007688
9	8	0.007319
6	5	0.007216
6	5	0.007172
6	5	0.007236
7	6	0.007566
7	6	0.007568
7	6	0.007216
5	4	0.007381
5	4	0.007619
5	4	0.008418
5	1	0.007004
6	1	0.006448
6	1	0.006062
6	5	0.006601
5	4	0.006585
6	1	0.006453
6	5	0.006494
6	5	0.006186
6	1	0.007773
6	5	0.007192
7	6	0.007863
7	6	0.006347
7	6	0.006288
4	3	0.006223
4	3	0.006514
4	3	0.006297
4	3	0.006091
4	3	0.006089
5	1	0.006031
5	1	0.006240
5	1	0.006442
5	1	0.005834
5	1	0.007253
5	1	0.006968
5	1	0.007132
5	1	0.006584
5	1	0.006160
4	1	0.007101
7	6	0.007358
7	5	0.006644
5	1	0.006873
5	1	0.006209
5	1	0.005865
5	1	0.006005
5	1	0.007064
5	1	0.006003
5	1	0.006416
5	1	0.006334
5	1	0.005892
5	1	0.006733
5	1	0.006392
5	1	0.006390
5	1	0.007475
5	1	0.006664
5	1	0.007298
5	4	0.006017
6	5	0.005884
6	1	0.007078
4	3	0.006040
4	3	0.005844
11	10	0.006531
5	1	0.006315
5	1	0.006179
5	1	0.006209
5	1	0.006226
5	1	0.006406
5	1	0.006720
5	1	0.006626
5	1	0.005744
5	1	0.006292
5	1	0.005908
5	1	0.007101
5	1	0.006497
5	1	0.006564
5	1	0.005861
5	1	0.005855
5	4	0.006237
9	7	0.007209
7	6	0.006617
6	1	0.007002
6	1	0.006583
6	1	0.007837
6	1	0.007105
6	1	0.007049
6	1	0.005971
6	1	0.006202
6	5	0.007519
13	12	0.006662
4	3	0.007755
6	5	0.007151
15	14	0.006631
5	1	0.006007
5	1	0.005909
5	1	0.006342
5	1	0.006314
5	1	0.006879
5	1	0.007752
5	1	0.006692
5	1	0.006529
5	1	0.008002
5	1	0.006817
5	4	0.006267
8	7	0.006258
13	11	0.006873
12	5	0.006601
5	1	0.006252
5	1	0.005860
5	1	0.005847
5	1	0.005845
5	1	0.005859
5	1	0.005784
5	1	0.006172
5	1	0.006329
5	1	0.006291
5	1	0.006159
5	1	0.005929
5	1	0.005811
5	1	0.005932
5	1	0.006240
5	1	0.006208
5	1	0.006289
5	1	0.006534
5	1	0.006514
5	1	0.007050
5	1	0.006408
5	1	0.006431
5	1	0.005954
5	1	0.005877
4	1	0.006389
6	1	0.006331
6	1	0.006256
5	4	0.007552
4	3	0.006392
5	1	0.006057
5	1	0.005806
5	1	0.007084
5	1	0.006664
5	1	0.005878
5	1	0.006005
5	1	0.007318
5	1	0.006386
5	1	0.006349
5	1	0.006463
5	1	0.006287
5	1	0.006258
5	1	0.006872
5	1	0.005939
5	1	0.006367
5	1	0.006326
5	1	0.006947
5	1	0.005930
5	1	0.005988
5	1	0.006087
4	1	0.007413
6	1	0.006351
6	1	0.007506
6	1	0.006501
6	1	0.006426
6	5	0.007731
5	1	0.005922
5	1	0.005851
5	1	0.005917
5	1	0.006621
5	1	0.005869
5	1	0.005832
5	1	0.006286
5	1	0.006240
5	1	0.005953
5	1	0.007177
5	1	0.006035
5	1	0.005906
4	1	0.006735
4	1	0.007383
4	1	0.006388
19	12	0.007493
19	12	0.007847
9	8	0.007807
6	1	0.006325
6	1	0.006478
6	1	0.006518
6	5	0.007803
5	4	0.007633
5	1	0.006285
4	3	0.006417
8	7	0.006643
5	1	0.006293
5	1	0.006264
5	1	0.006394
5	1	0.006487
5	1	0.005861
5	1	0.005957
10	1	0.007057
5	4	0.006211
6	1	0.006084
6	5	0.007853
6	5	0.006440
5	1	0.006326
5	1	0.006353
5	1	0.005888
5	1	0.006404
5	1	0.007178
5	1	0.006479
5	1	0.005976
5	1	0.007367
7	1	0.006582
5	4	0.006071
7	6	0.006680
6	5	0.007991
5	4	0.007505
5	4	0.006147
6	5	0.006159
4	3	0.005904
4	3	0.006019
4	3	0.005908
4	3	0.006153
4	3	0.006184
4	3	0.006019
6	3	0.006653
5	1	0.007025
5	1	0.006006
5	1	0.006489
5	1	0.006588
5	1	0.006027
5	1	0.007638
5	1	0.006545
5	1	0.006312
5	1	0.007556
5	1	0.007129
5	1	0.005935
5	1	0.005977
5	1	0.006476
5	1	0.006295
5	1	0.005904
6	3	0.006254
4	1	0.005824
4	1	0.005929
4	1	0.005816
5	1	0.006071
5	1	0.005789
5	1	0.005819
5	1	0.007789
5	1	0.006659
5	1	0.007356
5	1	0.006767
5	1	0.006306
5	1	0.007640
5	1	0.006816
5	1	0.006914
5	1	0.006550
5	1	0.007288
5	1	0.007337
6	1	0.006796
4	3	0.007574
4	3	0.007923
5	1	0.008219
5	1	0.007976
5	1	0.006238
5	1	0.006772
5	1	0.006505
5	1	0.006215
5	1	0.005561
5	1	0.005783
5	1	0.006111
5	1	0.006618
6	1	0.006131
6	1	0.006620
6	1	0.007716
12	11	0.007734
6	5	0.007294
4	3	0.006580
4	3	0.006788
5	4	0.007653
6	1	0.006795
6	1	0.007727
4	3	0.008278
4	3	0.007569
5	1	0.007450
5	1	0.007488
5	1	0.007255
5	1	0.006179
5	1	0.006199
5	1	0.006980
5	1	0.006839
5	1	0.006302
5	1	0.006679
5	1	0.006597
6	1	0.006224
6	1	0.006192
4	3	0.006004
4	3	0.007061
4	3	0.006702
4	3	0.006236
4	3	0.006116
5	1	0.006283
5	1	0.006174
5	1	0.006964
5	1	0.006895
5	1	0.007902
5	1	0.006911
5	4	0.006863
4	1	0.006471
5	1	0.006882
6	1	0.007007
6	1	0.006053
6	1	0.006120
6	1	0.006399
6	1	0.006358
6	1	0.006474
6	1	0.005588
5	1	0.004957
5	1	0.007373
5	1	0.005535
5	1	0.006774
5	1	0.007181
5	1	0.006744
5	1	0.006335
5	1	0.005639
5	1	0.008328
5	1	0.005042
5	1	0.006066
5	1	0.006926
5	1	0.006739
5	1	0.006491
5	1	0.007196
5	4	0.007045
5	4	0.005865
6	1	0.008162
6	1	0.005543
6	1	0.004958
4	3	0.005729
4	3	0.005171
5	1	0.004873
5	1	0.004736
5	1	0.005284
5	1	0.005162
5	1	0.005844
4	1	0.006468
6	1	0.005494
6	1	0.005677
6	1	0.005911
4	3	0.008240
4	3	0.006742
5	1	0.006242
5	1	0.005291
5	1	0.004964
5	1	0.006189
5	1	0.006426
5	1	0.006653
5	1	0.005689
5	1	0.005621
5	1	0.005775
5	1	0.006038
5	1	0.006666
5	1	0.005686
5	1	0.005451
5	1	0.005646
5	1	0.005730
5	1	0.006263
5	1	0.006215
5	1	0.005365
5	1	0.005306
5	1	0.006547
5	1	0.005794
5	1	0.006057
5	1	0.006785
5	1	0.005479
5	1	0.005352
5	1	0.005322
5	1	0.006775
5	4	0.006341
17	15	0.008741
17	15	0.010903
7	6	0.006785
6	1	0.005960
6	1	0.006020
6	1	0.006295
6	1	0.007007
9	8	0.007910
9	1	0.007602
4	3	0.006327
5	1	0.005710
5	1	0.005693
5	1	0.006053
5	1	0.007222
6	1	0.006970
6	1	0.006143
6	1	0.006352
6	1	0.006361
7	6	0.007600
4	3	0.006451
5	1	0.007474
5	1	0.007568
5	1	0.006581
8	7	0.007039
8	6	0.006824
8	7	0.006545
8	7	0.006386
5	1	0.006926
6	1	0.005920
6	1	0.005882
6	1	0.005842
7	6	0.006563
6	5	0.006592
4	3	0.007325
5	1	0.006382
5	1	0.006341
5	1	0.006306
5	1	0.006381
5	1	0.006119
5	1	0.005848
5	1	0.006214
5	1	0.005808
5	1	0.006242
5	1	0.007621
5	1	0.006433
5	1	0.006763
4	1	0.006329
6	1	0.006160
6	1	0.007365
5	4	0.007097
11	4	0.006896
10	8	0.007176
26	1	0.007083
11	11	0.003575
11	11	0.004310
12	12	0.004235
11	11	0.003697
8	8	0.003556
13	11	0.008308
8	8	0.003801
8	8	0.003945
8	8	0.003813
16	14	0.007163
7	7	0.003484
13	8	0.007153
11	11	0.003331
14	10	0.008485
9	9	0.003556
7	7	0.003341
8	7	0.007136
6	3	0.007885
10	7	0.008330
6	3	0.007911
6	3	0.007031
6	1	0.006296
6	1	0.006954
8	7	0.007435
10	8	0.007174
10	8	0.007118
7	7	0.003247
15	15	0.003608
7	7	0.003492
21	19	0.007553
13	8	0.007130
7	7	0.003248
17	17	0.003402
18	18	0.003460
12	1	0.007291
12	1	0.008117
15	14	0.008355
13	1	0.006317
10	8	0.006853
16	15	0.007177
19	17	0.007866
20	16	0.008549
23	23	0.003535
13	9	0.007178
13	12	0.007164
16	13	0.007082
12	12	0.003313
31	31	0.003733
10	7	0.007089
10	10	0.003440
16	16	0.003511
19	17	0.007528
8	6	0.006367
13	11	0.006976
13	8	0.007479
10	10	0.003517
16	13	0.008054
13	8	0.007372
13	2	0.007850
13	8	0.008220
13	8	0.007631
13	8	0.007704
13	8	0.007449
13	8	0.007747
16	16	0.003559
10	10	0.003673
10	10	0.003478
13	8	0.007387
13	8	0.007075
18	18	0.003670
15	15	0.003868
12	8	0.008062
11	11	0.003656
10	10	0.003916
10	10	0.003448
15	11	0.007332
9	9	0.003746
12	8	0.007657
12	8	0.007774
13	8	0.007614
9	9	0.003299
8	6	0.007048
8	8	0.003576
8	8	0.003908
16	14	0.007729
11	11	0.003570
9	9	0.003613
11	11	0.004045
9	6	0.007400
9	6	0.006881
11	11	0.003760
13	8	0.008065
10	10	0.003732
18	17	0.008952
10	8	0.008035
14	12	0.007469
14	12	0.006867
19	18	0.007723
12	8	0.007610
13	11	0.006974
16	16	0.003852
13	13	0.003760
16	16	0.003947
16	16	0.004657
14	14	0.003723
13	8	0.007218
13	8	0.007580
13	8	0.007286
13	8	0.007268
13	8	0.007015
13	8	0.008360
15	15	0.003598
15	15	0.003499
16	16	0.003486
18	18	0.003467
18	18	0.003455
14	14	0.003811
19	19	0.003953
16	16	0.003475
13	13	0.003291
12	8	0.007093
12	8	0.007046
12	8	0.007227
12	8	0.006998
12	8	0.006968
12	8	0.006947
19	19	0.003694
16	16	0.003429
12	12	0.003635
13	8	0.007470
12	2	0.008062
13	8	0.007143
12	8	0.007874
15	15	0.003934
22	21	0.007779
15	15	0.003712
13	13	0.003379
13	13	0.003627
13	13	0.003307
11	11	0.003836
11	11	0.004009
12	8	0.007612
16	15	0.007042
10	10	0.003231
10	10	0.003183
10	10	0.003161
27	18	0.008242
9	9	0.003416
9	9	0.004753
9	9	0.004023
9	9	0.003328
12	8	0.007079
16	14	0.008093
8	8	0.002901
8	8	0.002864
8	8	0.003072
31	31	0.003883
8	6	0.007854
12	11	0.006701
12	6	0.007480
51	47	0.008465
10	10	0.003927
12	12	0.004029
11	1	0.007011
10	7	0.007137
11	8	0.007745
11	8	0.009213
10	1	0.007672
10	1	0.006969
9	9	0.003440
9	9	0.003491
9	9	0.003686
9	7	0.007268
9	9	0.003767
9	9	0.003825
9	9	0.003795
9	9	0.003874
9	9	0.004955
9	9	0.005374
9	9	0.003770
9	9	0.004119
9	9	0.004298
9	9	0.003984
9	9	0.004343
8	8	0.004287
7	7	0.004299
12	10	0.008302
8	8	0.003930
8	8	0.004844
8	7	0.008690
13	8	0.008936
23	23	0.004417
23	23	0.004201
8	8	0.003914
9	6	0.008250
40	36	0.009437
18	16	0.008796
17	17	0.004597
8	8	0.004327
9	9	0.004025
7	7	0.004154
16	15	0.008707
8	8	0.003576
7	7	0.004770
7	7	0.004161
7	7	0.004523
7	7	0.004490
21	16	0.008810
7	7	0.003537
8	8	0.004056
10	9	0.008286
12	12	0.003890
6	6	0.003424
7	6	0.007519
8	8	0.003760
9	9	0.003750
9	9	0.003856
40	37	0.009390
21	19	0.008455
8	8	0.003713
7	7	0.003600
10	10	0.004427
13	12	0.008634
7	7	0.003662
6	6	0.003566
11	11	0.004150
7	7	0.004073
7	3	0.008081
8	8	0.003727
7	6	0.008523
10	9	0.009246
13	12	0.008867
20	20	0.004442
8	8	0.004131
6	6	0.004509
9	9	0.004227
7	7	0.004161
16	15	0.009411
7	7	0.004141
7	7	0.004257
6	6	0.004891
53	51	0.011270
7	5	0.010718
5	3	0.008965
7	5	0.010296
6	4	0.009323
5	3	0.009437
5	3	0.009172
18	12	0.014138
8	6	0.009109
8	6	0.009525
8	6	0.009257
6	4	0.008991
6	1	0.008735
5	3	0.008797
5	3	0.009028
14	10	0.009383
14	10	0.009164
7	7	0.004248
8	7	0.008484
6	3	0.008848
17	14	0.009696
6	6	0.004642
7	7	0.004309
9	6	0.008655
8	8	0.004810
12	8	0.009110
23	23	0.004032
7	6	0.007695
7	7	0.004159
6	6	0.004559
6	6	0.004004
6	5	0.009097
5	5	0.003775
6	6	0.003720
5	5	0.003710
5	5	0.003700
6	6	0.003738
5	5	0.003667
6	6	0.003742
6	5	0.008161
5	5	0.003695
5	5	0.003638
6	6	0.004005
5	1	0.008471
5	5	0.005138
10	10	0.005957
8	8	0.004153
7	7	0.004915
6	5	0.008587
6	5	0.008067
6	5	0.008261
6	6	0.003746
6	6	0.003660
6	6	0.003738
6	5	0.007900
5	5	0.003717
6	6	0.003666
7	7	0.003710
11	11	0.003850
5	5	0.003691
5	5	0.003710
12	12	0.004068
8	8	0.004592
10	10	0.003873
30	28	0.009074
8	8	0.003776
6	1	0.007722
13	9	0.007863
7	3	0.007687
5	1	0.007130
5	3	0.007820
5	3	0.007268
5	3	0.007168
5	3	0.007107
6	1	0.007558
6	4	0.007554
7	5	0.007604
5	3	0.007297
15	9	0.007705
15	15	0.003607
11	11	0.003958
24	22	0.007740
12	11	0.009065
11	11	0.003609
11	11	0.003881
9	9	0.004525
8	8	0.003615
13	11	0.007420
8	8	0.003212
17	15	0.007458
7	7	0.003454
7	7	0.003445
11	11	0.003565
8	1	0.007157
7	7	0.003416
29	23	0.008162
11	8	0.008406
8	8	0.003867
11	11	0.003515
12	12	0.003851
10	10	0.003471
7	7	0.003503
6	6	0.003424
7	7	0.003757
6	6	0.004089
6	6	0.003382
7	5	0.007330
6	6	0.003966
6	6	0.003330
8	5	0.007772
5	5	0.003178
6	6	0.003136
5	1	0.006690
6	6	0.003410
6	6	0.003246
5	5	0.003144
5	5	0.003664
6	6	0.003181
6	6	0.003168
5	5	0.003147
6	6	0.003143
5	5	0.003295
5	5	0.003174
7	7	0.003472
6	6	0.003208
5	5	0.003165
18	18	0.003739
25	24	0.008076
10	3	0.007517
10	10	0.003485
12	9	0.008566
10	9	0.007583
7	5	0.009189
11	7	0.007490
5	3	0.007792
7	1	0.006945
11	11	0.003536
18	13	0.007338
19	17	0.007877
9	9	0.003495
13	13	0.003828
18	17	0.007788
8	8	0.003452
14	14	0.003635
7	4	0.006984
7	4	0.007181
7	7	0.004197
6	1	0.007298
7	7	0.003476
7	7	0.003643
9	4	0.008946
8	8	0.004355
11	11	0.003632
6	6	0.003462
10	10	0.003522
14	3	0.012013
8	8	0.003843
17	17	0.003866
13	12	0.007335
6	6	0.003266
6	6	0.003253
5	5	0.003268
5	5	0.003305
6	6	0.003380
6	6	0.003419
6	6	0.003389
6	6	0.004455
5	5	0.004687
6	6	0.003948
6	6	0.004116
5	5	0.003566
6	6	0.003144
6	6	0.003142
11	11	0.003375
24	22	0.007486
11	11	0.004359
11	11	0.003658
17	17	0.003672
7	7	0.002927
6	6	0.003005
9	7	0.006520
9	7	0.006935
8	8	0.003454
9	7	0.008178
7	5	0.008274
5	3	0.007191
5	3	0.007337
7	1	0.007037
17	17	0.003650
19	18	0.008285
8	8	0.004199
6	6	0.003310
9	8	0.007520
7	7	0.003220
7	7	0.004209
7	7	0.003636
6	6	0.003134
6	6	0.003133
10	10	0.003597
10	10	0.003545
10	10	0.003536
10	8	0.006973
7	7	0.003514
8	8	0.003061
5	5	0.002954
5	5	0.003083
7	7	0.003433
11	11	0.003376
5	5	0.003842
5	5	0.003308
5	5	0.003111
6	6	0.003140
8	8	0.003772
5	5	0.003133
6	6	0.003101
6	6	0.003207
5	5	0.003239
6	6	0.003226
7	7	0.003122
7	7	0.003676
5	5	0.004153
18	18	0.004698
9	9	0.004560
8	8	0.003968
11	11	0.004519
6	6	0.003602
11	10	0.008058
6	6	0.004325
6	6	0.003877
28	26	0.008264
20	18	0.008411
18	16	0.007907
11	10	0.007653
11	10	0.008740
12	7	0.007779
13	11	0.008201
35	35	0.004086
8	7	0.006660
9	9	0.003270
7	7	0.003319
7	7	0.003535
8	1	0.007335
9	8	0.007613
26	18	0.008396
19	18	0.006809
10	9	0.006762
15	15	0.003881
8	8	0.003264
7	7	0.003276
8	8	0.004270
9	7	0.007475
7	2	0.007406
7	2	0.007204
9	9	0.003479
7	7	0.003212
14	14	0.003660
7	2	0.007208
7	7	0.003143
9	6	0.007409
10	10	0.003535
7	7	0.003442
13	13	0.003851
10	10	0.003553
10	10	0.003894
9	9	0.004068
6	1	0.007699
9	9	0.003445
5	3	0.006537
4	4	0.003039
18	16	0.007910
6	6	0.004103
5	2	0.008108
5	3	0.007025
5	5	0.003238
6	5	0.007233
4	4	0.003287
16	16	0.003700
27	20	0.009977
5	3	0.007092
5	5	0.003191
4	4	0.003627
4	4	0.003066
6	6	0.003481
19	17	0.008064
14	13	0.007871
5	3	0.006861
10	7	0.007302
16	16	0.003642
4	4	0.003903
4	4	0.003520
27	20	0.010245
5	4	0.006467
5	3	0.006791
23	23	0.003940
7	6	0.007092
4	4	0.003186
4	4	0.003459
5	5	0.002977
21	20	0.008052
8	8	0.003845
4	4	0.003020
4	4	0.002950
6	6	0.002942
34	32	0.008446
5	3	0.007624
5	3	0.007481
8	8	0.003301
8	6	0.007467
7	7	0.003727
8	8	0.003775
8	8	0.003453
14	11	0.008444
10	10	0.003814
12	10	0.007779
10	10	0.003521
7	6	0.007167
7	7	0.003315
8	8	0.003031
8	8	0.003045
7	7	0.003143
8	8	0.003497
8	6	0.007636
11	11	0.004733
12	12	0.004825
8	8	0.003133
8	8	0.003233
8	8	0.003464
8	8	0.003507
8	8	0.003450
10	10	0.003268
6	6	0.002973
6	5	0.007848
6	6	0.003411
6	6	0.003855
4	4	0.003390
4	4	0.003283
4	4	0.003285
4	1	0.006909
4	4	0.003729
4	4	0.003551
4	4	0.003582
7	6	0.008399
7	6	0.007165
31	28	0.008396
6	4	0.007326
6	6	0.003460
5	5	0.003364
5	5	0.003438
5	5	0.003387
5	5	0.003135
11	9	0.007260
14	14	0.003694
4	4	0.003217
4	4	0.003127
4	4	0.003312
4	4	0.003829
5	4	0.008122
5	3	0.006631
4	4	0.003657
4	4	0.003134
5	3	0.006914
4	4	0.003165
4	4	0.002946
6	6	0.003165
5	3	0.006403
5	5	0.002931
6	6	0.003450
7	7	0.003128
4	4	0.003157
14	14	0.003734
13	13	0.003313
5	4	0.006868
6	6	0.003170
5	3	0.007178
13	13	0.004600
11	9	0.008863
5	5	0.003410
6	6	0.003150
5	4	0.007018
5	4	0.006843
7	7	0.003070
6	4	0.006463
6	6	0.003250
6	6	0.003229
6	6	0.003021
8	8	0.002987
11	11	0.003298
6	6	0.003793
9	7	0.006591
13	10	0.007385
7	5	0.006845
5	5	0.003518
5	5	0.003992
5	5	0.003292
5	5	0.003159
13	13	0.003600
7	7	0.003418
7	7	0.004570
5	5	0.003984
8	4	0.007943
6	6	0.003353
4	4	0.003011
4	4	0.003020
4	4	0.002926
8	8	0.003304
5	3	0.006792
16	12	0.007259
4	4	0.003154
4	4	0.004465
6	6	0.003721
5	5	0.003223
4	4	0.002965
4	4	0.002936
4	4	0.002902
11	11	0.003067
6	6	0.003516
13	13	0.003418
21	20	0.007812
25	25	0.004089
6	6	0.003211
15	9	0.006949
8	8	0.003248
9	9	0.003612
6	6	0.003332
11	10	0.007533
13	13	0.003266
14	14	0.003433
14	14	0.003336
7	6	0.006399
45	41	0.007473
21	14	0.007700
22	18	0.007161
40	40	0.003882
50	44	0.009046
40	40	0.004039
37	37	0.004143
40	40	0.003841
39	39	0.004234
39	39	0.003910
40	37	0.008335
40	39	0.008324
35	35	0.003989
22	22	0.004201
39	38	0.010098
17	17	0.003508
16	12	0.008290
50	46	0.008523
15	15	0.003759
22	20	0.007361
11	11	0.004389
14	14	0.004148
11	11	0.003505
13	13	0.003580
15	12	0.007493
6	6	0.003146
6	6	0.003147
6	6	0.004267
5	5	0.003627
5	3	0.006988
5	5	0.003166
6	5	0.006484
4	4	0.003408
4	4	0.003575
7	7	0.003048
39	39	0.004797
6	6	0.003355
9	9	0.003291
6	2	0.006255
6	4	0.007407
6	4	0.008032
6	6	0.003287
5	5	0.003570
5	5	0.003290
5	5	0.003434
6	4	0.007355
6	6	0.003200
4	4	0.003797
4	4	0.003886
6	6	0.003320
5	3	0.008311
7	7	0.003243
5	5	0.003101
4	4	0.002956
4	4	0.002906
4	4	0.003685
5	3	0.007098
4	4	0.003417
6	6	0.003465
4	4	0.003169
4	4	0.003077
4	4	0.003202
6	6	0.003455
5	4	0.007144
5	3	0.007108
4	4	0.003707
4	4	0.003679
16	16	0.004014
5	4	0.007341
8	8	0.003418
4	4	0.003159
10	10	0.003219
5	3	0.006958
4	1	0.006752
4	4	0.003687
4	4	0.003619
31	28	0.009973
5	4	0.007560
5	4	0.008694
4	4	0.003320
4	4	0.003377
4	4	0.003184
10	10	0.004165
6	6	0.004134
5	3	0.007381
4	4	0.003861
7	7	0.003246
7	4	0.007332
7	7	0.003742
7	7	0.003870
7	7	0.004322
13	13	0.004395
16	16	0.004101
6	4	0.007437
7	7	0.003691
4	4	0.003722
10	10	0.003687
5	2	0.007678
9	8	0.008604
8	8	0.003545
5	3	0.007614
4	4	0.004029
8	8	0.003644
4	4	0.003412
5	3	0.008952
9	9	0.004006
10	9	0.008598
8	8	0.004029
7	7	0.003848
4	4	0.004218
5	3	0.007653
13	13	0.004240
6	6	0.003413
4	2	0.007220
4	4	0.004072
8	7	0.008857
21	20	0.008833
5	5	0.003984
4	4	0.003772
4	4	0.004042
5	3	0.007686
6	6	0.004336
8	8	0.004176
7	7	0.004311
4	4	0.003548
4	4	0.003328
4	4	0.003324
5	3	0.007164
4	4	0.003824
4	4	0.004548
4	4	0.004275
6	6	0.003597
4	4	0.003407
4	4	0.003981
6	6	0.003563
5	5	0.003182
5	3	0.006996
7	7	0.003417
4	3	0.006663
4	4	0.003445
4	4	0.003461
4	2	0.007183
4	4	0.003653
6	6	0.003143
13	13	0.005015
6	2	0.007759
6	4	0.007633
6	4	0.008179
6	4	0.009158
6	4	0.007588
5	5	0.003222
4	4	0.003158
4	4	0.003135
4	4	0.003184
14	14	0.004467
5	4	0.008213
5	3	0.007059
4	1	0.006790
6	6	0.003169
5	5	0.003388
6	6	0.003488
4	4	0.003216
4	4	0.003134
5	5	0.003135
5	5	0.003481
5	3	0.008016
5	5	0.003343
6	6	0.003198
4	4	0.003128
4	4	0.003140
4	4	0.003127
16	14	0.007600
14	14	0.003602
12	6	0.007403
23	22	0.008000
22	22	0.004092
21	19	0.008451
13	12	0.007480
15	12	0.007377
25	25	0.004164
16	16	0.003924
14	14	0.003480
14	14	0.003795
15	14	0.007487
14	14	0.003595
14	14	0.003632
14	14	0.003584
13	10	0.008012
23	23	0.003790
9	1	0.006850
11	11	0.003285
14	10	0.007047
14	10	0.006986
14	14	0.003555
14	14	0.003658
30	29	0.009584
13	8	0.008587
10	10	0.003304
22	22	0.003960
27	27	0.004014
12	12	0.003683
12	12	0.003817
14	14	0.003604
12	12	0.003646
12	12	0.003917
7	7	0.003485
7	7	0.004832
8	7	0.009129
14	14	0.003784
15	13	0.007843
24	23	0.009406
9	9	0.004410
13	10	0.009466
14	14	0.003834
30	28	0.008363
22	22	0.003741
17	11	0.007903
16	16	0.004687
31	29	0.009996
20	20	0.003824
20	20	0.003801
20	20	0.003839
24	21	0.007966
23	20	0.008036
13	11	0.007343
13	13	0.003608
12	11	0.007585
20	1	0.007095
12	10	0.007424
15	11	0.007166
18	14	0.007955
24	22	0.009247
27	27	0.004084
27	27	0.004038
24	22	0.008071
25	23	0.007985
24	22	0.008125
25	25	0.003978
25	23	0.008157
29	24	0.008549
14	9	0.007546
31	25	0.008030
27	27	0.004053
9	9	0.003520
9	9	0.003497
9	9	0.003796
12	11	0.007667
21	21	0.003762
21	21	0.003728
14	14	0.003993
14	14	0.004524
14	14	0.004073
15	15	0.003927
14	14	0.003813
14	8	0.013343
14	11	0.008656
11	11	0.003605
13	9	0.008243
20	20	0.003730
15	13	0.008248
20	19	0.007960
15	14	0.007382
15	14	0.007906
15	13	0.007492
9	5	0.008237
9	9	0.003840
9	9	0.003526
8	8	0.003769
8	8	0.003760
11	11	0.003582
13	10	0.008354
24	22	0.008032
10	10	0.003285
8	8	0.003750
33	26	0.008146
33	28	0.008676
27	26	0.009728
20	20	0.003714
13	6	0.006967
9	8	0.007407
8	7	0.007386
13	7	0.008999
13	7	0.009459
13	9	0.008101
10	10	0.003514
12	11	0.008721
13	10	0.008815
7	7	0.003525
21	21	0.003765
11	11	0.003367
7	7	0.003571
7	7	0.003548
7	7	0.003451
7	7	0.004606
7	7	0.003606
8	8	0.003786
10	9	0.007197
14	14	0.004503
15	13	0.007176
14	14	0.003440
16	16	0.003530
15	13	0.008037
13	10	0.009053
13	10	0.008596
13	10	0.008501
13	10	0.009635
13	10	0.008191
11	11	0.003622
17	16	0.008149
9	9	0.003678
13	10	0.008117
10	10	0.003569
14	14	0.003583
14	14	0.003645
14	14	0.003555
7	7	0.003465
14	14	0.003637
14	14	0.003821
14	13	0.007588
14	14	0.003646
13	10	0.007824
13	10	0.007580
14	14	0.003475
13	13	0.003797
13	10	0.009481
11	11	0.003784
9	9	0.003355
14	14	0.003888
12	12	0.004378
9	5	0.008146
11	11	0.003488
7	7	0.004464
13	10	0.009282
14	14	0.004400
7	6	0.007430
7	6	0.007072
7	7	0.004498
7	7	0.004539
7	7	0.004486
7	6	0.007684
7	5	0.007187
7	7	0.003334
7	7	0.003254
8	5	0.007050
7	7	0.003245
7	7	0.003362
7	7	0.003295
7	7	0.003254
7	7	0.003292
7	1	0.006929
7	5	0.007579
7	7	0.003838
7	7	0.004302
7	7	0.003790
7	7	0.003476
7	7	0.003708
7	7	0.003698
7	7	0.004829
7	7	0.004137
7	7	0.003705
14	14	0.003373
13	10	0.008954
13	8	0.010322
13	10	0.008517
13	10	0.008289
13	10	0.008284
13	10	0.008372
11	11	0.003429
14	14	0.003577
7	7	0.003273
7	7	0.003239
7	7	0.003484
7	7	0.003748
8	8	0.003353
7	7	0.003483
10	10	0.004202
8	8	0.003743
12	12	0.003792
7	7	0.003807
25	25	0.004154
14	14	0.003671
11	11	0.003376
21	21	0.003904
21	14	0.009965
21	19	0.007931
7	7	0.003503
7	7	0.003936
26	20	0.008302
26	23	0.008117
16	15	0.008244
16	15	0.007955
16	15	0.007753
21	19	0.007932
24	23	0.008069
14	14	0.003907
13	1	0.007749
10	10	0.003846
10	10	0.004536
9	9	0.003851
11	10	0.007727
8	7	0.009558
9	1	0.007250
8	6	0.010764
15	14	0.007807
6	3	0.007215
7	6	0.007603
8	7	0.009005
6	3	0.007711
9	1	0.007563
16	15	0.009084
22	22	0.004092
25	25	0.004163
21	18	0.009606
9	9	0.003603
11	11	0.003781
24	21	0.007871
12	11	0.008431
12	11	0.008489
12	9	0.008909
12	11	0.007809
12	11	0.008293
12	11	0.008683
14	14	0.003666
11	11	0.003776
12	9	0.008657
12	11	0.008284
11	11	0.003648
9	9	0.004424
12	11	0.008147
8	5	0.007603
8	4	0.006976
8	6	0.008179
29	27	0.008412
22	22	0.005067
19	16	0.007757
17	12	0.007278
7	7	0.003465
10	10	0.003416
10	5	0.007684
35	33	0.009407
11	11	0.004272
7	3	0.007318
7	3	0.007300
9	8	0.007370
7	7	0.003190
13	6	0.007446
13	13	0.004369
13	13	0.003716
8	8	0.003611
7	4	0.008707
8	8	0.004093
8	8	0.004734
6	6	0.003656
7	7	0.003189
12	12	0.003586
6	6	0.004407
7	7	0.003880
7	7	0.003484
7	7	0.003191
7	7	0.003455
22	19	0.008143
10	10	0.003623
10	10	0.003536
9	9	0.003374
51	47	0.009365
21	20	0.008894
10	8	0.009815
8	1	0.007076
15	14	0.007262
15	15	0.003691
10	8	0.008793
10	10	0.003497
14	14	0.003589
17	16	0.007860
14	14	0.003603
31	30	0.007607
12	11	0.008374
13	12	0.007997
12	9	0.007838
12	1	0.008703
12	11	0.008229
12	11	0.007570
13	12	0.007521
12	11	0.007727
8	7	0.007031
10	10	0.003518
8	8	0.003775
8	7	0.008688
8	7	0.007294
11	11	0.004807
9	7	0.007686
13	12	0.008450
12	11	0.008213
9	1	0.007678
8	5	0.008949
42	31	0.009250
9	7	0.007826
42	16	0.016533
9	7	0.007860
9	9	0.003858
9	9	0.003727
17	13	0.007957
23	22	0.008009
27	25	0.008132
22	20	0.008904
20	20	0.005133
17	17	0.004906
17	17	0.004068
15	11	0.007969
17	17	0.003968
14	9	0.008938
18	17	0.007855
18	18	0.003745
17	17	0.004599
21	18	0.008690
9	5	0.006961
15	14	0.008153
46	41	0.009169
25	22	0.010654
31	22	0.009131
24	24	0.004097
13	9	0.008911
16	9	0.011920
27	27	0.004164
24	22	0.009068
24	22	0.008475
17	15	0.007530
16	14	0.007760
24	22	0.009210
17	15	0.008943
11	11	0.003545
13	13	0.003575
13	13	0.004206
13	13	0.003566
19	18	0.008024
15	15	0.003910
14	14	0.003606
14	14	0.003894
14	11	0.008298
8	8	0.004457
8	8	0.005224
13	13	0.004934
20	20	0.003785
15	14	0.007288
14	12	0.007573
14	12	0.007140
9	6	0.007558
12	10	0.008638
14	12	0.007834
14	12	0.007679
20	19	0.007837
16	15	0.007264
16	16	0.003601
21	19	0.007860
12	12	0.003816
12	12	0.004534
11	11	0.003593
17	15	0.007843
10	7	0.007513
15	1	0.007372
15	11	0.007589
17	16	0.007721
20	20	0.003983
14	13	0.008255
14	13	0.007723
14	14	0.003520
14	14	0.003968
14	14	0.003840
14	14	0.003574
14	14	0.003545
14	14	0.003568
20	20	0.003743
13	13	0.003664
14	14	0.003564
14	14	0.003576
14	14	0.003613
14	14	0.003570
13	13	0.003560
13	13	0.003609
13	13	0.003672
20	19	0.008892
15	11	0.007823
13	12	0.007782
28	24	0.008146
12	12	0.003517
14	14	0.003729
15	14	0.007636
16	14	0.007789
15	14	0.007182
15	14	0.007688
15	15	0.003779
14	14	0.003519
12	10	0.007603
15	14	0.008266
15	14	0.009201
16	12	0.007565
15	14	0.007636
15	14	0.007708
15	14	0.007778
15	14	0.007477
15	14	0.008420
15	14	0.007880
15	12	0.007752
20	20	0.003615
17	14	0.008878
17	14	0.008293
15	15	0.003820
15	15	0.003560
15	15	0.003538
14	14	0.003604
14	14	0.003776
18	14	0.007165
15	14	0.007280
15	14	0.007614
22	22	0.003664
26	23	0.007434
15	14	0.007651
15	14	0.010718
15	14	0.007856
15	14	0.007275
15	12	0.007737
15	12	0.008457
15	14	0.008120
15	14	0.008760
15	15	0.004090
15	15	0.003667
16	16	0.004879
14	14	0.003919
14	14	0.004411
14	14	0.004826
14	14	0.004361
15	14	0.008742
12	12	0.003548
12	12	0.003729
11	11	0.003571
10	10	0.003626
14	14	0.003578
17	14	0.009460
15	14	0.008866
11	11	0.003504
10	10	0.003572
10	10	0.003599
10	10	0.003530
15	14	0.007106
15	14	0.008994
14	14	0.003707
14	14	0.003481
13	11	0.006731
13	13	0.003514
14	14	0.003271
10	10	0.003249
9	9	0.003286
8	8	0.003361
9	9	0.003669
11	11	0.003467
10	10	0.003495
14	14	0.004209
10	10	0.004708
10	10	0.003639
8	8	0.003299
15	14	0.007805
19	19	0.003959
16	13	0.007686
16	13	0.007814
16	1	0.007356
15	1	0.006644
27	1	0.010408
15	14	0.007626
15	14	0.007281
25	23	0.008931
8	8	0.003419
8	8	0.003994
8	8	0.004006
8	8	0.003868
18	18	0.004095
19	17	0.007337
13	11	0.009458
20	20	0.004544
7	7	0.003330
17	17	0.003649
8	6	0.006600
21	18	0.008167
7	7	0.003854
29	14	0.007720
15	13	0.008623
14	14	0.003608
10	10	0.003229
9	8	0.007403
13	11	0.008143
11	9	0.007648
9	6	0.007206
8	8	0.003255
7	7	0.003444
23	20	0.008765
13	13	0.004310
21	17	0.008147
8	8	0.003741
18	18	0.004002
8	8	0.004137
8	8	0.003844
9	9	0.003637
8	8	0.003470
9	9	0.003563
9	5	0.007656
7	7	0.003490
7	6	0.007823
7	7	0.003512
7	7	0.004063
7	7	0.003907
7	7	0.003569
7	1	0.007053
7	7	0.003729
8	8	0.003398
9	9	0.003453
9	9	0.003713
7	7	0.003203
7	6	0.007330
13	10	0.007942
18	14	0.007739
20	20	0.004410
7	7	0.003613
14	1	0.008689
25	18	0.007424
51	39	0.008852
26	21	0.008187
23	23	0.004019
14	14	0.003575
14	14	0.003618
10	10	0.003809
14	14	0.004472
14	14	0.003672
8	8	0.003369
7	7	0.003813
17	17	0.003964
15	15	0.004676
9	9	0.003962
18	15	0.007974
8	7	0.007244
9	9	0.003471
7	7	0.003490
9	9	0.004508
9	9	0.004184
8	8	0.003936
9	9	0.003927
8	8	0.004221
27	27	0.004300
12	12	0.003426
10	5	0.007156
10	10	0.003320
10	10	0.003588
10	10	0.004223
10	1	0.008137
10	10	0.003789
10	10	0.003536
9	9	0.003481
10	10	0.003516
9	9	0.003450
27	27	0.003812
11	11	0.003753
10	10	0.003489
31	31	0.003851
10	10	0.003481
27	27	0.004043
12	12	0.003554
27	25	0.008317
10	10	0.004513
10	10	0.004119
31	31	0.004588
22	22	0.003888
9	9	0.003599
9	9	0.003709
9	9	0.004242
9	9	0.003695
9	9	0.003621
9	9	0.003590
9	1	0.007384
9	7	0.008563
9	7	0.007444
9	7	0.007259
9	9	0.004225
9	7	0.009008
9	9	0.004889
9	9	0.003915
9	9	0.003788
10	10	0.003806
10	10	0.004468
10	10	0.003587
29	27	0.009148
29	27	0.007718
12	12	0.004536
9	9	0.003959
9	8	0.007271
9	9	0.003568
9	9	0.003711
9	9	0.003528
7	5	0.007535
10	10	0.003819
8	8	0.003663
8	8	0.003496
8	8	0.003493
8	8	0.003531
9	9	0.003448
7	6	0.007180
8	7	0.007571
10	10	0.003929
10	10	0.004475
10	10	0.004613
22	22	0.004963
27	27	0.004623
25	23	0.007662
27	27	0.004333
12	12	0.003597
9	1	0.007727
7	7	0.003541
7	7	0.003475
11	9	0.007540
5	3	0.008516
5	3	0.007002
8	8	0.003842
8	8	0.003499
7	7	0.003551
9	9	0.003514
9	9	0.003833
10	10	0.003931
5	5	0.003687
5	5	0.003562
5	5	0.003393
5	5	0.004286
11	10	0.007852
9	5	0.008804
5	3	0.007409
5	3	0.006939
8	7	0.008044
7	1	0.007847
7	5	0.008101
5	3	0.008104
11	11	0.003885
10	10	0.003796
7	1	0.007735
10	10	0.004489
12	11	0.007929
11	11	0.004425
11	11	0.003656
11	11	0.003595
8	8	0.003568
16	15	0.007993
6	6	0.003914
7	6	0.007260
9	1	0.008740
8	8	0.003856
6	5	0.007612
12	11	0.007576
6	5	0.007016
6	5	0.007248
5	5	0.003692
26	22	0.008379
26	26	0.003795
34	34	0.004946
11	11	0.004037
22	22	0.003874
10	10	0.003541
21	21	0.004683
9	9	0.004293
10	10	0.004389
23	23	0.003965
10	10	0.003523
21	21	0.003827
9	9	0.004617
9	9	0.003975
9	9	0.003544
10	10	0.003528
9	9	0.003534
9	7	0.008558
9	9	0.003879
9	9	0.003990
9	9	0.003888
7	5	0.008499
8	8	0.003936
8	8	0.003497
9	9	0.003724
10	10	0.003733
10	10	0.003615
10	10	0.003560
7	7	0.003474
21	19	0.009468
5	1	0.006658
5	3	0.006756
11	11	0.003615
11	11	0.003564
7	7	0.003938
8	4	0.006835
10	10	0.003528
8	8	0.004197
28	27	0.008612
8	8	0.003683
10	8	0.008124
6	5	0.007706
8	8	0.004688
9	9	0.004947
8	8	0.003542
10	10	0.003678
11	10	0.007107
18	17	0.007871
9	9	0.004539
17	1	0.007772
11	11	0.003773
10	10	0.003560
9	9	0.003457
9	9	0.004381
9	7	0.008059
9	9	0.003766
9	9	0.003495
9	9	0.004338
7	7	0.003836
8	8	0.003586
8	8	0.003533
5	5	0.003435
5	5	0.003688
5	5	0.004278
6	5	0.009531
7	7	0.003717
7	7	0.003493
5	5	0.003473
9	9	0.003505
9	9	0.003494
8	8	0.003568
8	7	0.007542
7	5	0.007569
7	5	0.007435
7	7	0.004012
8	8	0.003845
6	5	0.007441
7	7	0.003856
8	8	0.003755
11	11	0.003840
6	6	0.003650
6	5	0.007946
5	5	0.003726
5	5	0.003704
7	7	0.003680
9	9	0.003771
7	7	0.003705
8	5	0.007723
7	7	0.003858
7	7	0.003701
5	3	0.007896
5	3	0.007816
5	3	0.007927
5	1	0.007831
5	3	0.007884
11	11	0.003965
8	1	0.008020
8	1	0.008767
7	7	0.003874
8	1	0.007839
20	19	0.008715
5	5	0.004518
5	5	0.003779
6	5	0.007462
6	3	0.007650
11	9	0.007781
6	6	0.003966
5	5	0.003776
7	6	0.007947
7	7	0.003734
5	5	0.003653
6	6	0.003802
6	6	0.003757
15	14	0.008296
11	10	0.007565
9	9	0.003802
5	3	0.007759
5	3	0.009089
5	1	0.007704
6	1	0.008393
11	11	0.004330
7	7	0.004117
7	7	0.004153
6	3	0.008535
7	7	0.004718
7	7	0.003931
5	5	0.003709
6	5	0.008056
9	8	0.008614
9	9	0.004126
8	5	0.007930
6	5	0.008929
8	5	0.008914
6	3	0.008758
6	5	0.008273
9	9	0.003908
8	7	0.008874
5	1	0.008782
5	3	0.008413
5	3	0.008291
6	1	0.007901
5	3	0.007357
13	10	0.007255
11	11	0.003652
11	11	0.003586
7	7	0.004100
10	5	0.007933
6	6	0.003523
6	5	0.007425
6	5	0.008993
9	8	0.007951
31	6	0.008816
6	6	0.003517
9	9	0.003714
9	9	0.003580
9	9	0.003842
6	1	0.007727
5	1	0.007207
11	11	0.003730
7	5	0.007894
7	7	0.004006
6	3	0.007194
11	11	0.003754
9	9	0.004167
9	9	0.004281
6	3	0.007456
6	5	0.007443
6	5	0.006937
9	5	0.007251
8	8	0.003517
9	5	0.007504
12	12	0.004103
9	9	0.004024
8	8	0.003536
8	8	0.003598
14	14	0.004353
10	10	0.003796
9	5	0.008780
10	10	0.004179
15	15	0.004068
9	5	0.008991
16	15	0.008362
12	12	0.003632
10	10	0.003954
21	17	0.009920
14	14	0.003653
9	9	0.003589
12	12	0.004387
11	11	0.004032
10	10	0.003547
9	9	0.003560
10	10	0.003624
10	10	0.003836
10	10	0.004264
12	12	0.004589
9	9	0.003685
9	9	0.003470
9	9	0.003522
9	9	0.003528
9	8	0.009449
9	9	0.003833
9	9	0.003724
9	9	0.003709
9	1	0.007405
9	7	0.007574
12	12	0.004256
9	9	0.004185
9	9	0.003936
9	9	0.004040
12	12	0.004160
9	9	0.004055
9	7	0.009178
9	9	0.005196
12	12	0.004373
10	10	0.003889
10	10	0.004102
22	21	0.008607
27	27	0.004095
12	12	0.003797
9	8	0.007907
9	9	0.003801
9	9	0.003756
9	9	0.004062
7	5	0.009233
9	9	0.004764
8	8	0.004103
8	8	0.003823
8	8	0.004679
9	9	0.004237
8	7	0.007995
7	6	0.009804
10	10	0.004071
10	10	0.004039
12	12	0.003840
12	12	0.003897
14	14	0.003925
9	9	0.003819
12	12	0.003791
7	7	0.003666
7	6	0.007285
12	12	0.003867
7	7	0.003820
5	3	0.007923
6	1	0.007741
6	1	0.008323
6	1	0.008119
6	1	0.008599
6	1	0.007221
9	9	0.003796
10	10	0.004256
8	1	0.007401
25	25	0.004558
25	25	0.004527
8	8	0.004466
8	8	0.004586
8	8	0.003703
9	9	0.003607
6	5	0.007215
6	5	0.008006
6	6	0.004158
9	9	0.004700
9	9	0.004206
9	8	0.008143
5	5	0.003864
5	5	0.003803
14	14	0.004233
12	12	0.003801
5	5	0.003693
6	5	0.008018
7	7	0.003795
6	5	0.007375
6	5	0.007893
5	5	0.003690
9	1	0.008836
9	1	0.008672
9	1	0.007998
9	1	0.008028
9	1	0.007763
9	1	0.008859
23	1	0.008924
9	1	0.007642
6	1	0.007282
6	1	0.007546
6	1	0.007271
14	1	0.007618
11	1	0.007570
7	1	0.007510
22	1	0.007621
9	1	0.008469
6	1	0.007928
6	1	0.007669
27	25	0.010254
10	8	0.008098
9	7	0.007880
9	1	0.007746
9	7	0.007981
9	7	0.008877
7	5	0.008315
5	3	0.008532
6	1	0.007702
7	5	0.007985
8	5	0.009091
11	9	0.008479
11	9	0.007820
11	9	0.007525
10	8	0.008485
27	25	0.009005
25	23	0.008844
11	9	0.009162
11	9	0.007881
8	6	0.007780
7	5	0.007373
6	4	0.007642
6	4	0.007566
8	6	0.006961
9	7	0.009506
6	3	0.008022
5	2	0.007716
5	3	0.007263
5	2	0.007435
6	3	0.007126
6	3	0.009042
6	3	0.007507
6	4	0.006976
7	5	0.007511
7	3	0.007327
5	2	0.008809
9	9	0.005096
9	9	0.004877
9	9	0.004022
9	1	0.007976
9	7	0.008425
9	9	0.005030
9	9	0.005177
10	1	0.008120
13	13	0.003993
11	10	0.009728
6	1	0.007390
8	1	0.010857
5	1	0.008732
6	1	0.007372
11	11	0.003919
11	11	0.004808
7	3	0.007908
6	5	0.008228
6	5	0.008560
6	5	0.007699
5	5	0.004031
5	5	0.004008
6	5	0.007802
6	5	0.007452
6	1	0.007703
5	5	0.003977
5	3	0.007615
6	1	0.008735
6	1	0.007406
7	1	0.007730
7	7	0.004983
7	6	0.008995
11	11	0.004143
6	5	0.007356
6	5	0.007626
5	5	0.004028
6	6	0.004037
6	5	0.008178
6	5	0.008820
6	5	0.008009
10	9	0.008181
9	9	0.004255
6	1	0.007308
8	8	0.004316
15	12	0.009385
20	18	0.008762
11	11	0.004239
7	7	0.004013
7	7	0.004061
8	8	0.004047
18	18	0.004223
9	9	0.004019
9	9	0.004037
13	9	0.007579
13	12	0.009077
10	9	0.008429
5	3	0.008169
6	1	0.008805
7	5	0.008254
6	1	0.007707
6	1	0.007646
6	1	0.007277
6	1	0.007680
6	4	0.007913
5	3	0.007894
11	10	0.008388
11	10	0.008470
6	5	0.008096
6	5	0.007974
6	5	0.009036
6	5	0.008519
10	10	0.004246
8	8	0.004499
6	5	0.010321
5	5	0.004044
5	5	0.003978
5	5	0.003801
6	5	0.007721
6	6	0.004257
5	5	0.004087
9	9	0.004051
9	9	0.003998
11	11	0.004179
9	9	0.003931
7	5	0.008075
8	8	0.003914
5	5	0.003979
9	9	0.004085
9	9	0.004020
11	10	0.008168
6	3	0.007907
5	5	0.004038
6	5	0.009674
5	5	0.004445
5	5	0.004024
14	11	0.009325
24	24	0.004474
11	10	0.008348
30	29	0.009194
9	9	0.004144
9	1	0.008717
9	9	0.004491
9	9	0.004061
5	3	0.008897
5	1	0.009062
6	1	0.008416
11	11	0.005129
11	11	0.004255
7	7	0.004140
7	1	0.007189
33	33	0.005253
7	7	0.004715
14	11	0.009553
6	6	0.004672
11	11	0.004849
9	9	0.004059
5	5	0.004010
9	7	0.008188
8	8	0.003987
9	9	0.004051
8	8	0.004014
16	16	0.004444
7	3	0.008918
13	12	0.008461
13	12	0.008305
11	9	0.008285
9	9	0.004102
7	5	0.008208
7	7	0.004007
9	9	0.004038
9	9	0.004024
7	7	0.004066
7	7	0.003985
7	7	0.004868
6	6	0.004982
7	5	0.009411
6	5	0.008067
9	9	0.004205
7	5	0.008219
7	5	0.009677
12	12	0.004309
14	14	0.004242
12	12	0.004114
8	1	0.007493
5	5	0.004010
7	7	0.004003
6	5	0.007911
6	5	0.007898
8	7	0.007986
7	7	0.004031
7	7	0.004014
7	7	0.004011
9	9	0.004040
8	5	0.009269
7	7	0.004313
7	7	0.004101
7	1	0.007625
7	7	0.004161
8	7	0.008042
8	7	0.007973
6	5	0.007882
6	5	0.007815
5	5	0.003923
5	5	0.003952
6	5	0.007973
18	5	0.008894
6	5	0.008039
6	5	0.007870
5	5	0.003946
5	5	0.003913
7	7	0.004023
5	5	0.003904
23	23	0.004269
16	8	0.008547
19	19	0.004204
12	9	0.008186
9	5	0.007947
14	11	0.009565
10	7	0.008721
12	12	0.003898
8	5	0.007494
7	7	0.003805
10	10	0.003831
7	7	0.004652
17	16	0.008304
9	8	0.007827
8	8	0.004805
8	7	0.007944
12	10	0.008856
10	10	0.004018
7	7	0.004379
10	8	0.009017
11	11	0.004441
10	10	0.004152
7	7	0.004026
11	11	0.004232
11	11	0.004065
7	7	0.004080
7	7	0.003999
7	5	0.007998
30	21	0.008642
37	15	0.008500
35	35	0.005470
13	13	0.003746
13	13	0.003508
10	10	0.003502
20	18	0.009427
27	22	0.008611
17	13	0.007785
28	26	0.008231
30	28	0.008700
26	24	0.008656
22	22	0.004028
17	17	0.003900
17	15	0.007900
17	17	0.004149
16	14	0.007952
20	20	0.004029
25	21	0.009394
24	23	0.009605
14	14	0.005315
16	16	0.005291
18	15	0.008014
38	37	0.010793
15	11	0.009548
12	10	0.008508
13	12	0.008282
13	11	0.008274
15	14	0.008154
18	14	0.008145
18	16	0.007997
16	9	0.008028
29	23	0.008602
24	22	0.008496
25	23	0.008598
24	22	0.010155
24	22	0.008651
29	23	0.009980
25	23	0.010021
11	11	0.003855
13	11	0.007911
9	9	0.004107
9	9	0.003752
14	11	0.008719
12	11	0.007691
10	10	0.004059
11	10	0.008163
15	13	0.008217
13	10	0.008892
10	8	0.008030
10	10	0.004194
15	14	0.009267
17	16	0.009425
17	12	0.008564
25	24	0.009069
16	13	0.009510
13	10	0.008197
12	9	0.009173
13	10	0.008207
18	18	0.003987
25	23	0.009091
10	10	0.004122
8	8	0.004071
15	9	0.008137
12	12	0.004120
17	16	0.008466
10	10	0.003746
11	11	0.003789
10	10	0.003514
8	8	0.004234
10	10	0.004753
10	10	0.003887
10	9	0.008308
12	12	0.004295
7	7	0.003469
11	10	0.007532
7	5	0.008066
12	12	0.004093
9	9	0.004547
8	6	0.008262
8	5	0.008003
8	8	0.003481
11	9	0.007982
12	12	0.004196
18	18	0.004643
12	10	0.008318
10	9	0.007908
12	11	0.007608
20	20	0.003730
8	8	0.003536
12	9	0.008275
9	9	0.003543
15	12	0.009944
13	12	0.008219
11	10	0.008882
11	10	0.008316
27	27	0.004429
11	10	0.009161
11	10	0.008575
11	10	0.008180
10	10	0.003787
10	10	0.003868
8	8	0.003516
18	18	0.003720
8	8	0.004635
9	9	0.003875
9	9	0.003984
9	9	0.003750
11	11	0.003866
8	8	0.004439
7	7	0.004414
12	11	0.007930
20	20	0.003868
7	7	0.004057
9	9	0.003801
10	10	0.004194
29	29	0.006040
29	29	0.004345
10	8	0.008266
30	29	0.008570
50	42	0.016536
10	10	0.004743
10	10	0.004382
11	9	0.009716
14	12	0.008824
14	12	0.007975
11	11	0.004279
6	3	0.007728
7	4	0.008403
7	6	0.009317
12	1	0.007376
9	3	0.007488
7	5	0.008071
6	3	0.007363
7	5	0.007978
10	1	0.007247
9	8	0.008209
26	23	0.009784
10	8	0.009640
11	11	0.004270
19	19	0.004495
9	9	0.004465
11	9	0.008614
11	10	0.008242
11	11	0.003870
11	11	0.003808
11	11	0.003838
9	9	0.003757
11	11	0.004190
11	11	0.004690
8	5	0.008041
16	14	0.008420
14	14	0.004137
11	11	0.004057
11	11	0.004535
11	11	0.004956
11	11	0.005525
14	10	0.008818
11	11	0.004089
9	9	0.003761
8	8	0.003824
13	13	0.003939
12	11	0.007898
12	11	0.008186
12	11	0.008132
12	11	0.008243
12	11	0.008317
17	17	0.003915
14	11	0.008855
14	11	0.013001
12	11	0.008910
12	11	0.008474
12	11	0.008604
13	11	0.008852
11	11	0.003796
7	5	0.008006
14	14	0.004868
14	14	0.004097
16	16	0.004069
8	8	0.003847
8	8	0.003795
12	12	0.003862
9	5	0.007481
16	14	0.008611
8	5	0.008233
8	5	0.009299
9	9	0.003852
7	7	0.004033
8	8	0.004725
21	15	0.009603
9	8	0.009226
17	14	0.009818
20	18	0.008147
8	3	0.012694
8	3	0.012041
6	5	0.009531
6	5	0.008143
6	6	0.003958
6	6	0.004380
6	6	0.004834
6	6	0.004199
6	6	0.004684
7	7	0.004370
6	6	0.004621
6	6	0.004196
6	6	0.004638
7	7	0.004140
6	6	0.004750
11	11	0.003966
6	6	0.004082
6	6	0.003822
10	10	0.004006
6	6	0.004134
6	6	0.004022
6	6	0.004095
6	6	0.004666
11	11	0.004084
7	7	0.003741
6	6	0.003627
7	7	0.003739
6	6	0.003747
6	6	0.004016
7	7	0.003686
16	16	0.003955
6	6	0.004129
6	6	0.004285
13	10	0.010869
7	7	0.004149
6	6	0.004137
7	7	0.003748
7	7	0.003748
6	6	0.003826
6	6	0.003758
7	7	0.003765
7	7	0.003705
6	6	0.004020
7	7	0.003700
6	6	0.004065
7	7	0.004690
6	6	0.004096
7	7	0.004046
7	7	0.003802
6	6	0.003959
20	17	0.008903
23	21	0.008535
15	14	0.008372
15	13	0.008155
23	22	0.009814
15	15	0.004072
20	20	0.004046
14	14	0.003980
14	14	0.004262
14	11	0.009877
13	13	0.004296
10	10	0.004046
10	5	0.008023
12	12	0.003813
17	15	0.008637
31	31	0.004926
22	22	0.005249
17	17	0.004413
17	15	0.007937
20	19	0.008344
26	21	0.008700
24	21	0.008611
18	18	0.004325
17	17	0.004283
25	24	0.010740
27	27	0.004452
17	17	0.003880
30	26	0.009859
18	14	0.008136
21	20	0.008808
24	22	0.008457
25	23	0.008615
25	23	0.008996
20	19	0.009072
18	16	0.007749
21	18	0.008474
31	28	0.008674
11	11	0.003486
11	9	0.007690
24	22	0.008631
9	9	0.003685
16	16	0.004369
11	11	0.003913
12	11	0.008673
21	11	0.009459
25	19	0.008544
8	8	0.003437
29	27	0.008404
16	15	0.009242
14	12	0.007988
21	1	0.008187
40	39	0.009224
18	18	0.004332
11	11	0.004196
11	11	0.003883
12	10	0.008309
17	17	0.003976
9	9	0.004720
9	8	0.008098
8	8	0.003448
15	15	0.004270
9	9	0.004048
9	9	0.003451
12	11	0.008113
9	9	0.004072
26	16	0.008977
12	11	0.007622
12	11	0.008118
12	11	0.009428
12	11	0.009809
12	11	0.009679
23	23	0.004464
14	11	0.010216
19	19	0.003948
12	11	0.008402
12	11	0.008251
12	11	0.007594
11	11	0.003506
8	8	0.003772
15	12	0.008667
17	17	0.004375
7	7	0.003744
8	7	0.008060
7	7	0.004130
8	8	0.005068
13	10	0.010119
10	10	0.005288
23	16	0.011648
21	21	0.004810
33	33	0.005038
14	14	0.004577
14	11	0.009946
12	12	0.005143
11	11	0.004340
11	11	0.004259
24	24	0.004900
12	10	0.010101
27	25	0.009984
25	21	0.011518
17	13	0.009874
13	10	0.009219
25	23	0.009519
26	24	0.010294
22	20	0.010093
17	17	0.004822
17	17	0.004671
20	20	0.004566
15	15	0.005356
15	1	0.009587
15	13	0.008556
14	12	0.009165
20	20	0.004471
13	11	0.008839
10	10	0.004441
18	14	0.008992
24	22	0.009481
25	23	0.009229
25	23	0.010871
27	27	0.005018
25	23	0.009641
22	18	0.009112
24	24	0.004467
20	18	0.011082
13	11	0.009826
11	11	0.003898
10	9	0.008543
9	8	0.008586
12	10	0.009351
12	10	0.010063
11	1	0.012054
20	20	0.005353
12	1	0.008417
11	1	0.007536
8	3	0.007728
15	9	0.009043
13	3	0.008154
17	12	0.009862
12	9	0.009013
11	10	0.009185
10	9	0.009952
8	7	0.009192
7	6	0.009758
6	5	0.007877
6	5	0.007944
6	3	0.007364
7	6	0.009195
13	11	0.008155
7	6	0.010989
7	6	0.009369
6	3	0.008356
29	28	0.009061
11	10	0.008381
23	22	0.009916
7	6	0.010529
7	6	0.009832
21	20	0.010112
50	47	0.011190
7	6	0.010685
7	6	0.009601
6	3	0.007646
7	6	0.009947
10	9	0.010152
11	10	0.009794
11	10	0.008538
11	10	0.009615
7	6	0.009574
28	22	0.010893
6	6	0.004162
7	7	0.003862
8	8	0.003935
6	6	0.003787
17	1	0.007664
20	1	0.007715
21	1	0.008122
25	1	0.009796
12	1	0.007907
27	1	0.008255
12	1	0.008555
12	1	0.007643
12	1	0.007823
11	1	0.007576
8	1	0.007538
9	1	0.007539
9	1	0.007472
11	1	0.007532
11	1	0.007605
16	1	0.007817
11	1	0.009718
27	1	0.008215
11	1	0.007564
11	1	0.008287
10	1	0.008453
12	1	0.008469
8	1	0.008405
9	1	0.008351
11	1	0.008540
6	1	0.008458
6	1	0.008097
11	10	0.009202
11	10	0.009043
15	10	0.009275
7	6	0.010670
11	10	0.010209
6	5	0.008860
7	3	0.008939
7	3	0.009165
7	6	0.010325
7	6	0.010200
20	17	0.010320
6	5	0.009304
8	7	0.009894
11	10	0.009319
10	9	0.008999
11	10	0.009209
11	10	0.009027
8	7	0.009252
7	6	0.010317
7	6	0.010187
6	5	0.010215
6	3	0.008993
11	8	0.009614
7	6	0.011516
14	13	0.010556
21	20	0.012530
22	20	0.009605
22	15	0.009533
29	27	0.010113
29	29	0.004939
20	19	0.009530
12	11	0.009079
12	11	0.010151
14	11	0.009790
39	29	0.017324
21	21	0.005075
17	1	0.008133
23	23	0.004216
23	23	0.004174
23	23	0.004296
17	10	0.008693
25	19	0.009240
17	17	0.005853
17	17	0.004408
26	26	0.004285
25	20	0.008241
29	26	0.009682
25	23	0.008434
16	15	0.008478
10	8	0.007539
29	23	0.008554
30	30	0.004425
14	11	0.007653
23	23	0.004730
31	31	0.005701
27	27	0.004501
25	25	0.004353
27	27	0.004401
27	26	0.008888
27	27	0.004346
27	27	0.004613
27	27	0.004863
27	27	0.004839
25	25	0.004731
25	25	0.006143
25	25	0.004868
25	25	0.004355
29	27	0.008859
29	27	0.008673
24	23	0.008701
23	20	0.008768
24	24	0.004369
22	22	0.005207
25	17	0.009033
24	18	0.008961
25	25	0.005370
24	24	0.004512
25	25	0.004383
26	26	0.004760
27	27	0.005070
14	10	0.008453
15	11	0.007935
27	27	0.004442
31	30	0.008913
27	27	0.004289
17	17	0.004243
24	24	0.004240
18	14	0.008276
27	27	0.004788
26	24	0.009857
25	25	0.004467
27	23	0.008815
27	23	0.010629
25	25	0.005192
33	26	0.009019
31	21	0.008723
31	31	0.004610
30	28	0.009183
21	21	0.005346
30	30	0.004665
15	15	0.004235
25	25	0.004448
23	22	0.009788
14	14	0.005691
26	21	0.009740
17	17	0.004584
29	27	0.010205
20	20	0.004750
23	23	0.004815
23	23	0.004570
26	21	0.009655
20	20	0.004793
25	25	0.004513
25	23	0.009455
17	11	0.009119
22	19	0.009914
12	11	0.008727
12	11	0.007766
18	14	0.009632
18	12	0.008383
29	27	0.008336
14	14	0.003876
14	14	0.004395
14	11	0.009846
27	26	0.009490
18	15	0.008577
17	16	0.008326
12	10	0.008334
26	26	0.004766
23	22	0.009666
24	24	0.004799
24	20	0.009787
23	21	0.010958
26	26	0.004562
13	13	0.004635
26	22	0.011185
32	30	0.010550
28	25	0.010402
28	26	0.009401
28	26	0.009184
28	24	0.009917
28	26	0.009863
28	26	0.009742
28	26	0.010048
13	13	0.004703
13	12	0.009154
11	11	0.004584
29	25	0.009606
12	10	0.010068
25	25	0.005061
27	24	0.008685
25	23	0.008975
27	23	0.010899
26	18	0.008781
12	11	0.009429
12	11	0.009385
31	30	0.011635
10	10	0.005287
13	11	0.009536
25	23	0.009520
16	14	0.009927
32	1	0.009335
33	33	0.004875
26	22	0.010043
26	21	0.008789
13	10	0.009625
24	24	0.004288
17	17	0.004504
27	19	0.008938
17	17	0.004600
17	15	0.007994
17	17	0.005175
20	20	0.004671
15	15	0.004057
15	15	0.004912
24	21	0.009961
16	10	0.008594
11	11	0.003576
15	1	0.009391
26	25	0.010119
17	17	0.004014
16	14	0.008382
25	22	0.009237
15	13	0.008526
12	10	0.009448
20	20	0.004674
12	12	0.005071
13	13	0.004588
19	19	0.005338
17	1	0.008416
33	33	0.004561
14	14	0.004244
14	14	0.003903
27	27	0.004432
25	25	0.004403
27	27	0.004424
18	14	0.008117
23	23	0.004647
24	22	0.009903
25	23	0.008623
25	23	0.008314
25	23	0.011059
23	21	0.009171
20	18	0.009036
27	27	0.004487
51	49	0.009796
51	49	0.009821
28	28	0.004782
29	27	0.009956
29	27	0.009616
29	27	0.010740
29	27	0.009542
30	30	0.004724
50	48	0.012149
30	15	0.010928
21	21	0.004375
17	17	0.004323
17	17	0.004363
21	19	0.008809
17	17	0.005008
34	32	0.010249
34	32	0.010589
36	32	0.010843
33	33	0.005117
33	33	0.005877
33	33	0.005248
32	32	0.005106
23	23	0.004808
33	33	0.004789
34	26	0.010238
15	11	0.009084
14	10	0.008865
8	8	0.003933
8	6	0.008996
13	12	0.009162
13	12	0.010371
11	11	0.003579
21	16	0.008700
23	23	0.004533
25	23	0.009153
15	1	0.007753
38	35	0.010169
11	11	0.004931
27	25	0.009280
18	18	0.003961
27	22	0.012843
26	21	0.009983
21	21	0.004890
21	21	0.004744
17	15	0.007983
27	27	0.004441
27	25	0.010023
27	27	0.004594
22	18	0.008611
22	21	0.009084
27	27	0.004790
25	25	0.004853
24	24	0.004824
27	27	0.005314
25	25	0.005838
27	27	0.005116
21	21	0.004819
23	23	0.004811
25	25	0.004427
30	28	0.009191
26	26	0.004911
35	35	0.005027
35	33	0.009207
35	27	0.009635
21	21	0.005689
14	14	0.004641
12	11	0.008513
12	11	0.008615
14	11	0.009630
19	13	0.008595
33	33	0.005024
11	11	0.004442
11	11	0.004335
20	17	0.010793
29	25	0.010599
14	9	0.009647
13	9	0.009260
17	14	0.009542
19	14	0.009044
13	10	0.009299
29	24	0.009047
17	12	0.008433
16	9	0.008163
23	20	0.009231
17	14	0.008713
16	13	0.008343
14	9	0.008128
14	9	0.008136
15	12	0.008175
29	24	0.008813
24	21	0.009539
24	21	0.010811
25	22	0.008922
24	20	0.009076
25	22	0.009758
22	17	0.008759
15	12	0.008914
15	12	0.009107
16	9	0.009060
13	10	0.008958
17	14	0.008439
10	7	0.008878
21	18	0.009350
11	11	0.003787
10	8	0.007788
26	18	0.008571
16	16	0.004760
22	21	0.010019
9	5	0.008858
15	14	0.009532
15	14	0.010465
9	9	0.004238
9	9	0.004236
11	11	0.004263
9	9	0.004194
20	1	0.012791
23	1	0.013323
15	15	0.004493
15	14	0.010811
15	8	0.013960
14	13	0.009199
26	21	0.009259
9	9	0.004226
9	9	0.004153
8	8	0.004140
26	20	0.008819
8	8	0.004163
17	17	0.004634
21	15	0.010430
21	17	0.010125
25	23	0.010083
17	13	0.010177
23	23	0.004721
26	21	0.009118
16	16	0.004406
27	25	0.009301
27	25	0.009585
25	23	0.011045
24	22	0.009720
16	11	0.009166
29	24	0.009231
25	23	0.009649
31	27	0.009732
30	27	0.009665
14	12	0.010237
17	17	0.004871
16	16	0.004763
12	11	0.009337
24	24	0.004753
16	16	0.004714
11	10	0.009138
11	11	0.004182
11	11	0.004288
10	9	0.010758
25	21	0.009817
10	10	0.004207
11	10	0.008838
8	4	0.009350
9	7	0.009106
9	7	0.008486
9	7	0.007977
18	16	0.008516
12	9	0.008040
12	9	0.009891
12	9	0.008331
16	9	0.008316
11	9	0.007555
9	7	0.009616
8	3	0.007477
9	7	0.008254
8	6	0.008045
19	17	0.007927
8	6	0.008001
8	6	0.008304
8	6	0.008986
11	9	0.009036
8	6	0.009328
12	9	0.008797
9	3	0.008386
12	9	0.007656
17	15	0.008664
8	6	0.008983
17	14	0.008108
12	1	0.007651
11	1	0.007278
12	7	0.007521
11	7	0.007184
15	11	0.007459
9	5	0.006893
19	14	0.007831
11	7	0.007417
11	7	0.007208
17	12	0.008406
12	7	0.007840
21	16	0.008041
12	7	0.008704
26	20	0.007631
15	9	0.007173
12	7	0.008300
25	21	0.007510
25	21	0.007430
23	19	0.007339
18	12	0.007236
11	7	0.006484
9	5	0.006495
9	5	0.007261
7	2	0.007131
12	9	0.007164
12	9	0.007178
8	6	0.008715
12	9	0.006972
12	9	0.006765
12	9	0.006715
13	10	0.006693
12	9	0.006683
14	9	0.008092
11	9	0.008148
9	7	0.008544
8	6	0.008055
7	5	0.006917
9	7	0.007635
11	9	0.007015
7	5	0.006562
12	12	0.004316
18	18	0.003939
33	33	0.004779
33	33	0.004672
33	33	0.003970
20	20	0.003528
14	14	0.003208
12	11	0.006347
13	12	0.006680
21	18	0.006944
21	18	0.006902
13	13	0.003122
30	29	0.007293
34	27	0.008912
20	20	0.003461
29	27	0.007583
21	21	0.003507
21	21	0.003522
21	21	0.003680
19	19	0.003729
38	38	0.005156
14	14	0.003749
14	14	0.003434
14	14	0.003669
14	14	0.003880
14	14	0.004508
21	21	0.003659
17	17	0.003515
16	14	0.007299
17	14	0.007273
15	15	0.003406
15	15	0.003348
14	11	0.007735
14	11	0.008555
14	11	0.008483
14	11	0.008017
14	11	0.008122
14	11	0.008756
12	11	0.007024
17	14	0.007163
21	21	0.003481
21	21	0.003506
14	14	0.003867
17	14	0.007978
14	9	0.008774
12	12	0.004685
33	33	0.005556
25	22	0.008511
16	14	0.007749
13	11	0.007680
17	17	0.003720
17	17	0.004045
18	13	0.007684
33	33	0.004199
33	33	0.004199
31	31	0.004176
14	11	0.007954
14	11	0.007973
11	11	0.003552
17	11	0.008492
26	26	0.005067
21	21	0.003948
20	20	0.003788
22	21	0.007629
21	14	0.007301
21	21	0.003725
10	10	0.003514
11	10	0.007647
11	11	0.003552
11	11	0.003522
11	11	0.003572
27	27	0.004451
11	11	0.004840
11	11	0.004099
11	11	0.004050
30	30	0.005154
20	20	0.004107
24	23	0.008011
16	9	0.007671
14	10	0.007460
29	27	0.008709
27	27	0.005624
27	27	0.004517
30	30	0.004513
27	27	0.004430
25	25	0.004388
27	27	0.004666
23	20	0.009805
25	25	0.004839
25	24	0.010847
27	26	0.009102
26	26	0.004477
11	11	0.004166
11	11	0.004414
22	19	0.009512
23	19	0.010214
11	11	0.004121
11	11	0.004140
13	6	0.009333
23	23	0.004318
15	15	0.004228
13	13	0.004158
10	10	0.004471
13	12	0.009214
38	37	0.009126
12	9	0.009302
18	12	0.008265
17	17	0.004071
21	20	0.008571
17	12	0.008398
38	34	0.010619
33	33	0.004708
33	33	0.004514
33	33	0.004502
13	13	0.003869
41	40	0.009339
14	13	0.009268
17	17	0.004703
15	15	0.004282
15	13	0.008509
14	14	0.003890
21	21	0.004075
14	9	0.008568
34	32	0.009080
12	11	0.008488
26	1	0.011829
12	9	0.007864
21	20	0.008082
17	11	0.009759
14	14	0.005039
17	14	0.008782
14	9	0.008543
20	20	0.005047
19	19	0.004189
14	14	0.004272
18	14	0.009435
14	9	0.009132
12	12	0.003958
11	11	0.003840
12	11	0.008185
12	11	0.008224
20	20	0.003993
30	30	0.004439
37	29	0.010267
17	14	0.008374
14	8	0.010190
14	9	0.008694
12	11	0.008406
25	25	0.004197
29	27	0.009366
20	20	0.004472
20	20	0.004315
17	17	0.004665
34	33	0.010335
39	35	0.009646
31	31	0.004588
14	10	0.008341
19	15	0.008454
34	32	0.010514
12	12	0.005217
14	10	0.009444
16	10	0.008264
13	13	0.004129
51	47	0.010637
29	27	0.009893
16	13	0.008423
17	9	0.008254
18	13	0.008426
29	25	0.008818
35	35	0.004815
33	33	0.005430
15	11	0.008233
14	14	0.003879
14	10	0.014204
17	17	0.003959
22	20	0.008552
38	38	0.004593
33	33	0.005471
33	33	0.004960
11	10	0.007932
11	10	0.009494
11	10	0.008793
11	10	0.007864
11	10	0.009654
11	10	0.008524
11	10	0.008652
11	10	0.008486
11	10	0.009343
11	10	0.009279
11	10	0.008664
11	10	0.008522
11	10	0.009029
11	10	0.010320
17	17	0.004066
33	33	0.005582
33	33	0.005028
13	13	0.003942
15	10	0.008204
12	10	0.009862
14	14	0.004383
14	14	0.004617
14	10	0.013812
14	10	0.013817
12	8	0.009034
33	33	0.006014
19	19	0.004530
14	14	0.004732
34	33	0.009205
17	17	0.003897
14	12	0.009300
12	10	0.009630
14	10	0.007820
19	19	0.004206
19	19	0.004035
14	14	0.004262
14	8	0.013127
14	8	0.008616
14	8	0.008564
29	27	0.008983
18	13	0.008230
33	33	0.004756
27	27	0.005851
11	11	0.004757
11	11	0.004723
11	10	0.008889
11	10	0.008447
11	10	0.008324
11	10	0.008172
11	10	0.008639
11	10	0.008876
11	11	0.003784
11	11	0.003797
11	11	0.003811
11	11	0.003831
11	11	0.004061
11	11	0.004513
11	11	0.004594
11	11	0.004541
11	11	0.004195
11	11	0.004199
11	11	0.004622
11	11	0.005243
11	11	0.004385
11	11	0.004295
11	11	0.004253
11	10	0.010436
11	11	0.004260
11	11	0.005147
11	11	0.004589
11	11	0.004268
11	10	0.008709
11	11	0.003912
11	11	0.004034
11	11	0.004221
20	20	0.004483
14	1	0.014823
14	1	0.014298
10	10	0.005580
10	10	0.005162
10	9	0.010576
10	10	0.004687
10	10	0.005315
10	10	0.004811
10	10	0.005270
10	10	0.004615
10	10	0.004415
10	10	0.004354
10	8	0.010145
12	10	0.008827
25	23	0.009894
10	10	0.004142
10	10	0.004277
10	10	0.004192
10	10	0.004201
17	17	0.004295
21	21	0.004449
19	19	0.004185
14	14	0.003911
14	13	0.008265
17	14	0.009625
14	1	0.012229
11	11	0.003827
20	20	0.004176
11	11	0.004267
11	11	0.004336
11	11	0.003981
11	10	0.009056
12	1	0.011814
11	11	0.003794
11	11	0.004712
11	11	0.004205
11	1	0.007631
11	11	0.003823
11	11	0.003842
11	11	0.003804
11	11	0.003859
26	23	0.009371
29	27	0.009930
29	27	0.009250
26	22	0.009640
29	27	0.009710
17	17	0.004380
17	17	0.004703
17	17	0.005849
17	17	0.004348
35	29	0.011144
12	12	0.004267
21	21	0.005068
21	21	0.005084
14	14	0.004980
14	14	0.005639
14	10	0.009349
14	10	0.009098
18	15	0.010369
39	38	0.010502
33	33	0.006122
33	33	0.005547
31	31	0.005038
19	15	0.008518
19	19	0.004362
34	32	0.011524
14	14	0.004696
14	1	0.014392
13	13	0.004283
11	11	0.004282
10	10	0.004615
10	10	0.005154
11	11	0.004361
13	13	0.004306
10	10	0.004662
10	10	0.004262
11	11	0.004585
11	11	0.004273
11	11	0.004218
16	15	0.009288
10	10	0.004278
10	10	0.004569
12	12	0.004497
11	11	0.004429
11	11	0.005141
14	10	0.010156
11	11	0.004698
10	10	0.004276
10	10	0.004215
9	9	0.004240
21	13	0.010707
11	11	0.004290
21	18	0.009328
20	17	0.009263
14	9	0.009047
20	17	0.009409
8	3	0.008688
23	19	0.009121
17	14	0.008224
25	22	0.009548
15	12	0.008516
18	15	0.008266
14	11	0.009575
13	10	0.008829
13	10	0.009286
14	11	0.009616
24	21	0.011684
24	21	0.009237
25	22	0.011409
25	22	0.008803
18	15	0.008520
20	17	0.008645
14	9	0.009052
13	10	0.009633
15	14	0.008324
18	15	0.008315
14	11	0.008982
10	7	0.009979
13	9	0.008939
18	15	0.008978
11	11	0.004774
11	11	0.004227
11	11	0.003955
28	26	0.009290
15	15	0.004582
9	9	0.004591
9	9	0.004191
33	31	0.009358
23	20	0.009533
26	23	0.009489
17	14	0.009464
20	17	0.008507
14	11	0.009120
13	9	0.009800
17	17	0.004020
13	13	0.004373
28	1	0.009719
19	1	0.008012
22	1	0.007861
23	1	0.008500
15	1	0.008418
33	1	0.009050
18	1	0.008959
21	1	0.008444
16	1	0.008830
27	1	0.008437
25	1	0.008789
24	1	0.009300
25	1	0.008625
25	1	0.008618
25	1	0.008678
25	1	0.008598
22	1	0.008473
30	1	0.008540
22	1	0.008472
17	1	0.008497
17	14	0.009151
9	6	0.010231
27	25	0.009329
11	11	0.004212
18	1	0.008384
13	13	0.004260
12	12	0.004249
13	12	0.008606
25	24	0.009686
11	9	0.008698
15	15	0.004286
15	13	0.008809
21	19	0.009373
11	11	0.004193
11	11	0.004216
9	9	0.004134
22	20	0.010672
13	9	0.008997
17	14	0.008362
25	18	0.009537
24	18	0.009459
14	11	0.009356
31	28	0.009848
17	14	0.009098
27	22	0.009555
23	18	0.009302
16	11	0.009495
31	23	0.011254
13	8	0.008931
25	20	0.009386
18	11	0.008872
24	19	0.009421
25	20	0.010893
25	20	0.009901
22	17	0.009331
20	14	0.008956
20	15	0.008713
18	13	0.008723
27	22	0.010882
13	8	0.008470
25	22	0.009621
11	11	0.004247
23	21	0.009319
11	11	0.004306
11	9	0.008803
9	9	0.004304
19	18	0.008916
15	1	0.013344
14	14	0.004262
25	25	0.005501
9	9	0.004234
9	9	0.004152
13	12	0.009128
13	10	0.008528
13	13	0.004932
15	14	0.010217
23	20	0.009503
17	14	0.010833
20	17	0.010568
26	16	0.009898
15	12	0.009311
11	7	0.010252
10	7	0.009119
17	14	0.009391
25	22	0.009556
25	1	0.008645
25	1	0.008471
13	1	0.008400
13	9	0.008970
31	22	0.009487
30	25	0.011099
12	9	0.010658
25	22	0.009932
24	21	0.010602
31	27	0.009231
25	22	0.009730
28	25	0.009697
22	18	0.010373
13	10	0.008179
26	23	0.009728
17	14	0.008681
13	10	0.008659
13	10	0.008754
12	9	0.009692
20	20	0.004466
11	11	0.004539
11	11	0.005152
9	9	0.004926
17	17	0.005330
14	1	0.014705
17	17	0.004388
14	1	0.012656
9	9	0.004375
9	9	0.004283
9	9	0.004345
20	20	0.004386
9	8	0.008525
9	8	0.009183
9	8	0.009152
9	9	0.004195
9	9	0.004216
9	9	0.004190
9	9	0.004309
9	9	0.004206
9	9	0.004537
9	9	0.005113
30	25	0.009998
27	25	0.009399
25	25	0.004459
12	9	0.009881
23	23	0.005880
21	21	0.005250
22	21	0.010112
27	27	0.005997
27	27	0.004953
29	27	0.009970
27	27	0.004931
25	25	0.004786
23	22	0.009555
24	16	0.010452
24	24	0.004967
25	25	0.004958
27	23	0.009750
18	14	0.009248
14	14	0.004590
24	24	0.004824
9	9	0.004493
14	14	0.004237
27	18	0.008536
16	16	0.004722
23	23	0.004818
17	17	0.004673
12	12	0.004121
12	12	0.003865
22	20	0.009192
13	11	0.010670
15	14	0.009524
26	23	0.009572
11	11	0.003963
11	11	0.003850
14	9	0.014345
12	11	0.008659
9	9	0.004090
13	9	0.008098
12	11	0.007791
12	11	0.008550
12	11	0.009781
12	11	0.008691
21	21	0.004153
33	33	0.005106
14	11	0.010903
12	12	0.004479
12	11	0.009435
12	9	0.010134
12	11	0.008955
12	11	0.008418
12	12	0.003972
11	11	0.004046
9	9	0.004173
9	7	0.009012
15	11	0.009078
12	11	0.008549
12	11	0.010351
17	16	0.009744
12	11	0.009332
12	11	0.010121
12	11	0.009471
21	21	0.004554
14	11	0.010181
12	11	0.009150
12	11	0.009149
12	11	0.009084
18	17	0.009269
9	9	0.004188
9	8	0.008545
7	7	0.004266
7	7	0.004241
27	27	0.005223
17	17	0.005678
17	15	0.009853
27	23	0.009847
21	21	0.004725
21	21	0.004662
17	17	0.004600
17	13	0.010289
25	19	0.009357
22	21	0.009352
18	11	0.009322
17	16	0.010815
17	17	0.004757
14	1	0.008815
27	27	0.004920
24	22	0.009603
25	23	0.009736
27	27	0.005308
23	23	0.005731
23	23	0.005322
27	27	0.005371
26	19	0.010723
27	27	0.004914
27	27	0.005285
24	24	0.005855
25	25	0.004991
27	26	0.009847
12	9	0.009400
26	26	0.004866
13	9	0.009016
21	21	0.005195
22	22	0.004501
17	15	0.008430
14	9	0.008333
26	26	0.005015
17	17	0.005344
16	16	0.004239
20	18	0.008281
17	17	0.004140
15	15	0.004326
15	15	0.004452
18	14	0.009111
24	22	0.009876
24	22	0.010703
24	24	0.004829
25	23	0.010416
22	18	0.008305
25	23	0.008797
25	23	0.009571
24	22	0.009739
17	15	0.008892
25	23	0.010967
11	11	0.004572
12	10	0.009831
23	20	0.009022
31	31	0.005255
22	21	0.010572
27	27	0.005031
23	23	0.005775
23	23	0.005314
28	15	0.009469
17	17	0.004477
17	16	0.009006
24	24	0.004724
23	23	0.004883
27	27	0.004805
29	23	0.009563
21	21	0.004794
23	23	0.004795
27	27	0.004875
28	28	0.005420
25	25	0.005395
27	27	0.004915
18	14	0.009743
22	22	0.004903
22	22	0.004768
22	22	0.004828
21	21	0.004762
27	27	0.004766
22	21	0.009644
12	11	0.008533
12	11	0.008504
12	11	0.009084
12	11	0.008511
12	11	0.009061
12	11	0.009019
17	17	0.004370
12	11	0.009077
19	19	0.004410
11	11	0.004264
12	11	0.008515
12	11	0.009009
9	9	0.004194
15	15	0.004355
12	11	0.009030
12	11	0.009022
12	11	0.009047
12	11	0.009041
23	22	0.009554
12	11	0.009225
9	7	0.010043
12	11	0.009553
12	11	0.009391
12	11	0.009336
17	17	0.005859
12	12	0.005378
12	7	0.010586
11	11	0.005613
12	11	0.010830
12	11	0.009920
12	11	0.009701
11	11	0.004627
9	9	0.005505
12	11	0.009941
12	11	0.010307
12	11	0.010154
12	11	0.010944
12	11	0.009621
14	11	0.009757
21	20	0.009577
12	11	0.009096
27	1	0.008909
17	17	0.004576
30	28	0.009827
27	27	0.004955
23	22	0.009528
26	26	0.004743
23	23	0.004760
19	18	0.009212
28	26	0.009689
12	11	0.009160
12	9	0.009074
19	19	0.004309
25	19	0.008744
24	21	0.008934
19	1	0.009132
20	20	0.004414
20	20	0.004373
17	1	0.010007
27	27	0.004999
27	15	0.009388
17	17	0.004672
34	34	0.006019
13	13	0.004376
25	25	0.005118
27	27	0.005430
29	26	0.009980
24	24	0.004851
29	27	0.009736
25	25	0.004790
23	23	0.004830
27	27	0.004750
22	21	0.010618
15	12	0.009173
25	22	0.010972
39	37	0.010897
17	17	0.004326
18	16	0.009393
13	11	0.010169
20	20	0.004844
17	17	0.004710
15	11	0.009124
20	20	0.004606
35	31	0.010079
21	18	0.010636
19	17	0.009832
11	11	0.004242
11	11	0.004359
13	11	0.008914
13	13	0.004609
18	14	0.009716
16	9	0.009487
25	23	0.009648
24	21	0.009592
24	22	0.009595
25	23	0.010666
25	23	0.010203
22	22	0.004695
20	18	0.009433
25	25	0.004736
16	14	0.011075
16	14	0.010226
24	24	0.004950
16	9	0.009184
15	13	0.008957
12	10	0.009300
17	15	0.008812
17	15	0.010287
17	17	0.004495
17	15	0.008905
17	17	0.004633
20	20	0.004711
14	11	0.008620
18	15	0.009961
17	17	0.004422
20	20	0.004724
14	14	0.004306
14	14	0.004533
13	11	0.008902
34	28	0.009951
25	23	0.009791
30	28	0.010894
22	19	0.009667
24	1	0.009251
24	22	0.009532
25	20	0.010256
25	25	0.004860
25	23	0.009591
24	20	0.009996
11	9	0.009795
13	9	0.009554
29	24	0.009932
22	21	0.009596
24	22	0.011418
23	23	0.005860
23	21	0.009696
23	19	0.010971
17	17	0.004438
27	19	0.009524
14	14	0.004348
14	12	0.009497
13	13	0.005255
13	13	0.005070
15	1	0.010141
18	18	0.004752
13	9	0.009617
25	23	0.010118
30	28	0.010250
24	22	0.009542
24	24	0.004889
31	29	0.010510
25	23	0.010136
24	21	0.011533
27	25	0.010225
11	11	0.004467
13	11	0.009421
13	11	0.009484
29	23	0.010978
30	30	0.004647
17	17	0.004646
21	21	0.004556
20	20	0.004444
14	12	0.009150
13	13	0.005809
17	17	0.005421
11	11	0.004383
13	11	0.008862
12	11	0.009168
12	10	0.011357
24	22	0.011802
25	23	0.010215
29	25	0.011688
25	25	0.006194
25	23	0.010768
23	21	0.009664
24	21	0.010337
18	11	0.009567
16	14	0.009280
29	27	0.012238
22	22	0.005921
23	23	0.004895
23	23	0.005627
23	15	0.009915
12	11	0.010569
17	1	0.009195
18	18	0.004450
22	21	0.009073
29	20	0.010268
14	12	0.013083
14	14	0.005902
24	24	0.005951
19	19	0.005407
30	27	0.010905
25	25	0.004879
27	27	0.004961
27	27	0.004791
27	27	0.004839
27	25	0.009659
25	25	0.004908
24	23	0.012297
27	26	0.009998
12	11	0.009220
23	23	0.004766
25	25	0.004482
17	15	0.009401
18	18	0.004842
16	16	0.004593
15	15	0.004619
9	7	0.008607
12	11	0.008416
12	11	0.008548
12	11	0.008524
12	11	0.008521
12	11	0.010073
12	11	0.010398
12	11	0.009872
12	11	0.009036
18	14	0.010554
14	11	0.011118
12	12	0.004856
20	20	0.005079
12	11	0.010543
19	19	0.005115
12	11	0.010521
12	11	0.010450
12	11	0.009775
13	12	0.010571
12	11	0.010413
12	12	0.004865
12	12	0.005354
11	11	0.005397
9	9	0.004944
9	9	0.004883
12	11	0.010458
12	11	0.011071
12	11	0.010635
12	11	0.010969
12	11	0.011266
17	17	0.005076
14	11	0.011244
12	12	0.004847
12	11	0.010626
12	9	0.010400
11	9	0.010866
11	11	0.005759
10	9	0.012356
12	10	0.012912
11	11	0.005774
11	11	0.005813
12	9	0.012579
12	7	0.012011
11	11	0.005690
12	11	0.011569
12	11	0.013411
12	11	0.011996
14	9	0.013629
12	11	0.011749
12	11	0.012294
11	10	0.011907
9	8	0.013117
9	9	0.005940
9	9	0.006553
9	1	0.012118
9	7	0.011847
9	9	0.006195
9	9	0.006163
23	22	0.013139
20	20	0.006165
20	20	0.006536
24	21	0.012894
24	24	0.006465
27	27	0.005960
25	25	0.005548
29	27	0.011280
14	14	0.005272
16	11	0.010523
17	17	0.005356
18	16	0.010853
14	14	0.005357
22	18	0.010837
20	20	0.005010
18	16	0.012031
17	17	0.005579
23	20	0.010215
38	32	0.011553
25	19	0.010186
30	17	0.010987
30	28	0.011931
25	19	0.012024
25	19	0.010807
27	18	0.010894
34	34	0.005503
23	23	0.005534
14	14	0.004963
23	23	0.005803
13	11	0.011765
28	26	0.011338
15	15	0.004947
26	26	0.005658
20	20	0.005035
26	21	0.010300
17	17	0.004905
30	30	0.005720
20	20	0.005095
14	11	0.010761
13	13	0.005955
13	13	0.005022
23	22	0.011852
36	35	0.011702
20	20	0.005489
26	21	0.011167
18	18	0.005080
18	18	0.004983
17	17	0.005178
20	20	0.005806
21	21	0.005205
21	15	0.011494
25	19	0.010231
12	11	0.010588
38	36	0.011806
27	20	0.011290
25	18	0.012204
26	20	0.010809
26	20	0.011752
20	18	0.010164
21	20	0.011361
21	20	0.010409
17	16	0.010031
30	27	0.011283
23	22	0.010195
25	18	0.011415
26	20	0.011154
21	20	0.010448
21	20	0.010388
12	9	0.011900
12	9	0.010011
14	9	0.010474
22	20	0.010822
15	9	0.009683
17	9	0.011368
27	25	0.012410
13	9	0.010216
17	16	0.010111
23	22	0.009364
20	19	0.010872
26	20	0.011323
18	16	0.011007
13	9	0.008745
13	9	0.009833
17	16	0.009125
17	16	0.008686
13	12	0.008445
13	12	0.008427
17	9	0.010149
17	16	0.010542
15	14	0.010456
14	13	0.009119
24	20	0.009401
27	22	0.011135
23	22	0.009608
25	18	0.010076
16	15	0.010131
27	20	0.010274
12	11	0.009796
12	11	0.008835
12	11	0.009791
12	11	0.012172
12	11	0.011726
12	11	0.008726
12	11	0.008570
22	21	0.009622
12	9	0.009602
12	9	0.010174
12	9	0.008645
12	11	0.009601
12	11	0.010381
12	11	0.009918
12	11	0.010940
12	11	0.010710
12	11	0.009596
20	19	0.009879
12	9	0.009323
12	11	0.010449
12	9	0.010677
17	16	0.010881
12	11	0.011820
12	11	0.010480
12	11	0.009280
12	9	0.009164
12	7	0.008889
27	26	0.011172
12	11	0.008998
14	13	0.011011
12	11	0.010358
12	9	0.009313
12	11	0.008945
16	15	0.010328
12	1	0.008826
12	1	0.008519
12	9	0.009378
12	11	0.011244
12	11	0.009669
24	21	0.009793
30	27	0.011045
26	20	0.010076
24	23	0.009985
27	25	0.012391
31	30	0.011694
17	16	0.010523
16	15	0.009805
16	15	0.010761
30	27	0.011237
26	25	0.009750
27	26	0.010674
16	15	0.010563
13	12	0.011501
18	17	0.011804
27	22	0.011321
25	24	0.011294
17	16	0.012058
14	13	0.010594
12	9	0.010493
14	13	0.011917
17	14	0.011226
26	25	0.011618
15	14	0.011892
14	9	0.010480
17	16	0.010828
22	21	0.011066
27	24	0.011611
15	14	0.010549
17	16	0.012982
15	14	0.010825
30	29	0.010537
16	9	0.012294
19	16	0.009885
17	16	0.009358
27	26	0.009973
26	25	0.009750
22	21	0.010793
17	16	0.009335
13	12	0.009264
23	20	0.009742
17	16	0.009424
12	11	0.009531
12	11	0.011479
12	11	0.010368
27	25	0.010105
17	16	0.010283
21	20	0.010072
12	11	0.009581
12	11	0.010708
12	11	0.011197
12	11	0.011538
12	11	0.010140
30	27	0.010871
12	11	0.010637
26	20	0.010996
21	20	0.010424
17	16	0.010058
12	11	0.009754
12	11	0.011962
12	11	0.010525
26	21	0.010936
34	33	0.012748
17	16	0.011224
12	9	0.011349
18	17	0.011484
13	9	0.010419
17	16	0.012195
13	12	0.010774
13	12	0.010527
17	16	0.012114
13	12	0.011341
23	22	0.012299
19	15	0.012115
12	11	0.011782
12	11	0.011755
12	11	0.011062
12	9	0.010706
12	11	0.011899
12	9	0.010824
12	11	0.011696
12	11	0.010015
12	11	0.010136
22	21	0.012683
22	22	0.006062
26	26	0.005673
23	23	0.005434
31	31	0.006631
30	30	0.006235
21	21	0.005191
27	25	0.012833
22	21	0.011366
19	18	0.010625
23	23	0.005549
22	22	0.004964
16	16	0.004889
17	17	0.005879
22	20	0.011326
17	17	0.004998
18	15	0.010053
14	14	0.004802
21	21	0.005146
26	26	0.005719
17	17	0.004996
17	17	0.004952
20	20	0.005388
16	15	0.012377
13	13	0.005028
13	11	0.011454
18	15	0.010194
24	21	0.010776
22	21	0.011091
20	20	0.006016
17	17	0.005026
16	16	0.004955
16	16	0.004961
22	20	0.010992
19	17	0.010753
17	17	0.005288
27	20	0.011337
13	13	0.004916
13	13	0.004823
25	22	0.011663
13	11	0.009986
13	11	0.011593
23	23	0.006027
24	21	0.010518
24	21	0.010620
18	18	0.006046
13	13	0.005127
13	13	0.004908
17	17	0.005044
13	11	0.010603
13	11	0.010519
13	11	0.010788
27	27	0.006658
17	17	0.005458
16	16	0.005019
15	11	0.011761
17	17	0.005458
13	13	0.004851
23	19	0.010601
20	20	0.005791
18	16	0.011840
18	16	0.010678
14	14	0.005087
14	14	0.005057
23	23	0.005595
14	14	0.005338
17	17	0.005453
14	14	0.005240
17	17	0.004928
30	28	0.011218
17	16	0.011746
23	23	0.005227
27	27	0.005569
31	31	0.005869
30	23	0.010654
27	25	0.011099
30	26	0.012317
27	25	0.012166
25	19	0.011024
31	26	0.011145
26	22	0.011663
18	16	0.012141
19	16	0.011905
17	17	0.005408
17	17	0.005071
20	20	0.005540
25	21	0.010509
22	18	0.010926
17	17	0.005565
17	17	0.005415
17	17	0.004955
16	16	0.004923
14	14	0.004851
18	17	0.010264
17	17	0.005041
38	38	0.005827
17	17	0.005585
17	17	0.005933
17	17	0.005323
16	16	0.005790
17	17	0.005311
17	17	0.005065
15	15	0.005101
49	46	0.012667
21	21	0.005300
21	21	0.005157
16	16	0.004928
14	14	0.004972
14	14	0.005263
44	43	0.011892
18	17	0.010118
17	14	0.010494
17	14	0.010548
34	29	0.013033
34	33	0.011659
23	23	0.005605
15	15	0.004910
18	17	0.010776
18	18	0.005000
14	14	0.004874
14	9	0.015958
15	12	0.013081
14	11	0.013049
14	11	0.013286
14	11	0.013172
14	11	0.013313
12	12	0.006143
14	14	0.005751
13	13	0.005707
12	12	0.005725
12	10	0.011802
12	12	0.006170
12	12	0.005644
23	20	0.011767
20	20	0.005159
27	25	0.011043
31	29	0.012806
24	22	0.012826
25	23	0.012843
25	23	0.012423
20	17	0.012202
18	16	0.012086
27	24	0.012967
17	15	0.012226
15	13	0.011796
30	26	0.012782
26	24	0.012176
26	24	0.013415
18	16	0.012407
26	20	0.013472
14	12	0.011808
13	11	0.011830
17	17	0.006336
15	15	0.005125
17	17	0.004950
25	25	0.005574
13	13	0.005278
11	11	0.004836
11	11	0.005289
11	11	0.004912
11	11	0.004916
11	11	0.006049
11	11	0.005345
11	11	0.005026
14	14	0.005491
22	21	0.011073
12	12	0.005291
21	21	0.005506
12	12	0.005417
11	11	0.005231
11	11	0.005210
11	11	0.006302
20	16	0.011805
11	11	0.006232
11	11	0.006428
11	9	0.010963
11	11	0.006298
21	16	0.011080
16	16	0.005076
22	22	0.005233
23	23	0.005225
17	17	0.005200
13	11	0.010479
22	22	0.005502
18	16	0.010689
24	24	0.005526
27	27	0.005501
25	25	0.005545
29	27	0.011246
25	25	0.005576
22	22	0.005445
18	18	0.005382
17	17	0.006329
16	16	0.006354
14	13	0.011521
26	26	0.005644
27	26	0.011262
15	15	0.004903
13	13	0.004871
14	14	0.004860
18	18	0.004956
12	11	0.010293
12	11	0.010275
12	9	0.009647
12	11	0.010448
12	11	0.010395
20	20	0.004976
14	11	0.015920
12	12	0.005953
12	11	0.011003
12	12	0.004957
12	11	0.010086
12	11	0.010399
17	16	0.011756
12	11	0.011493
13	9	0.012271
12	11	0.010980
12	11	0.011661
12	11	0.009927
27	26	0.011415
12	11	0.010474
12	9	0.009845
13	13	0.004931
12	12	0.004833
12	12	0.004970
22	14	0.010011
23	23	0.005429
25	25	0.005782
25	25	0.006481
29	27	0.011384
30	28	0.011325
19	19	0.005322
19	18	0.011297
14	11	0.010374
22	22	0.005530
24	24	0.005145
19	19	0.004976
13	11	0.010388
19	19	0.005032
19	19	0.005109
19	19	0.004980
24	24	0.006751
27	27	0.005638
25	25	0.005527
25	25	0.006669
24	21	0.012039
21	20	0.010952
24	24	0.005505
19	11	0.010484
24	24	0.005122
19	19	0.005690
19	19	0.005504
19	19	0.005178
17	11	0.010512
19	19	0.005073
17	17	0.005026
17	17	0.005043
19	19	0.005493
29	28	0.011862
15	15	0.004906
14	11	0.011062
14	11	0.010199
19	19	0.005107
14	14	0.004872
24	24	0.005506
13	13	0.004900
13	13	0.004987
23	23	0.005848
22	21	0.011074
25	23	0.010927
27	27	0.005443
27	27	0.005470
25	25	0.005379
25	25	0.005572
24	15	0.013191
12	9	0.011250
16	9	0.012688
14	9	0.010700
12	9	0.011429
12	11	0.011130
12	11	0.009959
12	11	0.010897
12	11	0.013223
27	26	0.011847
12	9	0.010607
27	26	0.011459
12	11	0.010749
12	11	0.011850
12	11	0.010260
18	9	0.010805
12	9	0.012318
12	11	0.010010
12	11	0.009760
12	9	0.010301
12	11	0.013027
12	9	0.010161
12	11	0.009841
12	11	0.011685
27	26	0.011649
25	24	0.012076
27	26	0.011190
27	26	0.011136
25	24	0.012494
25	23	0.011475
25	24	0.011261
24	23	0.010927
25	24	0.010946
25	24	0.012200
25	24	0.012938
24	23	0.011612
23	22	0.013602
18	17	0.010661
27	26	0.011138
17	16	0.010637
16	15	0.010783
14	9	0.009722
25	24	0.010977
20	18	0.010748
25	24	0.011144
29	20	0.011198
29	27	0.012423
23	22	0.010993
33	31	0.011552
24	23	0.010937
12	9	0.010407
25	24	0.010874
27	25	0.010994
27	26	0.012584
27	26	0.011206
19	16	0.010852
27	25	0.011425
24	23	0.012174
24	23	0.011208
25	24	0.011188
18	17	0.010848
16	9	0.011467
15	14	0.012556
24	23	0.011052
25	21	0.011026
22	21	0.012808
24	23	0.014543
24	21	0.012072
14	13	0.011149
13	12	0.011129
24	23	0.013023
16	15	0.012297
24	23	0.012712
25	24	0.016116
25	24	0.015348
13	12	0.012346
13	12	0.010556
25	24	0.012598
24	23	0.011249
24	23	0.012438
25	24	0.013308
25	24	0.012958
15	14	0.012320
25	24	0.013192
27	26	0.013075
25	24	0.014971
23	21	0.014225
27	26	0.013387
25	24	0.011622
24	23	0.012271
27	26	0.011553
25	24	0.012660
12	11	0.011942
12	11	0.010834
12	11	0.010370
12	11	0.011865
27	26	0.011368
12	11	0.011414
12	11	0.010586
12	11	0.009867
12	9	0.010500
12	11	0.009697
12	11	0.009666
12	11	0.009760
22	19	0.010899
13	12	0.010765
12	9	0.009795
12	9	0.010355
15	12	0.010542
12	11	0.010285
12	9	0.010332
12	11	0.010404
12	11	0.010734
12	11	0.012111
12	11	0.010387
27	24	0.012125
23	22	0.012516
30	21	0.011864
27	27	0.005650
29	27	0.011781
27	27	0.006591
25	25	0.006793
27	25	0.012507
15	14	0.010709
30	27	0.010940
24	24	0.006163
24	20	0.012533
24	24	0.006032
27	27	0.007351
24	24	0.007015
22	22	0.006059
22	20	0.011884
22	22	0.006340
20	20	0.006330
29	27	0.013274
24	24	0.006181
24	24	0.006574
25	25	0.006608
25	23	0.013085
25	25	0.006688
24	21	0.012967
24	23	0.012886
22	22	0.006350
19	19	0.005872
22	21	0.012754
19	18	0.013121
14	11	0.013786
19	18	0.013034
18	16	0.012828
18	18	0.005848
25	24	0.013056
24	24	0.006442
27	27	0.006109
24	24	0.006586
25	25	0.007530
27	27	0.006749
27	27	0.006684
25	25	0.007664
14	13	0.011770
22	22	0.006710
13	13	0.005811
16	13	0.012421
24	21	0.012847
23	23	0.006109
27	26	0.013296
24	24	0.007524
25	25	0.007040
24	23	0.014897
18	11	0.013022
18	18	0.005989
15	15	0.005894
14	14	0.005836
25	25	0.006711
24	24	0.007032
24	24	0.006834
13	13	0.005152
15	14	0.012422
37	30	0.011740
27	27	0.006668
26	26	0.006579
24	24	0.006543
39	37	0.013241
21	17	0.012548
17	11	0.013241
25	25	0.007248
14	14	0.006366
12	10	0.011906
27	25	0.013073
18	16	0.012830
12	12	0.004970
21	17	0.010916
12	12	0.005274
12	12	0.005786
24	24	0.006175
13	11	0.011070
13	11	0.009939
17	17	0.005733
15	15	0.005950
25	21	0.012185
23	23	0.006159
14	14	0.005817
18	16	0.012337
27	27	0.006319
27	27	0.006562
23	23	0.006476
24	24	0.006395
17	11	0.010884
17	17	0.007097
15	15	0.006728
27	27	0.006702
15	11	0.011414
35	35	0.005982
13	13	0.006315
13	13	0.006126
17	17	0.006276
24	22	0.013133
26	24	0.014398
21	20	0.013304
15	12	0.017382
19	19	0.006367
12	12	0.005708
11	11	0.005863
11	9	0.013089
11	11	0.006323
11	11	0.006229
13	13	0.006253
12	11	0.012396
12	11	0.012339
12	12	0.005734
12	11	0.012316
12	11	0.012174
11	11	0.006044
11	11	0.006497
19	19	0.006702
11	11	0.006875
16	16	0.006673
11	11	0.006938
11	11	0.005962
11	11	0.005749
10	9	0.012379
18	17	0.012327
11	11	0.005677
14	14	0.006248
15	15	0.005891
11	11	0.005631
11	11	0.006001
11	11	0.006387
10	10	0.005668
22	22	0.006118
11	11	0.006064
10	9	0.013385
10	7	0.011749
11	11	0.005633
23	23	0.005520
11	11	0.004847
11	11	0.005804
12	12	0.006865
11	11	0.005044
11	11	0.004852
11	11	0.006042
12	11	0.012943
12	11	0.010800
12	11	0.010581
12	11	0.010179
12	11	0.011131
12	11	0.011567
12	11	0.013945
15	14	0.010343
14	12	0.011648
12	11	0.012420
12	11	0.012359
11	1	0.010634
9	7	0.011109
9	9	0.005764
9	9	0.005750
9	7	0.012708
9	9	0.005793
9	9	0.005664
16	16	0.006609
11	7	0.019267
9	9	0.006835
8	7	0.013732
11	11	0.006260
8	8	0.005688
8	8	0.005631
8	8	0.005959
9	9	0.005684
12	11	0.012343
12	11	0.012993
12	11	0.012501
14	14	0.005834
14	14	0.005862
14	11	0.013199
17	15	0.012220
11	11	0.005883
11	11	0.006196
12	11	0.012469
12	11	0.012562
11	11	0.006351
11	11	0.006196
9	9	0.005669
7	7	0.005604
7	7	0.005636
12	11	0.011626
7	7	0.005694
7	7	0.005553
7	7	0.005691
7	7	0.005635
7	7	0.005757
7	7	0.005714
7	7	0.005663
7	1	0.013219
7	5	0.013019
7	5	0.012778
7	7	0.006224
7	7	0.006024
7	5	0.013586
7	7	0.007223
18	18	0.006854
12	12	0.006315
16	16	0.006011
9	9	0.005823
9	9	0.006187
30	29	0.013932
14	13	0.012210
12	11	0.012329
9	9	0.006058
19	19	0.007357
9	9	0.006191
9	9	0.005867
9	7	0.011759
13	13	0.006488
21	20	0.012153
20	19	0.011961
12	11	0.011444
12	11	0.009870
12	11	0.011256
12	11	0.010043
12	11	0.011529
12	11	0.013327
12	11	0.010617
12	11	0.009956
12	11	0.010490
24	23	0.010388
23	23	0.005197
32	30	0.012388
14	11	0.012251
11	11	0.005443
13	9	0.013351
14	13	0.010646
15	15	0.006307
12	11	0.013258
16	16	0.005943
15	14	0.012207
12	11	0.010609
12	11	0.012212
12	11	0.011573
12	11	0.012144
12	11	0.010371
25	25	0.005491
23	22	0.010721
17	17	0.005994
11	11	0.006328
12	9	0.013541
11	10	0.012099
10	10	0.007166
9	9	0.006634
9	7	0.012864
9	9	0.006191
12	12	0.005783
11	11	0.005716
9	9	0.005767
8	8	0.005601
8	8	0.005565
8	8	0.005580
8	8	0.005544
8	8	0.005620
7	7	0.005797
7	5	0.012867
7	7	0.005694
7	7	0.005747
7	5	0.011699
7	7	0.006080
7	7	0.005590
7	7	0.005699
13	1	0.011421
13	13	0.006029
8	8	0.005704
26	21	0.012243
20	18	0.012970
8	5	0.012104
8	5	0.013666
11	11	0.005844
10	8	0.015810
8	5	0.012334
14	14	0.005957
14	14	0.005918
14	14	0.006259
11	11	0.005710
11	11	0.005775
11	11	0.005584
33	33	0.007249
10	10	0.006213
33	33	0.006782
9	9	0.005613
10	10	0.005578
9	9	0.005649
12	11	0.012183
24	22	0.012801
25	25	0.007764
26	19	0.014026
9	9	0.006788
12	11	0.011777
12	11	0.011757
12	11	0.012660
12	11	0.013091
12	11	0.012407
12	11	0.012380
12	11	0.012165
12	11	0.012786
7	7	0.005182
7	7	0.005114
7	7	0.005163
8	8	0.005632
17	14	0.011794
9	9	0.005604
10	1	0.011533
11	11	0.005740
11	11	0.006233
11	11	0.005654
11	11	0.005712
19	19	0.006396
9	7	0.011659
14	13	0.012614
14	13	0.012750
14	13	0.012006
12	11	0.012408
9	9	0.006013
25	25	0.007684
10	7	0.013212
11	11	0.005850
12	11	0.011737
12	11	0.012593
12	11	0.012835
12	11	0.012442
20	20	0.006039
25	25	0.006865
12	11	0.013624
12	11	0.012250
25	25	0.006467
21	17	0.012627
11	11	0.005666
9	9	0.005579
12	11	0.012592
7	7	0.006632
7	7	0.005578
8	8	0.005636
8	8	0.005582
15	14	0.012558
11	8	0.011600
7	5	0.011310
10	7	0.012086
12	9	0.012265
13	9	0.013448
25	25	0.006621
11	11	0.006607
11	11	0.006874
11	11	0.005470
9	9	0.005212
9	9	0.005183
27	27	0.006711
16	16	0.006272
16	15	0.013853
45	41	0.014970
25	25	0.006773
12	11	0.011565
12	11	0.011298
12	11	0.012515
30	29	0.012614
12	11	0.011559
12	11	0.012217
12	11	0.011455
12	11	0.013281
12	11	0.013848
22	22	0.007425
12	12	0.005632
8	8	0.005713
17	17	0.005918
7	7	0.006082
8	8	0.006244
7	5	0.012017
7	7	0.005331
8	8	0.005845
8	8	0.006019
38	35	0.017177
23	20	0.014798
13	13	0.006957
15	14	0.014739
14	14	0.006845
17	17	0.006641
14	9	0.012480
14	14	0.007039
17	14	0.013619
16	16	0.006370
14	11	0.014589
18	17	0.016699
12	12	0.007664
11	11	0.007570
26	25	0.016724
40	31	0.016443
26	25	0.016813
22	22	0.007840
13	12	0.015000
20	20	0.006956
20	20	0.006264
17	15	0.015150
17	15	0.013779
17	17	0.007299
20	19	0.014839
15	13	0.013574
15	13	0.013199
13	11	0.012459
30	27	0.015552
16	15	0.014516
29	25	0.015506
25	23	0.015154
25	25	0.007752
25	23	0.015497
24	19	0.014581
18	10	0.012094
11	9	0.011599
12	10	0.012287
12	8	0.011364
12	10	0.011330
14	14	0.006213
6	6	0.006249
11	11	0.006297
9	9	0.005441
6	4	0.011198
6	6	0.006117
6	6	0.006054
20	19	0.012929
8	8	0.006156
13	13	0.006256
13	13	0.006330
17	17	0.006388
12	11	0.012244
9	8	0.013095
14	4	0.015693
12	11	0.014399
12	12	0.006999
11	11	0.007822
12	11	0.015215
8	8	0.006137
8	8	0.007345
11	11	0.006579
17	17	0.006513
11	11	0.005855
14	9	0.012634
12	11	0.012296
17	17	0.006227
30	30	0.006833
11	11	0.006488
11	11	0.005331
11	11	0.005297
10	8	0.011311
10	10	0.006233
12	1	0.012202
12	10	0.012115
11	11	0.005288
11	11	0.005276
10	8	0.011079
9	9	0.005043
9	1	0.009936
9	9	0.004777
8	8	0.005403
8	8	0.005601
7	6	0.010892
11	11	0.005060
7	7	0.005368
7	7	0.006057
7	7	0.004917
7	7	0.005738
10	8	0.010495
7	7	0.004751
7	7	0.004817
7	7	0.004602
15	14	0.011077
6	6	0.004357
6	6	0.004343
9	9	0.004375
7	7	0.005683
7	6	0.010642
6	1	0.010780
7	1	0.009592
7	7	0.004841
6	6	0.004531
6	6	0.004476
6	6	0.004053
7	7	0.003861
15	15	0.004360
10	1	0.009999
10	10	0.004023
8	8	0.003856
10	1	0.008856
6	6	0.003895
10	1	0.009875
6	6	0.004318
9	8	0.008657
12	12	0.004260
9	9	0.003889
7	7	0.003873
20	20	0.004500
20	20	0.004556
8	8	0.004174
6	6	0.005114
7	1	0.008937
7	1	0.008529
6	6	0.004463
7	7	0.003934
8	8	0.004214
8	8	0.004265
20	20	0.004656
7	7	0.004101
7	7	0.003942
7	7	0.004901
20	20	0.005030
8	8	0.004175
20	20	0.004531
7	1	0.009248
20	18	0.009849
8	8	0.005198
8	8	0.004575
8	8	0.005053
27	27	0.005129
20	20	0.005036
7	7	0.005132
7	7	0.004580
7	7	0.005207
7	7	0.004315
7	7	0.004109
17	17	0.004468
14	1	0.014011
12	10	0.009202
11	11	0.003847
17	17	0.004709
7	7	0.004087
15	14	0.011101
11	11	0.003978
7	7	0.005223
6	6	0.004646
6	6	0.004298
11	8	0.010360
7	7	0.004568
6	6	0.004690
20	19	0.010510
14	14	0.004965
11	11	0.005198
10	8	0.010701
24	22	0.011148
12	11	0.010330
12	10	0.010492
12	12	0.005197
22	20	0.012300
27	27	0.005920
13	12	0.012223
29	21	0.011424
12	11	0.010416
21	16	0.011765
21	21	0.005622
17	15	0.010651
25	19	0.010354
17	17	0.005010
20	20	0.005087
20	19	0.012052
22	22	0.005227
14	14	0.005244
13	10	0.012786
22	22	0.005324
22	22	0.005254
20	20	0.005151
12	12	0.005191
17	17	0.005187
14	10	0.010642
17	17	0.005082
20	20	0.005200
15	15	0.006008
24	21	0.012154
22	21	0.012096
24	21	0.011987
18	18	0.006029
20	20	0.006209
17	17	0.005920
17	17	0.005975
24	24	0.006686
26	26	0.006771
17	17	0.006111
18	10	0.012489
17	17	0.005852
18	16	0.012639
24	24	0.006049
13	6	0.012504
18	16	0.012179
31	27	0.013342
24	22	0.014784
18	14	0.012689
24	22	0.013059
25	23	0.014548
22	20	0.013383
15	8	0.012245
11	9	0.011385
17	15	0.012095
17	15	0.012231
18	16	0.012086
18	14	0.012257
24	22	0.013111
25	23	0.014561
25	23	0.013388
23	21	0.013497
16	14	0.012457
15	13	0.013250
27	25	0.014058
16	14	0.013357
24	22	0.013019
27	25	0.012632
29	25	0.013240
15	13	0.012026
12	10	0.013545
24	22	0.014265
15	13	0.014175
13	11	0.014508
13	11	0.015322
29	20	0.015865
24	22	0.016742
24	22	0.016006
25	23	0.017241
18	16	0.015486
27	25	0.015696
22	19	0.016629
14	12	0.012181
13	11	0.011935
12	10	0.013270
24	22	0.013333
27	25	0.014213
26	24	0.015314
25	23	0.013182
25	23	0.013259
24	22	0.016404
23	21	0.013988
14	12	0.011915
24	22	0.014487
14	14	0.006406
20	20	0.006480
17	17	0.006704
17	17	0.007107
13	13	0.007184
17	17	0.007023
15	10	0.012615
14	14	0.007350
17	17	0.008736
17	15	0.017057
25	25	0.008219
15	15	0.007692
17	17	0.007061
15	15	0.006895
15	1	0.022501
24	21	0.015722
24	24	0.008534
19	19	0.007399
19	19	0.006349
25	24	0.014755
22	22	0.008318
15	15	0.007200
18	17	0.015157
12	11	0.013933
9	9	0.005644
12	9	0.013283
14	14	0.006831
12	9	0.014712
12	11	0.012877
12	11	0.014573
11	11	0.005906
8	8	0.006636
12	11	0.015093
16	10	0.014369
12	11	0.012904
12	10	0.012703
11	11	0.004939
11	11	0.004688
10	8	0.011133
10	10	0.006142
11	11	0.005299
11	9	0.011378
11	11	0.005084
19	19	0.005282
12	10	0.009667
10	10	0.005026
9	9	0.005105
11	11	0.005581
11	11	0.004948
11	11	0.005024
8	8	0.004679
8	8	0.004770
9	9	0.005473
7	6	0.012018
32	27	0.013021
16	11	0.010296
14	11	0.011442
14	14	0.005796
26	20	0.013323
29	29	0.006002
34	34	0.006240
33	33	0.006246
33	33	0.006424
19	19	0.005722
21	19	0.011339
21	21	0.005278
21	21	0.005707
19	19	0.005822
51	47	0.014206
14	14	0.005504
14	14	0.005728
14	14	0.005257
14	14	0.005700
14	14	0.005837
14	14	0.005843
14	14	0.006388
14	14	0.006111
14	14	0.006245
33	33	0.006389
14	8	0.022005
14	11	0.012344
14	11	0.015010
14	11	0.015511
14	11	0.015337
14	11	0.014768
12	12	0.005826
33	33	0.006792
21	21	0.006949
11	8	0.013333
11	11	0.006207
11	11	0.006844
11	11	0.006724
14	11	0.015154
11	11	0.006982
7	7	0.006522
7	7	0.006008
16	11	0.012015
7	7	0.006529
9	8	0.012784
14	11	0.014727
19	19	0.007692
19	19	0.006988
19	19	0.005517
9	9	0.005613
11	11	0.005640
7	7	0.004671
7	7	0.005516
11	1	0.012084
11	11	0.006281
8	8	0.005759
6	6	0.004899
11	11	0.005187
7	7	0.004849
11	11	0.005181
10	10	0.005676
6	6	0.004961
13	13	0.006314
7	7	0.005891
15	15	0.007166
7	4	0.014120
21	12	0.017744
8	8	0.005284
20	14	0.012987
8	8	0.005225
8	8	0.004954
8	8	0.005318
9	6	0.012003
7	7	0.005689
12	9	0.011744
10	10	0.005681
11	11	0.005683
11	8	0.012769
7	5	0.011632
9	9	0.005522
13	9	0.011614
10	10	0.004960
10	9	0.010468
10	9	0.010595
10	9	0.010457
6	5	0.010385
25	20	0.012094
14	11	0.011308
17	14	0.010946
10	9	0.011809
16	14	0.011198
8	7	0.010928
9	8	0.011274
29	25	0.013195
14	14	0.006241
11	11	0.006253
11	11	0.005793
10	10	0.005545
11	11	0.005422
30	30	0.006096
25	25	0.005989
9	9	0.005444
12	11	0.010841
12	11	0.011984
12	11	0.013249
27	25	0.015686
14	14	0.007180
17	17	0.006701
12	11	0.013721
24	21	0.014789
11	11	0.006164
7	7	0.006275
12	11	0.012992
7	7	0.006657
21	18	0.012139
9	9	0.005108
9	1	0.016046
18	16	0.014579
9	7	0.012417
18	17	0.011730
8	5	0.010596
11	10	0.010805
7	7	0.005286
8	5	0.010799
9	7	0.011137
47	45	0.012633
8	8	0.005349
9	9	0.004899
8	8	0.005347
10	10	0.005131
7	7	0.004972
6	6	0.005215
9	9	0.005040
6	6	0.004877
16	11	0.012565
11	11	0.006179
7	7	0.005831
6	6	0.005211
6	6	0.005688
6	6	0.005517
6	6	0.005810
6	6	0.006093
6	6	0.005810
8	8	0.005073
6	6	0.005474
8	8	0.005590
8	8	0.005252
13	11	0.012254
7	7	0.005799
6	6	0.005764
8	8	0.005579
10	8	0.011040
10	8	0.011440
10	8	0.012573
34	34	0.006161
14	13	0.012244
11	11	0.005682
9	8	0.012409
9	8	0.011328
9	8	0.010811
7	6	0.010919
8	6	0.009865
6	6	0.005455
17	17	0.005708
9	9	0.004893
24	24	0.005354
15	13	0.010377
12	11	0.010903
13	11	0.012374
9	7	0.011362
10	10	0.006191
13	10	0.013880
8	8	0.005268
10	10	0.005201
21	15	0.012277
11	11	0.005026
12	12	0.005189
11	11	0.006264
10	9	0.010898
15	12	0.011760
18	5	0.011598
6	5	0.009871
23	23	0.005330
24	20	0.012759
12	12	0.005167
24	23	0.011650
9	9	0.005140
9	7	0.012339
11	9	0.011083
11	11	0.005419
11	11	0.005872
15	8	0.010167
24	17	0.011013
24	21	0.011019
24	22	0.011797
12	11	0.011002
12	11	0.010794
12	11	0.010031
12	11	0.012019
12	11	0.011029
14	9	0.016313
24	24	0.006072
12	11	0.012198
12	12	0.005344
9	9	0.005157
8	8	0.004953
12	10	0.010174
7	5	0.010135
7	7	0.005145
7	7	0.005009
8	5	0.010334
11	10	0.011127
13	11	0.012278
7	3	0.010617
10	5	0.010963
12	9	0.009972
12	6	0.010590
8	8	0.004956
7	7	0.005659
38	38	0.006942
10	10	0.005579
10	10	0.004967
16	1	0.010960
9	9	0.005336
8	8	0.005309
8	8	0.004947
6	6	0.004496
13	13	0.005013
8	8	0.004922
14	13	0.010922
7	5	0.009994
8	8	0.004484
12	12	0.005261
22	22	0.005268
7	7	0.004445
22	22	0.005448
7	6	0.011338
17	17	0.006295
6	6	0.005345
6	6	0.005249
6	6	0.005116
7	4	0.010630
9	9	0.005099
10	10	0.004977
7	7	0.005045
7	7	0.004546
11	1	0.011294
6	6	0.004564
8	7	0.010695
9	9	0.004877
6	6	0.004868
10	10	0.005163
19	10	0.010790
17	16	0.011065
13	13	0.004967
10	10	0.005157
17	15	0.012306
26	6	0.012568
30	27	0.013114
31	30	0.011833
24	24	0.005737
11	11	0.005549
10	10	0.005459
10	5	0.011052
7	5	0.010469
22	18	0.010779
29	23	0.011832
52	40	0.018690
14	13	0.010834
17	15	0.011165
26	26	0.005708
9	5	0.010311
12	10	0.010638
14	12	0.010178
27	25	0.011457
22	20	0.011633
20	20	0.005110
17	17	0.005441
26	20	0.010976
14	10	0.016547
15	11	0.010394
13	13	0.005416
13	12	0.010755
27	25	0.011297
25	23	0.011176
15	14	0.010622
24	22	0.011051
22	20	0.011207
23	23	0.005520
20	17	0.010385
18	16	0.010222
24	24	0.005130
29	20	0.011916
13	13	0.004917
11	11	0.004981
29	24	0.011196
16	16	0.005106
9	9	0.004961
14	11	0.011219
12	10	0.010335
17	17	0.006413
14	14	0.005851
14	11	0.011941
20	20	0.005389
11	11	0.004898
12	10	0.010186
12	12	0.005215
17	16	0.010842
17	16	0.010761
10	7	0.009767
40	39	0.013122
16	15	0.010807
50	47	0.013401
9	9	0.005317
15	14	0.010446
15	12	0.012264
15	12	0.010812
10	5	0.009804
8	8	0.004517
11	11	0.004601
11	11	0.004301
13	13	0.004056
7	5	0.009647
8	8	0.004556
11	5	0.010206
27	11	0.014096
12	11	0.010676
8	7	0.010279
8	7	0.010100
8	7	0.009608
8	7	0.008940
8	7	0.008367
8	7	0.008347
12	12	0.003944
15	14	0.009234
52	50	0.010830
8	8	0.003812
39	32	0.010061
8	8	0.004333
11	11	0.004371
11	11	0.004275
7	1	0.008700
8	8	0.004122
8	8	0.004506
12	1	0.010065
20	16	0.009492
12	1	0.010926
8	1	0.009437
9	9	0.004036
22	20	0.009808
8	8	0.004183
6	5	0.008899
15	15	0.004362
5	5	0.004206
6	1	0.008389
5	5	0.004490
6	6	0.004352
12	10	0.009226
8	8	0.004513
13	13	0.004335
6	6	0.003814
6	5	0.008455
5	5	0.003722
6	6	0.003808
24	24	0.004462
6	5	0.008275
5	5	0.003836
18	18	0.004065
12	11	0.009102
5	4	0.008265
8	5	0.010002
18	18	0.004647
7	7	0.004469
8	8	0.004389
7	7	0.004431
7	7	0.004419
19	19	0.005056
17	17	0.004691
7	1	0.009967
6	5	0.009771
6	6	0.004411
6	6	0.004343
5	5	0.004295
5	5	0.004620
7	1	0.011244
29	27	0.011791
5	3	0.010415
5	5	0.004731
16	16	0.005092
17	17	0.005087
16	15	0.010787
9	9	0.005921
5	4	0.010266
20	19	0.011030
5	3	0.009557
8	3	0.009309
6	6	0.004768
19	16	0.010861
23	23	0.005889
17	17	0.006494
18	16	0.012093
18	16	0.012138
11	8	0.012514
9	7	0.013165
13	12	0.012973
10	9	0.013199
14	13	0.013150
12	12	0.005755
12	12	0.006171
12	12	0.006209
10	10	0.005636
10	8	0.012812
7	7	0.006115
7	3	0.012164
16	14	0.012744
7	7	0.005736
7	7	0.005846
11	9	0.012391
12	11	0.012499
15	14	0.011664
15	14	0.012412
10	10	0.005371
12	11	0.012249
7	1	0.013018
6	6	0.005575
5	3	0.012553
6	6	0.006896
5	4	0.011640
6	6	0.005637
21	15	0.012837
6	6	0.006092
6	6	0.006837
6	1	0.011502
8	6	0.011383
5	2	0.013019
5	3	0.011198
6	6	0.006088
6	6	0.006040
6	6	0.005973
5	5	0.005893
18	11	0.012461
10	10	0.005704
12	12	0.006245
18	11	0.013779
7	7	0.006529
13	13	0.007726
7	7	0.008343
26	21	0.014573
14	12	0.014205
25	25	0.007716
12	11	0.014439
11	11	0.007445
16	7	0.014669
12	11	0.015769
12	11	0.016709
11	10	0.014959
11	11	0.006861
11	11	0.006692
10	10	0.006748
12	10	0.014075
10	8	0.013716
13	13	0.008429
12	10	0.015047
11	9	0.014023
11	11	0.006907
11	11	0.006716
10	10	0.006608
11	11	0.006657
9	9	0.006764
8	8	0.006688
9	8	0.014181
9	8	0.014289
31	29	0.015995
10	10	0.007286
11	11	0.006779
17	15	0.014883
11	11	0.006232
8	8	0.007189
7	7	0.006144
12	11	0.014871
11	11	0.007467
11	11	0.006960
7	7	0.006114
8	8	0.008730
7	7	0.007147
7	7	0.006930
8	6	0.014647
14	14	0.007603
26	24	0.016129
11	11	0.006803
6	6	0.006773
16	14	0.014163
15	14	0.014393
10	9	0.015928
9	7	0.013460
13	13	0.007473
9	9	0.006720
8	6	0.013274
9	9	0.006700
9	9	0.006705
10	10	0.006255
9	9	0.006130
11	1	0.013322
11	11	0.006763
7	7	0.006672
11	11	0.006741
7	7	0.006511
7	7	0.006714
6	6	0.006018
8	8	0.007169
14	14	0.006873
17	15	0.013900
11	11	0.007258
15	14	0.013756
7	1	0.013746
8	7	0.013665
6	4	0.014490
7	6	0.014689
6	5	0.014133
5	4	0.013833
6	5	0.014526
7	7	0.006801
7	7	0.006294
7	7	0.006188
8	3	0.013970
6	6	0.005999
7	6	0.015177
5	5	0.007224
6	6	0.006137
5	5	0.006274
5	5	0.006000
23	21	0.015438
14	11	0.014702
23	16	0.014736
8	8	0.006157
7	7	0.007077
7	7	0.006196
15	11	0.016177
12	10	0.015032
14	14	0.007504
9	9	0.006825
12	12	0.006721
9	9	0.007057
8	8	0.007852
13	13	0.007588
8	8	0.006723
8	8	0.006736
8	8	0.007283
15	13	0.015174
11	10	0.014450
14	14	0.006968
10	9	0.014246
11	11	0.007403
15	15	0.007262
9	8	0.014961
9	8	0.014254
11	11	0.006682
9	8	0.014816
9	8	0.013737
10	9	0.013422
9	8	0.014957
9	8	0.014054
8	8	0.007033
15	15	0.006415
8	8	0.006564
8	8	0.006756
8	8	0.007205
8	8	0.007240
11	10	0.014406
12	10	0.014385
9	8	0.014081
10	10	0.007088
11	8	0.014317
9	9	0.006552
16	14	0.014367
12	8	0.014998
11	11	0.008361
11	11	0.007303
8	7	0.014896
8	8	0.006400
7	7	0.006619
8	7	0.013178
8	8	0.006117
8	8	0.007297
29	28	0.017680
8	7	0.015695
11	11	0.008762
8	8	0.007891
11	9	0.016424
8	8	0.007081
8	7	0.016168
6	6	0.008173
5	5	0.007869
6	6	0.008145
5	3	0.016378
6	6	0.007750
6	6	0.007548
8	8	0.008745
5	3	0.016625
5	5	0.007164
6	6	0.008289
6	6	0.008236
5	3	0.017313
5	3	0.016685
16	16	0.008384
6	6	0.008312
5	5	0.007172
6	6	0.007422
8	8	0.007207
7	7	0.007498
7	6	0.016021
8	8	0.007745
7	7	0.007152
7	6	0.014537
7	7	0.007343
7	7	0.006593
7	7	0.006916
7	7	0.007179
9	8	0.015146
7	7	0.007356
6	6	0.006585
51	51	0.009000
50	50	0.008845
50	50	0.008479
37	29	0.024284
50	20	0.015155
15	15	0.006585
7	7	0.007243
52	48	0.017223
37	26	0.025475
8	8	0.007361
8	8	0.007633
8	8	0.007421
6	5	0.014806
6	5	0.013889
6	5	0.013573
9	8	0.014151
5	4	0.014715
7	6	0.013626
8	7	0.013714
6	5	0.014346
8	8	0.006076
7	7	0.006610
7	5	0.014041
7	7	0.006181
8	8	0.007305
6	6	0.006290
16	13	0.015963
8	7	0.013078
12	12	0.007180
8	7	0.014254
9	7	0.014257
12	11	0.015030
8	8	0.007111
18	14	0.014881
9	8	0.015471
8	8	0.006569
8	8	0.006732
11	11	0.006884
9	9	0.006875
8	8	0.006470
9	9	0.007640
12	12	0.006720
10	10	0.008360
14	14	0.007712
11	11	0.007285
10	10	0.007168
11	11	0.007197
10	10	0.007555
10	8	0.015866
10	10	0.006356
16	16	0.006931
7	4	0.013509
7	7	0.006537
10	10	0.006747
7	6	0.013550
7	7	0.007146
13	10	0.016787
12	11	0.014839
7	7	0.006051
7	6	0.015596
5	5	0.006613
5	5	0.006544
5	5	0.006557
5	5	0.007817
5	5	0.006988
5	5	0.007310
5	5	0.007543
5	1	0.013071
5	5	0.006955
5	5	0.007261
5	5	0.007187
5	5	0.007557
5	5	0.006933
5	5	0.007300
5	5	0.006923
5	5	0.006957
8	8	0.006438
12	12	0.007510
7	7	0.006650
7	7	0.007169
7	7	0.008172
7	7	0.007352
8	8	0.007093
5	5	0.005809
5	5	0.007795
5	5	0.006741
7	7	0.006893
6	6	0.007336
9	7	0.017552
26	26	0.009637
8	8	0.009736
5	5	0.008985
5	5	0.011741
5	5	0.012112
7	7	0.011514
7	7	0.010153
16	14	0.032332
11	10	0.025738
7	7	0.023771
11	11	0.016561
13	13	0.014016
6	6	0.012932
20	20	0.014984
6	6	0.016259
8	7	0.022046
6	6	0.012472
6	6	0.015961
6	6	0.012108
9	9	0.014449
5	5	0.011239
9	9	0.010596
25	25	0.016432
10	10	0.018506
5	5	0.010033
5	5	0.011435
5	5	0.010744
5	4	0.025917
5	5	0.013770
8	7	0.025455
6	6	0.016248
6	6	0.014909
9	7	0.021776
8	8	0.008190
6	5	0.014966
6	6	0.007523
5	5	0.006711
6	6	0.007170
5	5	0.007664
5	5	0.007790
9	9	0.008781
11	11	0.009926
7	7	0.008034
9	9	0.010698
9	9	0.006881
10	8	0.017376
8	8	0.008443
8	8	0.009235
6	5	0.018066
5	4	0.017331
6	6	0.008611
6	6	0.007085
5	5	0.008349
6	6	0.008561
5	1	0.016342
6	4	0.014209
6	6	0.007612
5	5	0.007496
6	6	0.007581
5	5	0.008059
6	6	0.008082
6	6	0.007282
6	6	0.007128
8	6	0.013186
9	9	0.007459
9	9	0.008698
8	8	0.007462
8	8	0.006778
8	8	0.006818
7	7	0.006850
7	7	0.006793
8	8	0.007274
8	8	0.006039
8	6	0.014338
7	5	0.014802
10	10	0.008496
8	6	0.014930
8	8	0.007095
8	6	0.014847
8	8	0.006272
7	7	0.006248
7	7	0.006580
6	6	0.007704
9	9	0.007629
25	25	0.007989
9	9	0.006054
10	5	0.013697
10	5	0.013976
10	5	0.014101
7	7	0.006703
6	6	0.005981
6	6	0.005955
6	6	0.005965
5	5	0.006028
6	6	0.005932
5	5	0.005897
6	5	0.013118
5	4	0.014101
5	4	0.014500
6	6	0.007276
15	15	0.008228
17	17	0.007026
5	5	0.006096
14	14	0.007429
9	9	0.007217
10	10	0.007145
9	9	0.006052
9	8	0.014790
8	8	0.006785
14	14	0.007855
14	14	0.006570
14	14	0.007295
9	9	0.006721
9	9	0.006623
11	11	0.006692
11	11	0.006983
8	8	0.006174
7	7	0.006720
5	4	0.013768
6	6	0.006514
5	5	0.006400
5	5	0.006445
6	6	0.006496
5	5	0.006910
6	6	0.008738
6	6	0.008141
6	6	0.007418
6	6	0.007796
5	5	0.007082
6	6	0.007085
13	13	0.007002
10	10	0.006229
9	9	0.007288
12	12	0.007997
18	18	0.007043
7	6	0.014882
7	6	0.015977
10	9	0.016138
7	6	0.015289
7	6	0.013954
8	8	0.007002
7	7	0.006578
7	7	0.006442
7	7	0.006644
7	6	0.014210
9	6	0.013131
8	8	0.007983
23	22	0.016818
7	7	0.006786
6	6	0.006893
8	8	0.006930
52	47	0.017134
6	6	0.006076
9	9	0.006690
12	12	0.007525
21	21	0.007081
45	41	0.015925
8	8	0.008658
8	8	0.008316
8	8	0.008143
8	8	0.006466
8	8	0.006005
6	6	0.006371
6	6	0.006076
6	5	0.014114
6	6	0.006577
8	5	0.014302
5	5	0.006105
5	5	0.005973
5	5	0.006004
8	7	0.013637
6	5	0.013432
6	5	0.014993
9	6	0.014619
5	4	0.014031
5	4	0.015840
5	4	0.014731
29	28	0.015441
15	15	0.007189
18	18	0.007792
43	43	0.007788
15	9	0.015321
15	13	0.014459
11	11	0.006666
12	9	0.014828
13	13	0.006650
12	11	0.014356
13	11	0.014285
15	15	0.006368
34	28	0.016162
22	19	0.014861
44	42	0.017860
40	39	0.017465
37	36	0.017244
52	52	0.008505
40	38	0.017231
40	38	0.017549
39	37	0.015797
39	37	0.017486
39	37	0.018946
30	30	0.008551
9	9	0.007107
9	9	0.007698
9	9	0.006887
9	9	0.007435
11	11	0.007561
9	9	0.007189
8	7	0.014635
7	7	0.006543
9	9	0.006623
8	8	0.006763
13	9	0.013548
14	14	0.008082
7	7	0.007521
11	11	0.007390
14	14	0.007545
9	9	0.007237
14	14	0.006953
16	16	0.007447
15	15	0.008588
15	15	0.008913
13	13	0.007949
13	13	0.006937
15	15	0.007255
14	14	0.007001
14	14	0.006858
18	18	0.007749
14	14	0.006855
7	7	0.007122
6	6	0.008056
6	6	0.006607
5	5	0.007032
16	11	0.016183
6	6	0.006733
9	9	0.006963
5	5	0.006147
5	5	0.005969
9	6	0.013923
23	23	0.007336
7	7	0.006180
15	11	0.014994
10	10	0.007057
14	14	0.006888
5	2	0.013586
5	4	0.016407
6	6	0.006627
8	8	0.007767
14	10	0.014301
13	13	0.007248
10	10	0.006734
6	6	0.006164
6	6	0.006273
5	5	0.007014
5	5	0.006350
10	10	0.006392
17	17	0.007879
10	10	0.006713
10	9	0.015160
17	17	0.007443
10	10	0.007195
10	10	0.007185
8	8	0.007075
11	11	0.006577
12	12	0.006686
5	5	0.006490
5	5	0.006384
6	1	0.013573
14	13	0.014985
8	7	0.015696
5	5	0.007070
6	6	0.007102
5	5	0.007078
6	6	0.007014
6	6	0.008301
15	9	0.015299
8	8	0.007210
24	20	0.014114
12	12	0.007090
8	7	0.015988
12	11	0.014595
12	11	0.015164
12	11	0.014715
22	22	0.007642
12	11	0.015967
12	11	0.016825
30	26	0.015886
12	10	0.013539
11	11	0.007532
11	11	0.006638
11	11	0.006656
24	24	0.007631
23	21	0.017152
11	10	0.014875
24	24	0.007728
12	10	0.014403
24	24	0.007655
11	9	0.013759
11	11	0.007689
11	11	0.007362
10	10	0.006724
9	7	0.015340
9	9	0.008122
9	9	0.006855
8	8	0.006632
8	8	0.006983
9	8	0.015456
12	12	0.006929
12	11	0.014475
12	11	0.016080
8	8	0.006239
7	6	0.015097
7	7	0.006813
7	7	0.006908
10	10	0.008111
7	6	0.016161
12	12	0.008562
12	11	0.017768
7	7	0.006995
25	23	0.017250
6	6	0.006329
12	7	0.014312
9	7	0.014038
8	7	0.015178
6	3	0.013194
11	11	0.007288
11	11	0.006727
7	7	0.006521
6	6	0.006414
6	5	0.014022
7	7	0.006560
7	7	0.006562
17	13	0.015063
6	6	0.006186
11	11	0.007778
6	6	0.006897
5	3	0.013589
5	5	0.008084
6	6	0.007427
7	7	0.007640
5	5	0.006030
6	5	0.015858
6	5	0.015652
7	6	0.015163
20	19	0.014856
5	4	0.013770
5	4	0.015345
28	28	0.008700
9	8	0.015752
5	3	0.014068
9	9	0.008021
5	5	0.007086
5	5	0.007514
5	5	0.007271
5	5	0.007608
7	7	0.008387
6	6	0.006559
6	6	0.006297
12	12	0.006315
6	6	0.007162
37	37	0.008240
7	7	0.006404
6	6	0.007707
5	5	0.007211
5	5	0.006045
5	5	0.007639
6	6	0.006519
24	24	0.007309
24	23	0.014956
7	7	0.006171
6	5	0.014132
6	6	0.006046
9	9	0.006617
8	7	0.013444
6	6	0.006343
10	10	0.006688
9	9	0.006488
6	6	0.007327
6	6	0.006977
18	18	0.007619
6	6	0.007170
16	16	0.007469
14	14	0.008442
9	9	0.006442
6	6	0.006140
5	5	0.007032
5	5	0.005957
16	14	0.016954
17	1	0.014285
5	5	0.006494
6	6	0.006663
21	15	0.014915
20	20	0.008147
10	10	0.007061
7	7	0.007144
11	10	0.016073
7	7	0.007056
7	7	0.006894
6	6	0.008770
6	6	0.006581
7	1	0.016994
6	5	0.015881
11	9	0.018017
11	9	0.017621
12	10	0.018394
6	6	0.007151
5	5	0.008562
8	6	0.016295
11	9	0.018383
12	10	0.016914
9	9	0.007709
29	27	0.017236
10	10	0.008195
6	6	0.007476
9	9	0.006439
8	6	0.016194
8	8	0.007458
6	6	0.006793
10	9	0.015902
5	5	0.006708
5	5	0.007028
5	5	0.007093
5	5	0.006943
6	5	0.016959
6	6	0.007586
8	8	0.006981
5	5	0.007744
5	5	0.006517
9	8	0.018265
12	11	0.017544
7	7	0.007936
7	7	0.006738
9	9	0.007560
6	6	0.007187
8	8	0.006844
5	5	0.007359
5	5	0.006231
18	16	0.014488
9	9	0.006368
12	12	0.007333
10	10	0.006561
9	9	0.007580
8	8	0.007244
10	10	0.006286
9	9	0.007657
9	9	0.007410
9	9	0.007262
9	9	0.007938
9	9	0.006830
9	9	0.006370
9	9	0.006067
8	8	0.006114
8	8	0.006201
8	8	0.007064
8	8	0.008493
17	15	0.013886
9	9	0.006852
9	9	0.006611
9	9	0.007259
9	8	0.016548
9	9	0.006425
8	8	0.006056
8	8	0.006229
10	10	0.006148
8	8	0.006612
26	25	0.017217
7	7	0.007224
10	9	0.014458
9	9	0.006879
9	9	0.006673
9	9	0.007228
8	8	0.007187
11	11	0.006232
9	9	0.007250
8	8	0.006700
8	8	0.006508
8	8	0.007416
6	6	0.006694
5	5	0.006479
6	6	0.007621
5	5	0.007505
6	6	0.007104
6	6	0.008037
6	6	0.007185
14	14	0.007325
8	8	0.007335
8	8	0.006158
7	7	0.006928
7	7	0.006486
16	16	0.007057
6	6	0.008330
10	10	0.007417
6	6	0.006136
9	9	0.006889
6	6	0.006336
8	8	0.006083
5	5	0.006970
5	5	0.006990
6	6	0.005980
5	5	0.006040
16	15	0.015170
6	5	0.014269
5	4	0.015659
6	6	0.007777
6	6	0.007714
7	7	0.006193
8	6	0.014657
10	8	0.013547
8	8	0.006381
6	6	0.006007
8	8	0.006018
6	6	0.007444
14	14	0.007553
6	5	0.015435
6	6	0.008484
8	7	0.016789
6	6	0.006137
6	6	0.006902
6	6	0.007551
6	6	0.006486
6	5	0.014900
6	5	0.015319
4	1	0.015322
4	1	0.016240
4	1	0.016128
4	1	0.016274
4	1	0.016071
4	1	0.015833
7	7	0.008180
4	1	0.014619
4	1	0.013768
4	1	0.015527
4	1	0.017357
4	1	0.017165
4	1	0.016355
4	1	0.015636
4	1	0.015531
4	1	0.015489
4	1	0.017798
4	1	0.017444
4	1	0.017529
4	1	0.015016
4	4	0.007767
7	7	0.007421
3	3	0.006366
3	3	0.006433
3	3	0.006784
4	1	0.015755
4	1	0.015829
4	1	0.015757
3	1	0.017247
3	3	0.008419
3	3	0.008022
5	4	0.014664
4	1	0.015169
4	1	0.013819
4	1	0.015894
4	1	0.016155
4	1	0.015602
4	1	0.016168
4	1	0.015589
4	1	0.015130
4	1	0.014732
4	1	0.014564
4	1	0.014728
4	1	0.012842
4	1	0.017650
4	1	0.017605
4	1	0.016686
4	1	0.015168
4	1	0.015565
4	1	0.016699
4	1	0.016843
4	1	0.018270
4	1	0.014071
4	1	0.014533
4	1	0.016683
4	1	0.017224
4	1	0.015961
4	1	0.016182
4	1	0.016551
4	1	0.017157
4	1	0.015316
4	1	0.012910
4	1	0.014298
4	1	0.013882
4	1	0.014857
4	1	0.014144
6	5	0.014161
5	1	0.013658
9	4	0.015427
9	4	0.016206
14	13	0.016511
6	4	0.016296
14	10	0.016037
5	4	0.013145
3	1	0.012698
3	1	0.013730
3	1	0.012046
3	1	0.012014
3	1	0.011684
3	1	0.010263
3	1	0.011477
3	1	0.010519
3	1	0.009888
16	15	0.010722
4	1	0.009403
4	1	0.009300
5	1	0.007977
5	1	0.008117
6	5	0.009031
9	8	0.008640
4	3	0.008091
5	4	0.009280
4	1	0.008989
4	1	0.008725
15	12	0.009391
7	4	0.009140
5	3	0.009321
14	12	0.009776
10	1	0.010228
6	4	0.008848
3	2	0.007985
3	2	0.007932
3	2	0.008241
3	2	0.007862
3	2	0.007908
3	2	0.007807
3	2	0.007773
3	2	0.007853
3	2	0.007638
3	2	0.007986
3	2	0.008456
3	2	0.008022
3	2	0.008748
3	2	0.008273
7	1	0.009043
5	5	0.004235
6	6	0.004333
8	8	0.004768
4	1	0.008045
4	1	0.008148
4	1	0.008882
4	1	0.008675
4	1	0.009343
4	1	0.009724
4	1	0.008818
4	1	0.008624
4	1	0.008720
4	1	0.008999
4	1	0.009162
4	1	0.008166
4	1	0.009218
4	1	0.008629
4	1	0.008887
4	1	0.008346
4	1	0.008104
4	1	0.008332
4	1	0.008867
4	1	0.010499
4	1	0.010119
4	1	0.009871
4	1	0.009971
4	1	0.009450
4	1	0.009363
4	1	0.010051
4	1	0.010367
4	1	0.010361
4	1	0.011858
4	1	0.010739
4	1	0.010871
4	1	0.010914
4	1	0.012783
4	1	0.012990
4	1	0.011242
4	1	0.012071
4	1	0.011560
4	1	0.013891
9	8	0.014741
7	7	0.006855
4	4	0.006736
16	16	0.007281
15	15	0.007727
5	5	0.006672
3	1	0.015853
3	1	0.014515
3	1	0.014203
11	11	0.007168
10	10	0.007598
4	1	0.013144
11	11	0.007479
4	4	0.007297
7	7	0.006805
16	16	0.007210
16	16	0.007215
16	16	0.007839
4	4	0.008014
4	4	0.006774
4	4	0.006689
4	4	0.006754
5	1	0.013100
4	4	0.008076
4	4	0.007115
7	6	0.013657
11	11	0.008233
11	11	0.007756
3	3	0.006580
3	3	0.006719
3	3	0.006494
3	3	0.006579
3	3	0.006624
3	3	0.006874
3	3	0.007744
3	3	0.007104
3	3	0.006860
3	3	0.006565
3	3	0.006574
3	3	0.006683
3	3	0.006595
8	8	0.007135
4	1	0.014115
4	1	0.014883
4	1	0.013631
4	1	0.013959
4	1	0.014071
4	1	0.014271
4	1	0.013419
4	1	0.012185
4	1	0.012493
4	1	0.011324
4	1	0.010794
4	1	0.011069
4	1	0.009980
4	1	0.009859
4	1	0.008690
4	1	0.008841
4	1	0.009029
4	1	0.008764
4	1	0.008485
4	1	0.007443
4	1	0.009439
4	1	0.007639
4	1	0.008810
4	1	0.009147
4	1	0.007691
4	1	0.007557
4	1	0.007293
4	1	0.007160
5	5	0.003614
4	4	0.003474
5	1	0.006384
29	29	0.003922
10	10	0.003376
10	10	0.003803
5	5	0.004177
5	5	0.004388
5	4	0.007140
5	5	0.003609
3	1	0.006835
3	1	0.006744
3	1	0.006957
3	1	0.007215
8	7	0.008960
8	8	0.003473
6	6	0.003173
5	5	0.003092
5	5	0.003031
5	1	0.006927
7	7	0.003625
7	7	0.003430
4	4	0.003403
5	5	0.003163
5	5	0.003021
5	5	0.003005
4	4	0.002963
4	4	0.003907
7	7	0.003547
6	6	0.003143
4	4	0.003125
10	10	0.003231
3	3	0.004159
3	3	0.003389
3	3	0.002993
3	3	0.003029
3	3	0.003004
3	3	0.003037
3	3	0.003042
3	3	0.003255
3	3	0.003197
12	12	0.003192
7	7	0.003097
7	7	0.003087
8	1	0.009711
8	8	0.003139
8	1	0.012255
17	17	0.003390
17	17	0.003451
5	5	0.002939
5	5	0.003029
4	1	0.005911
4	1	0.005864
4	1	0.005867
4	1	0.007464
4	1	0.006701
4	1	0.006315
4	1	0.006251
4	1	0.006171
4	1	0.007292
4	1	0.007235
4	1	0.006626
4	1	0.007159
4	1	0.006500
4	1	0.007133
4	1	0.006864
4	1	0.006330
4	1	0.005958
4	1	0.005840
4	1	0.006350
4	1	0.006321
4	1	0.005854
4	1	0.005819
4	1	0.006833
4	1	0.007571
4	1	0.006351
4	1	0.007364
4	1	0.006776
4	1	0.006651
4	1	0.007899
4	1	0.006798
4	1	0.006347
4	1	0.005910
4	1	0.005914
4	1	0.006298
4	1	0.006302
4	1	0.006282
4	1	0.006263
4	1	0.006917
4	1	0.008107
4	1	0.006770
4	1	0.006691
4	1	0.006655
8	6	0.006805
4	4	0.003228
4	4	0.003259
6	6	0.003272
8	8	0.003259
8	8	0.003287
5	5	0.003369
5	5	0.003560
3	1	0.007691
3	1	0.008336
3	1	0.007182
3	1	0.007180
3	1	0.007222
3	1	0.007122
3	1	0.007066
3	1	0.006680
3	1	0.006583
3	1	0.008075
3	1	0.008499
3	1	0.007224
3	1	0.007136
5	5	0.004376
10	10	0.004474
7	7	0.004603
6	6	0.004228
5	5	0.004050
4	4	0.005042
4	4	0.004467
5	5	0.003768
4	1	0.007438
4	1	0.007864
15	15	0.004435
4	4	0.005278
4	4	0.004579
6	6	0.004224
6	6	0.005271
24	22	0.010417
4	4	0.004471
10	10	0.004828
9	8	0.009144
6	6	0.004321
3	3	0.004144
3	3	0.005775
3	3	0.004684
3	3	0.004161
3	3	0.004168
3	3	0.004205
3	3	0.005297
3	3	0.005343
3	3	0.004548
3	3	0.006135
3	3	0.005320
3	3	0.004743
3	3	0.004770
6	6	0.006517
6	6	0.005445
6	6	0.006453
7	5	0.010480
5	5	0.004690
17	17	0.005157
4	1	0.009829
4	1	0.010132
4	1	0.009905
4	1	0.010025
4	1	0.010135
4	1	0.009326
4	1	0.009982
4	1	0.012102
4	1	0.012129
4	1	0.009265
4	1	0.009898
4	1	0.009444
4	1	0.010036
4	1	0.009600
4	1	0.010261
4	1	0.008903
4	1	0.008812
4	1	0.008278
4	1	0.008205
4	1	0.008108
4	1	0.008768
4	1	0.008995
5	5	0.004321
4	4	0.004227
4	4	0.004214
10	7	0.008851
8	5	0.009713
8	5	0.009612
11	9	0.009343
10	10	0.004436
6	6	0.005094
6	6	0.006056
10	9	0.008726
5	5	0.004251
5	5	0.004334
3	1	0.007965
3	1	0.007801
3	1	0.008750
3	1	0.008194
3	1	0.008516
3	1	0.009179
3	1	0.008478
5	5	0.003858
5	5	0.003855
16	10	0.008682
6	5	0.008279
6	5	0.009901
5	5	0.004655
4	4	0.004074
16	14	0.008212
24	20	0.010849
4	4	0.004059
4	4	0.003913
4	4	0.003803
41	38	0.010256
6	6	0.004069
7	7	0.003796
3	3	0.003720
3	3	0.003499
3	3	0.003582
3	3	0.003449
3	3	0.003383
3	3	0.003425
3	3	0.003459
3	3	0.003604
3	3	0.003736
3	3	0.004804
3	3	0.004497
3	3	0.003595
3	3	0.003700
3	3	0.003444
3	3	0.003673
3	3	0.004708
4	1	0.008609
38	36	0.008526
9	9	0.003582
8	8	0.003585
7	7	0.003509
5	5	0.003524
8	8	0.004609
8	8	0.004004
10	10	0.003585
8	8	0.003585
5	5	0.003401
7	7	0.003560
6	6	0.003510
5	5	0.003513
4	1	0.006811
4	1	0.006937
4	1	0.007238
4	1	0.007982
4	1	0.007820
4	1	0.008261
4	1	0.007311
4	1	0.007233
4	1	0.007444
4	1	0.006756
4	1	0.006675
4	1	0.006796
4	1	0.006789
4	1	0.007824
4	1	0.006775
4	1	0.008638
4	1	0.008449
4	1	0.007597
4	1	0.007135
4	1	0.008144
4	1	0.006806
4	1	0.008092
4	1	0.007729
4	1	0.007928
4	1	0.007623
4	1	0.008063
4	1	0.007897
4	1	0.008096
4	1	0.009040
4	1	0.007439
4	1	0.008387
4	1	0.007363
4	1	0.008355
4	1	0.007785
4	1	0.007718
4	1	0.008456
4	1	0.008187
4	1	0.007918
9	9	0.003960
5	5	0.003843
5	1	0.009522
12	9	0.009677
4	4	0.004299
4	4	0.004410
4	4	0.004364
4	4	0.004217
11	11	0.004343
26	25	0.011984
9	9	0.004563
10	10	0.004752
5	5	0.004336
3	1	0.009330
3	1	0.008336
3	1	0.008403
3	1	0.008675
5	1	0.009647
6	6	0.004652
14	14	0.004969
7	7	0.004380
5	5	0.004310
8	8	0.004315
5	5	0.004392
7	7	0.004702
6	1	0.008366
5	1	0.008233
5	1	0.008163
5	1	0.009090
5	1	0.011096
5	1	0.008464
5	1	0.008518
15	15	0.005023
9	9	0.004903
5	5	0.005031
5	5	0.004795
5	5	0.004579
9	9	0.004695
4	4	0.004654
4	4	0.004665
4	4	0.004508
4	4	0.004541
4	4	0.004568
4	4	0.004359
4	1	0.007481
4	1	0.008114
6	6	0.004284
4	4	0.004504
4	4	0.005170
5	5	0.004998
3	3	0.005305
3	3	0.004384
3	3	0.005490
3	3	0.004358
3	3	0.003789
3	3	0.003753
3	3	0.003783
3	3	0.003789
3	3	0.003824
3	3	0.003860
3	3	0.003873
3	3	0.003851
3	3	0.003712
3	3	0.003917
3	3	0.004012
3	3	0.004434
3	3	0.004417
3	3	0.003851
8	5	0.009269
6	6	0.004326
5	5	0.003746
8	8	0.003744
4	1	0.007446
4	1	0.007725
4	1	0.007979
4	1	0.009076
4	1	0.007839
4	1	0.007774
4	1	0.007770
4	1	0.007643
4	1	0.007739
4	1	0.007614
4	1	0.008223
4	1	0.007786
4	1	0.007683
4	1	0.007499
4	1	0.007180
4	1	0.007114
4	1	0.009222
4	1	0.009277
4	1	0.009090
4	1	0.007947
4	1	0.007791
4	1	0.007973
4	1	0.009306
4	1	0.007656
4	1	0.007450
4	1	0.007163
4	1	0.007257
4	1	0.007141
4	1	0.007231
4	1	0.007861
4	1	0.009276
4	1	0.007707
4	1	0.007994
4	1	0.007681
4	1	0.008254
4	1	0.007616
4	1	0.007565
4	1	0.008258
4	1	0.008565
4	1	0.008095
4	1	0.007641
4	1	0.008957
4	1	0.008514
5	5	0.004909
5	1	0.008044
4	4	0.003986
4	4	0.004058
7	5	0.011368
11	11	0.004190
7	7	0.003914
5	5	0.003896
3	1	0.008997
3	1	0.008001
3	1	0.009412
3	1	0.008543
3	1	0.007919
3	1	0.008287
3	1	0.007981
3	1	0.008016
5	1	0.007832
4	1	0.007329
4	1	0.007900
5	5	0.004868
5	5	0.005328
5	1	0.007533
5	1	0.007380
17	17	0.004233
13	13	0.004370
8	8	0.003924
8	8	0.003910
8	8	0.003815
5	5	0.003838
6	4	0.009245
4	1	0.008363
4	1	0.007239
4	1	0.008539
6	6	0.003953
5	1	0.008680
5	5	0.003844
4	4	0.003780
6	6	0.003893
28	25	0.009197
7	7	0.003891
7	7	0.003805
13	12	0.007909
7	7	0.003785
5	5	0.003770
3	3	0.004511
3	3	0.005041
3	3	0.004085
3	3	0.003666
3	3	0.003661
3	3	0.003731
3	3	0.003651
3	3	0.003675
3	3	0.003713
3	3	0.004134
3	3	0.004050
3	3	0.004386
3	3	0.004298
3	3	0.004075
3	3	0.004166
3	3	0.004076
3	3	0.004101
8	8	0.004235
8	8	0.004211
9	9	0.004504
11	10	0.008469
5	5	0.004103
8	8	0.004296
5	5	0.004276
5	5	0.004192
5	5	0.004659
5	5	0.004142
6	6	0.004218
4	1	0.009539
4	1	0.009913
4	1	0.009974
4	1	0.010261
4	1	0.009063
4	1	0.010656
4	1	0.008798
4	1	0.009253
4	1	0.008238
4	1	0.008327
4	1	0.008117
4	1	0.008442
4	1	0.008444
4	1	0.007359
4	1	0.007319
4	1	0.007464
4	1	0.007377
4	1	0.009369
4	1	0.007350
4	1	0.007245
4	1	0.007739
4	1	0.007708
4	1	0.007677
4	1	0.007620
4	1	0.007794
4	1	0.007767
4	1	0.007647
4	1	0.007696
4	1	0.007660
4	1	0.009118
4	1	0.009363
4	1	0.008088
4	1	0.007995
4	1	0.008028
4	1	0.009379
4	1	0.011777
4	1	0.011068
5	1	0.009047
5	5	0.004076
4	4	0.004572
4	4	0.005072
6	6	0.005707
23	21	0.009127
10	10	0.005440
10	10	0.004501
10	8	0.008736
7	7	0.003961
5	4	0.007916
5	5	0.003799
5	5	0.003741
3	1	0.007741
3	1	0.007725
3	1	0.008141
3	1	0.007697
3	1	0.007231
3	1	0.007606
3	1	0.008043
3	1	0.008973
3	1	0.008320
3	1	0.009462
3	1	0.008004
11	11	0.004307
10	8	0.008561
13	11	0.008626
10	8	0.008473
7	7	0.004176
7	7	0.004527
7	1	0.008777
6	6	0.003951
15	15	0.005666
6	6	0.004970
5	5	0.005179
6	5	0.007990
12	12	0.004452
5	1	0.007484
4	4	0.005483
4	4	0.004743
5	1	0.007759
5	1	0.007398
4	4	0.003809
4	4	0.003749
4	4	0.003777
4	4	0.003647
4	4	0.003692
8	6	0.007579
6	5	0.007961
5	5	0.004769
12	8	0.012811
5	5	0.003749
3	3	0.003807
3	3	0.004080
3	3	0.004143
3	3	0.004040
3	3	0.004183
3	3	0.004086
3	3	0.004157
3	3	0.004072
3	3	0.004084
3	3	0.005058
3	3	0.004588
3	3	0.004268
3	3	0.004059
3	3	0.004055
4	1	0.007976
4	1	0.008777
4	1	0.010180
4	1	0.008914
4	1	0.007840
4	1	0.008062
6	6	0.004355
7	7	0.004228
5	3	0.008245
6	6	0.003984
6	6	0.003891
5	5	0.004100
10	10	0.004268
4	1	0.007924
4	1	0.007737
4	1	0.008411
4	1	0.008011
4	1	0.007588
4	1	0.007601
4	1	0.007988
4	1	0.007922
4	1	0.010026
4	1	0.010185
4	1	0.009234
4	1	0.009309
4	1	0.008047
4	1	0.007693
4	1	0.007459
4	1	0.007493
4	1	0.010010
4	1	0.009647
4	1	0.007891
4	1	0.008017
4	1	0.009332
4	1	0.008423
4	1	0.007376
4	1	0.008392
4	1	0.009901
5	5	0.004281
8	8	0.004436
5	3	0.009922
5	3	0.009517
9	8	0.010103
9	3	0.010413
6	3	0.008460
6	1	0.009366
8	8	0.004322
15	15	0.004280
6	6	0.003796
5	5	0.004075
5	4	0.007908
3	1	0.010016
3	1	0.007816
3	1	0.008050
3	1	0.008268
3	1	0.008527
3	1	0.008381
3	1	0.007758
10	8	0.007779
5	1	0.007245
4	1	0.007233
4	1	0.007285
8	8	0.004162
8	8	0.004114
8	8	0.004058
7	7	0.004066
4	4	0.003998
4	4	0.004020
4	4	0.004482
5	5	0.004162
4	1	0.008099
4	4	0.004159
6	1	0.008725
3	3	0.004100
3	3	0.004069
3	3	0.004042
3	3	0.004103
3	3	0.004291
3	3	0.004270
3	3	0.004172
3	3	0.005694
3	3	0.004900
3	3	0.004206
3	3	0.005195
3	3	0.004611
3	3	0.004214
7	7	0.004702
5	5	0.005770
4	1	0.008511
4	1	0.010677
4	1	0.009719
4	1	0.008989
4	1	0.010567
4	1	0.009295
4	1	0.008279
4	1	0.010632
4	1	0.009484
4	1	0.007574
4	1	0.007540
4	1	0.008094
4	1	0.008149
4	1	0.008078
4	1	0.007583
4	1	0.008946
4	1	0.007662
4	1	0.007987
4	1	0.007724
4	1	0.007714
4	1	0.008454
4	1	0.008629
4	1	0.008434
4	1	0.008479
4	1	0.008410
4	1	0.008540
4	1	0.007979
4	1	0.008327
4	1	0.009151
4	1	0.009944
4	1	0.008811
4	1	0.009146
4	1	0.008974
4	1	0.010861
6	6	0.004326
6	1	0.008183
4	4	0.004247
4	4	0.004267
4	4	0.004243
6	6	0.006284
9	9	0.004568
5	5	0.004320
5	5	0.005698
3	1	0.008810
3	1	0.007762
