BUDGET	seed 7014	30 s
POPULATION	2000 intake + 2000 champion
    gen    secs  head      min_hff      avg_hff    mse_train       r2_train     r2_val_bl2     r2_val_bk3  t_depth   log10_p
      1       0    34  6.256892e-2  4.308063e-1    1.0423e-1   0.9874873317   0.9903374527              -        2     -6.49
  cohorts 1 alive | c0:4000@6.257e-2
      2       0    34  4.555265e-2  3.702711e-1    1.3099e-2   0.9984275265   0.9968267888              -        2     -7.18
  cohorts 1 alive | c0:4000@4.555e-2
      3       0    34  2.204767e-2  4.111608e-1    1.0913e-2   0.9986899176   0.9986135830              -        2     -8.75
  cohorts 1 alive | c0:4000@2.205e-2
      4       0    34  2.204736e-2  4.018256e-1    1.0913e-2   0.9986899168   0.9986136537              -        2     -8.75
  cohorts 1 alive | c0:4000@2.205e-2
      5       0    34  2.131129e-2  4.346285e-1    1.0987e-2   0.9986810744   0.9986453123              -        2     -8.83
  cohorts 1 alive | c0:4000@2.131e-2
      6       0    34  1.981159e-2  4.533618e-1    1.1952e-2   0.9985652790   0.9990266456              -        2     -8.98
  cohorts 1 alive | c0:4000@1.981e-2
      7       0    34  1.981159e-2  4.696691e-1    1.1952e-2   0.9985652790   0.9990266456              -        2     -8.98
  cohorts 1 alive | c0:4000@1.981e-2
      8       0    34  1.883645e-2  4.725942e-1    1.0753e-2   0.9987092108   0.9991008915              -        3     -9.09
  cohorts 1 alive | c0:4000@1.884e-2
      9       0    34  1.813556e-2  5.134161e-1    1.1790e-2   0.9985847205   0.9992493692              -        3     -9.18
  cohorts 1 alive | c0:4000@1.814e-2
     10       0    34  1.813551e-2  5.181912e-1    1.1790e-2   0.9985847200   0.9992493768              -        3     -9.18
  cohorts 1 alive | c0:4000@1.814e-2
     11       0    34  1.809066e-2  4.259074e-1    1.7333e-2   0.9979192432   0.9995641378              -        4     -9.18
  cohorts 1 alive | c0:4000@1.809e-2
     12       0    34  1.806878e-2  4.752982e-1    1.6972e-2   0.9979625573   0.9995642985              -        4     -9.18
  cohorts 1 alive | c0:4000@1.807e-2
     13       0    34  1.803823e-2  5.037098e-1    1.5898e-2   0.9980915519   0.9995672046              -        4     -9.19
  cohorts 1 alive | c0:4000@1.804e-2
     14       0    34  1.803823e-2  4.996685e-1    1.5898e-2   0.9980915519   0.9995672046              -        4     -9.19
  cohorts 1 alive | c0:4000@1.804e-2
     15       0    34  1.803823e-2  4.776296e-1    1.5898e-2   0.9980915519   0.9995672046              -        4     -9.19
  cohorts 1 alive | c0:4000@1.804e-2
     16       0    34  1.803823e-2  4.660942e-1    1.5898e-2   0.9980915519   0.9995672046              -        4     -9.19
  cohorts 1 alive | c0:4000@1.804e-2
     17       0    34  1.803823e-2  4.976146e-1    1.5898e-2   0.9980915519   0.9995672046              -        4     -9.19
  cohorts 1 alive | c0:4000@1.804e-2
     18       0    34  1.803823e-2  4.793679e-1    1.5898e-2   0.9980915519   0.9995672046              -        4     -9.19
  cohorts 1 alive | c0:4000@1.804e-2
     19       1    34  1.803823e-2  5.111294e-1    1.5898e-2   0.9980915519   0.9995672046              -        4     -9.19
  cohorts 1 alive | c0:4000@1.804e-2
     20       1    34  1.803813e-2  6.873919e-1    1.5899e-2   0.9980913641   0.9995672087              -        2     -9.19
  cohorts 2 alive | c0:2400@1.804e-2  c20:1600@7.766e-2
     21       1    34  1.799431e-2  4.214994e-1    1.6598e-2   0.9980075403   0.9995393236              -        2     -9.19
  cohorts 2 alive | c0:2400@1.799e-2  c20:1600@6.984e-2
     22       1    34  1.799233e-2  4.050016e-1    1.6667e-2   0.9979992457   0.9995333754              -        2     -9.19
  cohorts 2 alive | c0:2400@1.799e-2  c20:1600@6.975e-2
     23       1    34  1.799143e-2  4.369726e-1    1.6793e-2   0.9979841373   0.9995221114              -        2     -9.19
  cohorts 2 alive | c0:2400@1.799e-2  c20:1600@6.931e-2
     24       1    34  1.700284e-2  4.128002e-1    4.7125e-3   0.9994342942   0.9995622273              -        2     -9.32
  cohorts 2 alive | c0:2400@1.700e-2  c20:1600@6.623e-2
     25       1    34  1.572070e-2  4.281312e-1    3.5234e-3   0.9995770398   0.9994614984              -        2     -9.49
  cohorts 2 alive | c0:2400@1.572e-2  c20:1600@6.303e-2
     26       1    34  1.527570e-2  4.819711e-1    3.0542e-3   0.9996333567   0.9995940316              -        3     -9.55
  cohorts 2 alive | c0:2400@1.528e-2  c20:1600@6.218e-2
     27       1    34  1.477795e-2  4.793288e-1    2.5184e-3   0.9996976759   0.9996749525              -        3     -9.62
  cohorts 2 alive | c0:2400@1.478e-2  c20:1600@5.588e-2
     28       1    34  1.392964e-2  4.896130e-1    2.7525e-3   0.9996695818   0.9996305024              -        2     -9.75
  cohorts 2 alive | c0:2400@1.393e-2  c20:1600@5.172e-2
     29       1    34  1.392964e-2  5.352625e-1    2.7525e-3   0.9996695818   0.9996305024              -        2     -9.75
  cohorts 2 alive | c0:2400@1.393e-2  c20:1600@4.626e-2
     30       1    34  1.392964e-2  5.875862e-1    2.7525e-3   0.9996695818   0.9996305024              -        2     -9.75
  cohorts 2 alive | c0:2400@1.393e-2  c20:1600@4.626e-2
     31       1    34  1.392964e-2  5.683684e-1    2.7525e-3   0.9996695818   0.9996305024              -        2     -9.75
  cohorts 2 alive | c0:2400@1.393e-2  c20:1600@4.456e-2
     32       1    34  1.389050e-2  6.040748e-1    2.7952e-3   0.9996644573   0.9996241531              -        2     -9.76
  cohorts 2 alive | c0:2400@1.389e-2  c20:1600@3.988e-2
     33       1    34  1.388148e-2  6.142112e-1    2.7962e-3   0.9996643387   0.9996246789              -        2     -9.76
  cohorts 2 alive | c0:2400@1.388e-2  c20:1600@3.988e-2
     34       1    34  1.388148e-2  5.918806e-1    2.7962e-3   0.9996643387   0.9996246789              -        2     -9.76
  cohorts 2 alive | c0:2400@1.388e-2  c20:1600@3.983e-2
     35       1    34  1.388148e-2  5.393019e-1    2.7962e-3   0.9996643387   0.9996246789              -        2     -9.76
  cohorts 2 alive | c0:2400@1.388e-2  c20:1600@3.957e-2
     36       1    34  1.388148e-2  4.945695e-1    2.7962e-3   0.9996643387   0.9996246789              -        2     -9.76
  cohorts 2 alive | c0:2400@1.388e-2  c20:1600@3.957e-2
     37       1    34  1.388148e-2  5.023114e-1    2.7962e-3   0.9996643387   0.9996246789              -        2     -9.76
  cohorts 2 alive | c0:2400@1.388e-2  c20:1600@3.957e-2
     38       1    34  1.388148e-2  5.004582e-1    2.7962e-3   0.9996643387   0.9996246789              -        2     -9.76
  cohorts 2 alive | c0:2400@1.388e-2  c20:1600@3.957e-2
     39       1    34  1.388148e-2  4.885227e-1    2.7962e-3   0.9996643387   0.9996246789              -        2     -9.76
  cohorts 2 alive | c0:2400@1.388e-2  c20:1600@3.957e-2
     40       1    34  1.367572e-2  6.718083e-1    1.9948e-3   0.9997605348   0.9995611865              -        2     -9.79
  cohorts 3 alive | c0:1992@1.368e-2  c20:408@3.957e-2  c40:1600@7.492e-2
     41       1    34  1.355603e-2  5.593544e-1    1.7948e-3   0.9997845481   0.9995948764              -        2     -9.81
  cohorts 3 alive | c0:1992@1.356e-2  c20:408@1.368e-2  c40:1600@7.492e-2
     42       1    34  1.354747e-2  5.544778e-1    1.7947e-3   0.9997845576   0.9995949694              -        2     -9.81
  cohorts 3 alive | c0:1992@1.355e-2  c20:408@2.639e-2  c40:1600@7.439e-2
     43       1    34  1.354747e-2  4.498379e-1    1.7947e-3   0.9997845576   0.9995949694              -        2     -9.81
  cohorts 3 alive | c0:1992@1.355e-2  c20:408@1.357e-2  c40:1600@6.684e-2
     44       1    34  1.354524e-2  4.680604e-1    1.7953e-3   0.9997844803   0.9995947981              -        2     -9.81
  cohorts 3 alive | c0:1992@1.355e-2  c20:408@1.355e-2  c40:1600@6.646e-2
     45       1    34  1.345867e-2  4.680494e-1    1.7544e-3   0.9997893988   0.9996014052              -        4     -9.82
  cohorts 3 alive | c0:1992@1.346e-2  c20:408@3.957e-2  c40:1600@6.046e-2
     46       1    34  1.337484e-2  4.642381e-1    1.8413e-3   0.9997789575   0.9995973500              -        4     -9.84
  cohorts 3 alive | c0:1992@1.337e-2  c20:408@1.346e-2  c40:1600@5.401e-2
     47       1    34  1.337274e-2  4.248114e-1    1.8410e-3   0.9997789941   0.9995973279              -        4     -9.84
  cohorts 3 alive | c0:1992@1.337e-2  c20:408@1.337e-2  c40:1600@5.353e-2
     48       1    34  1.337274e-2  4.385045e-1    1.8410e-3   0.9997789941   0.9995973279              -        4     -9.84
  cohorts 3 alive | c0:1992@1.337e-2  c20:408@3.957e-2  c40:1600@5.162e-2
     49       1    34  1.337274e-2  4.473590e-1    1.8410e-3   0.9997789941   0.9995973279              -        4     -9.84
  cohorts 3 alive | c0:1992@1.337e-2  c20:408@1.337e-2  c40:1600@5.162e-2
     50       1    34  1.337158e-2  4.505498e-1    1.8417e-3   0.9997789091   0.9995973651              -        4     -9.84
  cohorts 3 alive | c0:1992@1.337e-2  c20:408@3.809e-2  c40:1600@5.162e-2
     51       1    34  1.337158e-2  4.377165e-1    1.8417e-3   0.9997789091   0.9995973651              -        4     -9.84
  cohorts 3 alive | c0:1992@1.337e-2  c20:408@1.337e-2  c40:1600@5.162e-2
     52       1    34  1.337158e-2  4.530141e-1    1.8417e-3   0.9997789091   0.9995973651              -        4     -9.84
  cohorts 3 alive | c0:1992@1.337e-2  c20:408@3.957e-2  c40:1600@5.162e-2
     53       1    34  1.337158e-2  4.340414e-1    1.8417e-3   0.9997789091   0.9995973651              -        4     -9.84
  cohorts 3 alive | c0:1992@1.337e-2  c20:408@1.337e-2  c40:1600@5.162e-2
     54       2    34  1.337158e-2  4.496399e-1    1.8417e-3   0.9997789091   0.9995973651              -        4     -9.84
  cohorts 3 alive | c0:1992@1.337e-2  c20:408@1.337e-2  c40:1600@5.162e-2
     55       2    34  1.337158e-2  4.541861e-1    1.8417e-3   0.9997789091   0.9995973651              -        4     -9.84
  cohorts 3 alive | c0:1992@1.337e-2  c20:408@1.337e-2  c40:1600@5.162e-2
     56       2    34  1.337158e-2  4.783053e-1    1.8417e-3   0.9997789091   0.9995973651              -        4     -9.84
  cohorts 3 alive | c0:1992@1.337e-2  c20:408@1.337e-2  c40:1600@5.138e-2
     57       2    34  1.327762e-2  4.626937e-1    2.1840e-3   0.9997378294   0.9995945915              -        3     -9.85
  cohorts 3 alive | c0:1992@1.328e-2  c20:408@1.337e-2  c40:1600@5.109e-2
     58       2    34  1.302144e-2  4.837328e-1    2.0395e-3   0.9997551687   0.9996117834              -        3     -9.90
  cohorts 3 alive | c0:1992@1.302e-2  c20:408@1.328e-2  c40:1600@5.015e-2
     59       2    34  1.297326e-2  4.939580e-1    2.0688e-3   0.9997516482   0.9996149516              -        3     -9.90
  cohorts 3 alive | c0:1992@1.297e-2  c20:408@1.302e-2  c40:1600@4.932e-2
     60       2    34  1.297326e-2  7.353380e-1    2.0688e-3   0.9997516482   0.9996149516              -        3     -9.90
  cohorts 4 alive | c0:1974@1.297e-2  c20:144@1.297e-2  c40:282@4.138e-2  c60:1600@9.110e-2
     61       2    34  1.297326e-2  4.692344e-1    2.0688e-3   0.9997516482   0.9996149516              -        3     -9.90
  cohorts 4 alive | c0:1974@1.297e-2  c20:144@1.297e-2  c40:282@1.297e-2  c60:1600@8.245e-2
     62       2    34  1.287942e-2  4.868299e-1    2.5236e-3   0.9996970606   0.9996108216              -        4     -9.92
  cohorts 4 alive | c0:1974@1.288e-2  c20:144@1.297e-2  c40:282@3.940e-2  c60:1600@8.245e-2
     63       2    34  1.287942e-2  4.855678e-1    2.5236e-3   0.9996970606   0.9996108216              -        4     -9.92
  cohorts 4 alive | c0:1974@1.288e-2  c20:144@1.288e-2  c40:282@1.288e-2  c60:1600@7.778e-2
     64       2    34  1.287942e-2  5.092635e-1    2.5236e-3   0.9996970606   0.9996108216              -        4     -9.92
  cohorts 4 alive | c0:1974@1.288e-2  c20:144@1.288e-2  c40:282@2.166e-2  c60:1600@6.380e-2
     65       2    34  1.287942e-2  4.693518e-1    2.5236e-3   0.9996970606   0.9996108216              -        4     -9.92
  cohorts 4 alive | c0:1974@1.288e-2  c20:144@1.288e-2  c40:282@2.364e-2  c60:1600@5.691e-2
     66       2    34  1.287942e-2  4.710994e-1    2.5236e-3   0.9996970606   0.9996108216              -        4     -9.92
  cohorts 4 alive | c0:1974@1.288e-2  c20:144@1.288e-2  c40:282@1.288e-2  c60:1600@4.844e-2
     67       2    34  1.287942e-2  4.929420e-1    2.5236e-3   0.9996970606   0.9996108216              -        4     -9.92
  cohorts 4 alive | c0:1974@1.288e-2  c20:144@1.288e-2  c40:282@1.288e-2  c60:1600@4.844e-2
     68       2    34  1.276899e-2  5.036050e-1    2.6420e-3   0.9996828464   0.9996073030              -        4     -9.94
  cohorts 4 alive | c0:1974@1.277e-2  c20:144@1.288e-2  c40:282@1.288e-2  c60:1600@4.844e-2
     69       2    34  1.276899e-2  4.922972e-1    2.6420e-3   0.9996828464   0.9996073030              -        4     -9.94
  cohorts 4 alive | c0:1974@1.277e-2  c20:144@1.277e-2  c40:282@1.277e-2  c60:1600@4.844e-2
     70       2    34  1.276899e-2  4.799738e-1    2.6420e-3   0.9996828464   0.9996073030              -        4     -9.94
  cohorts 4 alive | c0:1974@1.277e-2  c20:144@1.277e-2  c40:282@1.277e-2  c60:1600@4.844e-2
     71       2    34  1.276899e-2  5.279207e-1    2.6420e-3   0.9996828464   0.9996073030              -        4     -9.94
  cohorts 4 alive | c0:1974@1.277e-2  c40:282@1.277e-2  c20:144@3.810e-2  c60:1600@4.844e-2
     72       2    34  1.276899e-2  5.044467e-1    2.6420e-3   0.9996828464   0.9996073030              -        4     -9.94
  cohorts 4 alive | c0:1974@1.277e-2  c40:282@1.277e-2  c20:144@1.290e-2  c60:1600@4.841e-2
     73       2    34  1.276899e-2  5.090374e-1    2.6420e-3   0.9996828464   0.9996073030              -        4     -9.94
  cohorts 4 alive | c0:1974@1.277e-2  c40:282@1.277e-2  c20:144@1.389e-2  c60:1600@4.723e-2
     74       2    34  1.276899e-2  5.508880e-1    2.6420e-3   0.9996828464   0.9996073030              -        4     -9.94
  cohorts 4 alive | c0:1974@1.277e-2  c20:144@1.277e-2  c40:282@1.277e-2  c60:1600@4.570e-2
     75       2    34  1.276899e-2  6.358149e-1    2.6420e-3   0.9996828464   0.9996073030              -        4     -9.94
  cohorts 4 alive | c0:1974@1.277e-2  c20:144@1.277e-2  c40:282@1.277e-2  c60:1600@4.565e-2
     76       2    34  1.276899e-2  6.164774e-1    2.6420e-3   0.9996828464   0.9996073030              -        4     -9.94
  cohorts 4 alive | c0:1974@1.277e-2  c20:144@1.277e-2  c40:282@1.277e-2  c60:1600@4.565e-2
     77       2    34  1.276899e-2  6.020008e-1    2.6420e-3   0.9996828464   0.9996073030              -        4     -9.94
  cohorts 4 alive | c0:1974@1.277e-2  c20:144@1.277e-2  c40:282@3.055e-2  c60:1600@4.537e-2
     78       2    34  1.276899e-2  6.225506e-1    2.6420e-3   0.9996828464   0.9996073030              -        4     -9.94
  cohorts 4 alive | c0:1974@1.277e-2  c20:144@1.277e-2  c40:282@1.277e-2  c60:1600@4.532e-2
     79       2    34  1.276899e-2  6.110064e-1    2.6420e-3   0.9996828464   0.9996073030              -        4     -9.94
  cohorts 4 alive | c0:1974@1.277e-2  c20:144@1.634e-2  c40:282@3.940e-2  c60:1600@4.532e-2
     80       2    34  1.276899e-2  7.585422e-1    2.6420e-3   0.9996828464   0.9996073030              -        4     -9.94
  cohorts 5 alive | c0:1956@1.277e-2  c20:63@1.277e-2  c40:75@1.277e-2  c60:306@4.532e-2  c80:1600@8.420e-2
     81       2    34  1.276899e-2  5.405069e-1    2.6420e-3   0.9996828464   0.9996073030              -        4     -9.94
  cohorts 5 alive | c0:1956@1.277e-2  c20:63@1.277e-2  c40:75@3.940e-2  c60:306@4.532e-2  c80:1600@7.493e-2
     82       2    34  1.273160e-2  5.482007e-1    1.9773e-3   0.9997626386   0.9996281718              -        4     -9.94
  cohorts 5 alive | c0:1956@1.273e-2  c40:75@1.277e-2  c60:306@1.278e-2  c20:63@2.586e-2  c80:1600@7.094e-2
     83       2    34  1.231733e-2  5.468420e-1    1.6420e-3   0.9998028854   0.9996837553              -        4    -10.02
  cohorts 5 alive | c0:1956@1.232e-2  c20:63@1.252e-2  c40:75@1.273e-2  c60:306@4.491e-2  c80:1600@6.577e-2
     84       2    34  1.211008e-2  5.248505e-1    1.5985e-3   0.9998081045   0.9997025007              -        4    -10.05
  cohorts 5 alive | c0:1956@1.211e-2  c20:63@1.229e-2  c40:75@1.232e-2  c60:306@1.409e-2  c80:1600@5.622e-2
     85       2    34  1.198714e-2  5.367856e-1    1.4609e-3   0.9998246292   0.9997159298              -        4    -10.08
  cohorts 5 alive | c0:1956@1.199e-2  c20:63@1.211e-2  c40:75@1.211e-2  c60:306@1.211e-2  c80:1600@5.158e-2
     86       2    34  1.193470e-2  5.573467e-1    1.4209e-3   0.9998294355   0.9997255883              -        5    -10.09
  cohorts 5 alive | c0:1956@1.193e-2  c20:63@1.199e-2  c40:75@1.293e-2  c60:306@4.489e-2  c80:1600@4.862e-2
     87       2    34  1.186350e-2  5.449222e-1    1.4392e-3   0.9998272311   0.9997308611              -        5    -10.10
  cohorts 5 alive | c0:1956@1.186e-2  c20:63@1.186e-2  c60:306@1.193e-2  c40:75@1.238e-2  c80:1600@4.589e-2
     88       3    34  1.186350e-2  5.663926e-1    1.4392e-3   0.9998272311   0.9997308611              -        5    -10.10
  cohorts 5 alive | c0:1956@1.186e-2  c20:63@1.186e-2  c40:75@1.186e-2  c60:306@4.488e-2  c80:1600@4.589e-2
     89       3    34  1.186350e-2  5.664883e-1    1.4392e-3   0.9998272311   0.9997308611              -        5    -10.10
  cohorts 5 alive | c0:1956@1.186e-2  c40:75@1.922e-2  c20:63@3.009e-2  c60:306@4.488e-2  c80:1600@4.589e-2
     90       3    34  1.186350e-2  5.622752e-1    1.4392e-3   0.9998272311   0.9997308611              -        5    -10.10
  cohorts 5 alive | c0:1956@1.186e-2  c40:75@1.193e-2  c20:63@3.478e-2  c60:306@4.488e-2  c80:1600@4.589e-2
     91       3    34  1.186350e-2  5.897342e-1    1.4392e-3   0.9998272311   0.9997308611              -        5    -10.10
  cohorts 5 alive | c0:1956@1.186e-2  c20:63@1.186e-2  c40:75@1.186e-2  c80:1600@4.454e-2  c60:306@4.488e-2
     92       3    34  1.186350e-2  5.827599e-1    1.4392e-3   0.9998272311   0.9997308611              -        5    -10.10
  cohorts 5 alive | c0:1956@1.186e-2  c20:63@1.186e-2  c40:75@1.186e-2  c80:1600@4.454e-2  c60:306@4.488e-2
     93       3    34  1.186350e-2  5.736398e-1    1.4392e-3   0.9998272311   0.9997308611              -        5    -10.10
  cohorts 5 alive | c0:1956@1.186e-2  c20:63@1.186e-2  c40:75@1.186e-2  c60:306@2.827e-2  c80:1600@4.454e-2
     94       3    34  1.186350e-2  5.326558e-1    1.4392e-3   0.9998272311   0.9997308611              -        5    -10.10
  cohorts 5 alive | c0:1956@1.186e-2  c40:75@1.186e-2  c20:63@3.929e-2  c80:1600@4.454e-2  c60:306@4.484e-2
     95       3    34  1.186350e-2  5.594638e-1    1.4392e-3   0.9998272311   0.9997308611              -        5    -10.10
  cohorts 5 alive | c0:1956@1.186e-2  c40:75@1.186e-2  c60:306@2.851e-2  c20:63@3.147e-2  c80:1600@4.454e-2
     96       3    34  1.186350e-2  5.561083e-1    1.4392e-3   0.9998272311   0.9997308611              -        5    -10.10
  cohorts 5 alive | c0:1956@1.186e-2  c20:63@1.186e-2  c40:75@1.186e-2  c80:1600@4.454e-2  c60:306@4.484e-2
     97       3    34  1.186350e-2  5.639396e-1    1.4392e-3   0.9998272311   0.9997308611              -        5    -10.10
  cohorts 5 alive | c0:1956@1.186e-2  c20:63@1.186e-2  c40:75@1.186e-2  c60:306@2.458e-2  c80:1600@4.454e-2
     98       3    34  1.186350e-2  5.641002e-1    1.4392e-3   0.9998272311   0.9997308611              -        5    -10.10
  cohorts 5 alive | c0:1956@1.186e-2  c20:63@1.186e-2  c40:75@1.296e-2  c60:306@1.308e-2  c80:1600@4.454e-2
     99       3    34  1.186350e-2  5.526757e-1    1.4392e-3   0.9998272311   0.9997308611              -        5    -10.10
  cohorts 5 alive | c0:1956@1.186e-2  c20:63@1.186e-2  c40:75@1.186e-2  c80:1600@4.438e-2  c60:306@4.484e-2
    100       3    34  1.186350e-2  8.085203e-1    1.4392e-3   0.9998272311   0.9997308611              -        5    -10.10
  cohorts 6 alive | c0:1940@1.186e-2  c20:34@1.186e-2  c40:29@1.186e-2  c60:10@1.999e-2  c80:387@4.380e-2  c100:1600@8.710e-2
    101       3    34  1.186350e-2  5.712230e-1    1.4392e-3   0.9998272311   0.9997308611              -        5    -10.10
  cohorts 6 alive | c0:1940@1.186e-2  c20:34@1.186e-2  c40:29@1.305e-2  c80:387@4.380e-2  c100:1600@7.205e-2  c60:10@2.187e-1
    102       3    34  1.186350e-2  5.646153e-1    1.4392e-3   0.9998272311   0.9997308611              -        5    -10.10
  cohorts 6 alive | c0:1940@1.186e-2  c20:34@1.186e-2  c40:29@1.186e-2  c60:10@1.296e-2  c80:387@2.326e-2  c100:1600@6.717e-2
    103       3    34  1.186350e-2  5.770623e-1    1.4392e-3   0.9998272311   0.9997308611              -        5    -10.10
  cohorts 6 alive | c0:1940@1.186e-2  c20:34@1.186e-2  c40:29@1.186e-2  c80:387@4.379e-2  c100:1600@6.580e-2  c60:10@1.669e-1
    104       3    34  1.185631e-2  5.821818e-1    1.4378e-3   0.9998273976   0.9997308611              -        6    -10.10
  cohorts 6 alive | c0:1940@1.186e-2  c20:34@1.186e-2  c40:29@1.186e-2  c60:10@1.186e-2  c80:387@1.186e-2  c100:1600@5.813e-2
    105       3    34  1.185631e-2  5.871804e-1    1.4378e-3   0.9998273976   0.9997308611              -        6    -10.10
  cohorts 6 alive | c0:1940@1.186e-2  c20:34@1.186e-2  c40:29@1.186e-2  c60:10@1.296e-2  c80:387@4.379e-2  c100:1600@5.767e-2
    106       3    34  1.185631e-2  6.057733e-1    1.4378e-3   0.9998273976   0.9997308611              -        6    -10.10
  cohorts 6 alive | c0:1940@1.186e-2  c20:34@1.186e-2  c40:29@1.186e-2  c80:387@1.988e-2  c60:10@2.218e-2  c100:1600@5.662e-2
    107       3    34  1.165809e-2  5.832339e-1    4.7104e-3   0.9994345455   0.9997818320              -        6    -10.14
  cohorts 6 alive | c0:1940@1.166e-2  c20:34@1.285e-2  c40:29@1.310e-2  c60:10@1.310e-2  c80:387@3.890e-2  c100:1600@5.655e-2
    108       3    34  1.155412e-2  5.539605e-1    4.7008e-3   0.9994356940   0.9997811258              -        6    -10.16
  cohorts 6 alive | c0:1940@1.155e-2  c40:29@1.228e-2  c20:34@1.328e-2  c80:387@2.731e-2  c60:10@3.822e-2  c100:1600@5.633e-2
    109       3    34  1.058082e-2  5.648964e-1    1.4836e-3   0.9998218998   0.9998097552              -        6    -10.35
  cohorts 6 alive | c0:1940@1.058e-2  c40:29@1.155e-2  c60:10@1.188e-2  c80:387@1.307e-2  c20:34@1.707e-2  c100:1600@4.981e-2
    110       3    34  1.058082e-2  5.522883e-1    1.4836e-3   0.9998218998   0.9998097552              -        6    -10.35
  cohorts 6 alive | c0:1940@1.058e-2  c20:34@1.058e-2  c60:10@1.058e-2  c40:29@3.890e-2  c80:387@3.890e-2  c100:1600@4.981e-2
    111       3    34  1.058082e-2  5.473249e-1    1.4836e-3   0.9998218998   0.9998097552              -        6    -10.35
  cohorts 6 alive | c0:1940@1.058e-2  c20:34@1.058e-2  c60:10@1.058e-2  c40:29@1.293e-2  c80:387@1.305e-2  c100:1600@4.981e-2
    112       3    34  1.058082e-2  5.682332e-1    1.4836e-3   0.9998218998   0.9998097552              -        6    -10.35
  cohorts 6 alive | c0:1940@1.058e-2  c40:29@1.058e-2  c60:10@1.058e-2  c80:387@1.098e-2  c20:34@1.882e-2  c100:1600@4.981e-2
    113       3    34  1.058082e-2  5.851597e-1    1.4836e-3   0.9998218998   0.9998097552              -        6    -10.35
  cohorts 6 alive | c0:1940@1.058e-2  c20:34@1.058e-2  c80:387@1.058e-2  c40:29@1.287e-2  c100:1600@4.980e-2  c60:10@1.634e-1
    114       3    34  1.058082e-2  5.639698e-1    1.4836e-3   0.9998218998   0.9998097552              -        6    -10.35
  cohorts 6 alive | c0:1940@1.058e-2  c20:34@1.058e-2  c40:29@1.058e-2  c60:10@1.058e-2  c80:387@3.869e-2  c100:1600@4.971e-2
    115       3    34  1.023919e-2  6.010481e-1    1.4360e-3   0.9998276148   0.9998202166              -        6    -10.42
  cohorts 6 alive | c0:1940@1.024e-2  c20:34@1.058e-2  c40:29@1.058e-2  c80:387@3.782e-2  c60:10@4.092e-2  c100:1600@4.971e-2
    116       3    34  1.023919e-2  5.773488e-1    1.4360e-3   0.9998276148   0.9998202166              -        6    -10.42
  cohorts 6 alive | c0:1940@1.024e-2  c60:10@1.024e-2  c80:387@1.024e-2  c20:34@1.159e-2  c40:29@1.350e-2  c100:1600@4.970e-2
    117       3    34  1.023919e-2  5.627865e-1    1.4360e-3   0.9998276148   0.9998202166              -        6    -10.42
  cohorts 6 alive | c0:1940@1.024e-2  c20:34@1.024e-2  c40:29@1.024e-2  c80:387@1.829e-2  c100:1600@4.795e-2  c60:10@1.836e-1
    118       3    34  1.023919e-2  5.853156e-1    1.4360e-3   0.9998276148   0.9998202166              -        6    -10.42
  cohorts 6 alive | c0:1940@1.024e-2  c40:29@1.024e-2  c80:387@1.024e-2  c20:34@1.115e-2  c60:10@2.692e-2  c100:1600@3.960e-2
    119       3    34  1.003253e-2  6.029075e-1    1.4721e-3   0.9998232868   0.9998278616              -        6    -10.46
  cohorts 6 alive | c0:1940@1.003e-2  c20:34@1.024e-2  c60:10@1.692e-2  c40:29@2.548e-2  c80:387@3.176e-2  c100:1600@3.736e-2
    120       3    34  1.003253e-2  8.742384e-1    1.4721e-3   0.9998232868   0.9998278616              -        6    -10.46
  cohorts 4 alive | c0:1980@1.003e-2  c80:91@3.629e-2  c100:329@3.729e-2  c120:1600@9.110e-2
    121       4    34  1.003253e-2  5.931716e-1    1.4721e-3   0.9998232868   0.9998278616              -        6    -10.46
  cohorts 4 alive | c0:1980@1.003e-2  c80:91@1.003e-2  c100:329@1.086e-2  c120:1600@8.245e-2
    122       4    34  1.003253e-2  5.950664e-1    1.4721e-3   0.9998232868   0.9998278616              -        6    -10.46
  cohorts 4 alive | c0:1980@1.003e-2  c80:91@2.820e-2  c100:329@3.676e-2  c120:1600@8.076e-2
    123       4    34  1.003253e-2  5.793838e-1    1.4721e-3   0.9998232868   0.9998278616              -        6    -10.46
  cohorts 4 alive | c0:1980@1.003e-2  c100:329@1.003e-2  c80:91@1.144e-2  c120:1600@7.655e-2
    124       4    34  1.003253e-2  5.626599e-1    1.4721e-3   0.9998232868   0.9998278616              -        6    -10.46
  cohorts 4 alive | c0:1980@1.003e-2  c100:329@1.029e-2  c80:91@1.261e-2  c120:1600@6.921e-2
    125       4    34  1.003253e-2  5.525374e-1    1.4721e-3   0.9998232868   0.9998278616              -        6    -10.46
  cohorts 4 alive | c0:1980@1.003e-2  c80:91@1.003e-2  c100:329@1.289e-2  c120:1600@6.892e-2
    126       4    34  1.003253e-2  5.655210e-1    1.4721e-3   0.9998232868   0.9998278616              -        6    -10.46
  cohorts 4 alive | c0:1980@1.003e-2  c100:329@2.802e-2  c80:91@3.629e-2  c120:1600@6.554e-2
    127       4    34  1.003253e-2  5.331757e-1    1.4721e-3   0.9998232868   0.9998278616              -        6    -10.46
  cohorts 4 alive | c0:1980@1.003e-2  c80:91@1.003e-2  c100:329@1.302e-2  c120:1600@6.464e-2
    128       4    34  1.003253e-2  5.646427e-1    1.4721e-3   0.9998232868   0.9998278616              -        6    -10.46
  cohorts 4 alive | c0:1980@1.003e-2  c80:91@1.003e-2  c100:329@1.301e-2  c120:1600@6.294e-2
    129       4    34  1.003253e-2  5.674056e-1    1.4721e-3   0.9998232868   0.9998278616              -        6    -10.46
  cohorts 4 alive | c0:1980@1.003e-2  c100:329@1.293e-2  c80:91@1.319e-2  c120:1600@6.289e-2
    130       4    34  1.003253e-2  5.926627e-1    1.4721e-3   0.9998232868   0.9998278616              -        6    -10.46
  cohorts 4 alive | c0:1980@1.003e-2  c80:91@1.017e-2  c100:329@1.299e-2  c120:1600@6.275e-2
    131       4    34  1.003253e-2  5.539540e-1    1.4721e-3   0.9998232868   0.9998278616              -        6    -10.46
  cohorts 4 alive | c0:1980@1.003e-2  c100:329@1.003e-2  c80:91@3.502e-2  c120:1600@6.220e-2
    132       4    34  1.001894e-2  5.940042e-1    1.4485e-3   0.9998261206   0.9998230060              -        6    -10.47
  cohorts 4 alive | c0:1980@1.002e-2  c80:91@3.502e-2  c100:329@3.502e-2  c120:1600@6.017e-2
    133       4    34  1.001894e-2  5.785220e-1    1.4485e-3   0.9998261206   0.9998230060              -        6    -10.47
  cohorts 4 alive | c0:1980@1.002e-2  c80:91@1.002e-2  c100:329@3.444e-2  c120:1600@5.807e-2
    134       4    34  1.001894e-2  5.785672e-1    1.4485e-3   0.9998261206   0.9998230060              -        6    -10.47
  cohorts 4 alive | c0:1980@1.002e-2  c80:91@1.002e-2  c100:329@1.002e-2  c120:1600@5.745e-2
    135       4    34  1.001894e-2  5.582079e-1    1.4485e-3   0.9998261206   0.9998230060              -        6    -10.47
  cohorts 4 alive | c0:1980@1.002e-2  c100:329@1.290e-2  c80:91@2.307e-2  c120:1600@5.021e-2
    136       4    34  1.001894e-2  5.465911e-1    1.4485e-3   0.9998261206   0.9998230060              -        6    -10.47
  cohorts 4 alive | c0:1980@1.002e-2  c80:91@1.172e-2  c100:329@1.271e-2  c120:1600@4.922e-2
    137       4    34  1.001894e-2  5.312291e-1    1.4485e-3   0.9998261206   0.9998230060              -        6    -10.47
  cohorts 4 alive | c0:1980@1.002e-2  c80:91@1.002e-2  c100:329@3.444e-2  c120:1600@4.688e-2
    138       4    34  1.001894e-2  5.491038e-1    1.4485e-3   0.9998261206   0.9998230060              -        6    -10.47
  cohorts 4 alive | c0:1980@1.002e-2  c100:329@1.280e-2  c80:91@1.288e-2  c120:1600@4.105e-2
    139       4    34  1.001894e-2  5.727693e-1    1.4485e-3   0.9998261206   0.9998230060              -        6    -10.47
  cohorts 4 alive | c0:1980@1.002e-2  c100:329@1.002e-2  c80:91@1.271e-2  c120:1600@3.673e-2
    140       4    34  1.001894e-2  7.737598e-1    1.4485e-3   0.9998261206   0.9998230060              -        6    -10.47
  cohorts 5 alive | c0:1961@1.002e-2  c80:22@1.002e-2  c100:60@1.002e-2  c120:357@3.157e-2  c140:1600@1.029e-1
    141       4    34  1.001894e-2  5.316160e-1    1.4485e-3   0.9998261206   0.9998230060              -        6    -10.47
  cohorts 5 alive | c0:1961@1.002e-2  c80:22@1.002e-2  c100:60@1.002e-2  c120:357@1.002e-2  c140:1600@9.943e-2
    142       4    34  1.001894e-2  5.352868e-1    1.4485e-3   0.9998261206   0.9998230060              -        6    -10.47
  cohorts 5 alive | c0:1961@1.002e-2  c80:22@1.271e-2  c120:357@1.524e-2  c100:60@2.946e-2  c140:1600@9.197e-2
    143       4    34  1.001894e-2  4.951638e-1    1.4485e-3   0.9998261206   0.9998230060              -        6    -10.47
  cohorts 5 alive | c0:1961@1.002e-2  c100:60@1.002e-2  c120:357@2.946e-2  c80:22@2.946e-2  c140:1600@6.964e-2
    144       4    34  1.001894e-2  5.262568e-1    1.4485e-3   0.9998261206   0.9998230060              -        6    -10.47
  cohorts 5 alive | c0:1961@1.002e-2  c80:22@1.002e-2  c120:357@1.172e-2  c100:60@2.360e-2  c140:1600@5.271e-2
    145       4    34  1.001894e-2  5.406340e-1    1.4485e-3   0.9998261206   0.9998230060              -        6    -10.47
  cohorts 5 alive | c0:1961@1.002e-2  c80:22@1.002e-2  c100:60@1.002e-2  c120:357@1.290e-2  c140:1600@5.271e-2
    146       4    34  1.001894e-2  5.085564e-1    1.4485e-3   0.9998261206   0.9998230060              -        6    -10.47
  cohorts 5 alive | c0:1961@1.002e-2  c80:22@1.002e-2  c100:60@2.854e-2  c120:357@2.854e-2  c140:1600@5.271e-2
    147       4    34  1.001894e-2  5.131963e-1    1.4485e-3   0.9998261206   0.9998230060              -        6    -10.47
  cohorts 5 alive | c0:1961@1.002e-2  c100:60@1.002e-2  c120:357@1.002e-2  c80:22@1.049e-2  c140:1600@5.271e-2
    148       4    34  1.001894e-2  4.908454e-1    1.4485e-3   0.9998261206   0.9998230060              -        6    -10.47
  cohorts 5 alive | c0:1961@1.002e-2  c80:22@1.002e-2  c100:60@1.283e-2  c120:357@1.290e-2  c140:1600@5.271e-2
    149       4    34  1.001894e-2  5.242926e-1    1.4485e-3   0.9998261206   0.9998230060              -        6    -10.47
  cohorts 5 alive | c0:1961@1.002e-2  c80:22@1.002e-2  c120:357@1.069e-2  c100:60@2.482e-2  c140:1600@4.527e-2
    150       4    34  1.001894e-2  5.480766e-1    1.4485e-3   0.9998261206   0.9998230060              -        6    -10.47
  cohorts 5 alive | c0:1961@1.002e-2  c100:60@1.002e-2  c80:22@2.208e-2  c120:357@2.734e-2  c140:1600@3.495e-2
    151       4    34  1.001894e-2  5.561162e-1    1.4485e-3   0.9998261206   0.9998230060              -        6    -10.47
  cohorts 5 alive | c0:1961@1.002e-2  c80:22@1.002e-2  c120:357@1.023e-2  c100:60@1.299e-2  c140:1600@3.355e-2
    152       4    34  1.001894e-2  5.803399e-1    1.4485e-3   0.9998261206   0.9998230060              -        6    -10.47
  cohorts 5 alive | c0:1961@1.002e-2  c100:60@1.002e-2  c80:22@2.526e-2  c120:357@2.685e-2  c140:1600@3.235e-2
    153       4    34  1.001894e-2  5.507724e-1    1.4485e-3   0.9998261206   0.9998230060              -        6    -10.47
  cohorts 5 alive | c0:1961@1.002e-2  c80:22@1.002e-2  c100:60@1.002e-2  c120:357@1.295e-2  c140:1600@3.014e-2
    154       4    34  1.001894e-2  5.693254e-1    1.4485e-3   0.9998261206   0.9998230060              -        6    -10.47
  cohorts 5 alive | c0:1961@1.002e-2  c120:357@1.002e-2  c80:22@1.319e-2  c100:60@2.685e-2  c140:1600@3.013e-2
    155       5    34  1.001894e-2  6.136394e-1    1.4485e-3   0.9998261206   0.9998230060              -        6    -10.47
  cohorts 5 alive | c0:1961@1.002e-2  c80:22@1.002e-2  c100:60@1.172e-2  c120:357@2.442e-2  c140:1600@2.900e-2
    156       5    34  1.001894e-2  5.956998e-1    1.4485e-3   0.9998261206   0.9998230060              -        6    -10.47
  cohorts 5 alive | c0:1961@1.002e-2  c120:357@1.002e-2  c100:60@1.287e-2  c80:22@2.689e-2  c140:1600@2.783e-2
    157       5    34  1.001894e-2  5.754065e-1    1.4485e-3   0.9998261206   0.9998230060              -        6    -10.47
  cohorts 5 alive | c0:1961@1.002e-2  c100:60@1.002e-2  c80:22@2.553e-2  c120:357@2.610e-2  c140:1600@2.726e-2
    158       5    34  1.001894e-2  5.673444e-1    1.4485e-3   0.9998261206   0.9998230060              -        6    -10.47
  cohorts 5 alive | c0:1961@1.002e-2  c80:22@1.079e-2  c100:60@1.289e-2  c120:357@2.610e-2  c140:1600@2.725e-2
    159       5    34  1.001894e-2  6.532901e-1    1.4485e-3   0.9998261206   0.9998230060              -        6    -10.47
  cohorts 5 alive | c0:1961@1.002e-2  c80:22@1.002e-2  c100:60@1.002e-2  c120:357@2.610e-2  c140:1600@2.718e-2
    160       5    34  1.001894e-2  7.430643e-1    1.4485e-3   0.9998261206   0.9998230060              -        6    -10.47
  cohorts 4 alive | c0:1980@1.002e-2  c120:56@2.553e-2  c140:364@2.712e-2  c160:1600@9.110e-2
    161       5    34  1.001894e-2  5.008243e-1    1.4485e-3   0.9998261206   0.9998230060              -        6    -10.47
  cohorts 4 alive | c0:1980@1.002e-2  c140:364@1.002e-2  c120:56@1.271e-2  c160:1600@8.245e-2
    162       5    34  1.001894e-2  4.869091e-1    1.4485e-3   0.9998261206   0.9998230060              -        6    -10.47
  cohorts 4 alive | c0:1980@1.002e-2  c140:364@1.002e-2  c120:56@1.380e-2  c160:1600@7.803e-2
    163       5    34  1.001894e-2  5.111641e-1    1.4485e-3   0.9998261206   0.9998230060              -        6    -10.47
  cohorts 4 alive | c0:1980@1.002e-2  c140:364@1.002e-2  c120:56@1.271e-2  c160:1600@7.803e-2
    164       5    34  1.001894e-2  5.300152e-1    1.4485e-3   0.9998261206   0.9998230060              -        6    -10.47
  cohorts 4 alive | c0:1980@1.002e-2  c120:56@1.002e-2  c140:364@1.002e-2  c160:1600@7.497e-2
    165       5    34  1.001894e-2  5.298118e-1    1.4485e-3   0.9998261206   0.9998230060              -        6    -10.47
  cohorts 4 alive | c0:1980@1.002e-2  c120:56@2.553e-2  c140:364@2.712e-2  c160:1600@7.444e-2
    166       5    34  1.001894e-2  5.450429e-1    1.4485e-3   0.9998261206   0.9998230060              -        6    -10.47
  cohorts 4 alive | c0:1980@1.002e-2  c120:56@1.002e-2  c140:364@2.712e-2  c160:1600@7.394e-2
    167       5    34  1.001894e-2  5.622827e-1    1.4485e-3   0.9998261206   0.9998230060              -        6    -10.47
  cohorts 4 alive | c0:1980@1.002e-2  c140:364@1.957e-2  c120:56@2.553e-2  c160:1600@7.393e-2
    168       5    34  1.001894e-2  5.504133e-1    1.4485e-3   0.9998261206   0.9998230060              -        6    -10.47
  cohorts 4 alive | c0:1980@1.002e-2  c120:56@1.002e-2  c140:364@1.002e-2  c160:1600@7.304e-2
    169       5    34  1.001894e-2  5.461212e-1    1.4485e-3   0.9998261206   0.9998230060              -        6    -10.47
  cohorts 4 alive | c0:1980@1.002e-2  c120:56@1.002e-2  c140:364@1.289e-2  c160:1600@7.266e-2
    170       5    34  1.001894e-2  5.430391e-1    1.4485e-3   0.9998261206   0.9998230060              -        6    -10.47
  cohorts 4 alive | c0:1980@1.002e-2  c140:364@1.281e-2  c120:56@2.553e-2  c160:1600@7.266e-2
    171       5    34  1.001894e-2  5.498702e-1    1.4485e-3   0.9998261206   0.9998230060              -        6    -10.47
  cohorts 4 alive | c0:1980@1.002e-2  c120:56@1.434e-2  c140:364@2.712e-2  c160:1600@7.266e-2
    172       5    34  1.001894e-2  5.656715e-1    1.4485e-3   0.9998261206   0.9998230060              -        6    -10.47
  cohorts 4 alive | c0:1980@1.002e-2  c140:364@1.002e-2  c120:56@2.553e-2  c160:1600@7.180e-2
    173       5    34  1.001894e-2  5.612334e-1    1.4485e-3   0.9998261206   0.9998230060              -        6    -10.47
  cohorts 4 alive | c0:1980@1.002e-2  c140:364@1.002e-2  c120:56@2.553e-2  c160:1600@6.589e-2
    174       5    34  1.001894e-2  5.242885e-1    1.4485e-3   0.9998261206   0.9998230060              -        6    -10.47
  cohorts 4 alive | c0:1980@1.002e-2  c120:56@2.553e-2  c140:364@2.712e-2  c160:1600@6.518e-2
    175       5    34  1.001894e-2  5.621577e-1    1.4485e-3   0.9998261206   0.9998230060              -        6    -10.47
  cohorts 4 alive | c0:1980@1.002e-2  c120:56@1.002e-2  c140:364@2.712e-2  c160:1600@6.491e-2
    176       5    34  1.001894e-2  5.541768e-1    1.4485e-3   0.9998261206   0.9998230060              -        6    -10.47
  cohorts 4 alive | c0:1980@1.002e-2  c120:56@1.300e-2  c140:364@1.454e-2  c160:1600@6.491e-2
    177       5    34  1.001894e-2  5.637975e-1    1.4485e-3   0.9998261206   0.9998230060              -        6    -10.47
  cohorts 4 alive | c0:1980@1.002e-2  c140:364@1.002e-2  c120:56@1.481e-2  c160:1600@6.299e-2
    178       5    34  9.286418e-3  5.639113e-1    1.1793e-3   0.9998584382   0.9998427902              -        4    -10.63
  cohorts 4 alive | c0:1980@9.286e-3  c120:56@1.321e-2  c140:364@2.699e-2  c160:1600@5.813e-2
    179       5    34  9.286418e-3  6.023984e-1    1.1793e-3   0.9998584382   0.9998427902              -        4    -10.63
  cohorts 4 alive | c0:1980@9.286e-3  c140:364@9.286e-3  c120:56@2.553e-2  c160:1600@5.813e-2
    180       5    34  9.218377e-3  7.954665e-1    1.2190e-3   0.9998536630   0.9998496100              -        4    -10.65
  cohorts 5 alive | c0:1980@9.218e-3  c120:4@2.553e-2  c140:127@2.699e-2  c160:289@5.812e-2  c180:1600@9.119e-2
    181       5    34  9.193881e-3  5.746148e-1    1.2134e-3   0.9998543348   0.9998509155              -        4    -10.65
  cohorts 5 alive | c0:1980@9.194e-3  c120:4@9.218e-3  c140:127@9.218e-3  c160:289@9.218e-3  c180:1600@8.081e-2
    182       5    34  8.951320e-3  5.889955e-1    1.2289e-3   0.9998524724   0.9998606331              -        4    -10.71
  cohorts 5 alive | c0:1980@8.951e-3  c160:289@9.194e-3  c140:127@1.811e-2  c120:4@2.553e-2  c180:1600@6.813e-2
    183       5    34  8.951320e-3  5.324298e-1    1.2289e-3   0.9998524724   0.9998606331              -        4    -10.71
  cohorts 5 alive | c0:1980@8.951e-3  c160:289@9.403e-3  c140:127@1.289e-2  c120:4@2.553e-2  c180:1600@5.676e-2
    184       5    34  8.951320e-3  5.951201e-1    1.2289e-3   0.9998524724   0.9998606331              -        4    -10.71
  cohorts 5 alive | c0:1980@8.951e-3  c140:127@8.951e-3  c160:289@1.301e-2  c120:4@2.553e-2  c180:1600@5.627e-2
    185       5    34  8.951320e-3  5.551651e-1    1.2289e-3   0.9998524724   0.9998606331              -        4    -10.71
  cohorts 5 alive | c0:1980@8.951e-3  c160:289@8.951e-3  c120:4@2.553e-2  c140:127@2.699e-2  c180:1600@5.362e-2
    186       5    34  8.951320e-3  5.678465e-1    1.2289e-3   0.9998524724   0.9998606331              -        4    -10.71
  cohorts 5 alive | c0:1980@8.951e-3  c140:127@8.951e-3  c120:4@2.553e-2  c160:289@4.476e-2  c180:1600@5.194e-2
    187       5    34  8.951320e-3  5.811031e-1    1.2289e-3   0.9998524724   0.9998606331              -        4    -10.71
  cohorts 5 alive | c0:1980@8.951e-3  c140:127@1.079e-2  c160:289@1.305e-2  c120:4@2.553e-2  c180:1600@5.172e-2
    188       6    34  8.951320e-3  5.349559e-1    1.2289e-3   0.9998524724   0.9998606331              -        4    -10.71
  cohorts 5 alive | c0:1980@8.951e-3  c140:127@8.951e-3  c160:289@8.951e-3  c120:4@2.553e-2  c180:1600@4.782e-2
    189       6    34  8.951320e-3  5.294827e-1    1.2289e-3   0.9998524724   0.9998606331              -        4    -10.71
  cohorts 5 alive | c0:1980@8.951e-3  c140:127@8.951e-3  c120:4@2.553e-2  c160:289@4.269e-2  c180:1600@4.604e-2
    190       6    34  8.951320e-3  5.571266e-1    1.2289e-3   0.9998524724   0.9998606331              -        4    -10.71
  cohorts 5 alive | c0:1980@8.951e-3  c140:127@8.951e-3  c160:289@1.285e-2  c120:4@2.553e-2  c180:1600@4.051e-2
    191       6    34  8.951320e-3  5.609013e-1    1.2289e-3   0.9998524724   0.9998606331              -        4    -10.71
  cohorts 5 alive | c0:1980@8.951e-3  c140:127@2.241e-2  c120:4@2.553e-2  c160:289@3.395e-2  c180:1600@3.821e-2
    192       6    34  8.951320e-3  5.793118e-1    1.2289e-3   0.9998524724   0.9998606331              -        4    -10.71
  cohorts 5 alive | c0:1980@8.951e-3  c160:289@8.951e-3  c140:127@1.297e-2  c120:4@2.335e-2  c180:1600@3.755e-2
    193       6    34  8.951320e-3  5.586627e-1    1.2289e-3   0.9998524724   0.9998606331              -        4    -10.71
  cohorts 5 alive | c0:1980@8.951e-3  c140:127@1.062e-2  c120:4@2.553e-2  c160:289@3.103e-2  c180:1600@3.744e-2
    194       6    34  8.951320e-3  5.593829e-1    1.2289e-3   0.9998524724   0.9998606331              -        4    -10.71
  cohorts 5 alive | c0:1980@8.951e-3  c160:289@8.951e-3  c120:4@2.553e-2  c140:127@2.699e-2  c180:1600@3.684e-2
    195       6    34  8.951320e-3  5.530869e-1    1.2289e-3   0.9998524724   0.9998606331              -        4    -10.71
  cohorts 5 alive | c0:1980@8.951e-3  c160:289@8.951e-3  c120:4@2.553e-2  c140:127@2.699e-2  c180:1600@3.684e-2
    196       6    34  8.951320e-3  5.298915e-1    1.2289e-3   0.9998524724   0.9998606331              -        4    -10.71
  cohorts 5 alive | c0:1980@8.951e-3  c140:127@2.305e-2  c120:4@2.553e-2  c180:1600@3.684e-2  c160:289@4.222e-2
    197       6    34  8.951320e-3  5.798711e-1    1.2289e-3   0.9998524724   0.9998606331              -        4    -10.71
  cohorts 5 alive | c0:1980@8.951e-3  c140:127@8.951e-3  c160:289@8.951e-3  c120:4@1.297e-2  c180:1600@3.675e-2
    198       6    34  8.951320e-3  5.923390e-1    1.2289e-3   0.9998524724   0.9998606331              -        4    -10.71
  cohorts 5 alive | c0:1980@8.951e-3  c140:127@8.951e-3  c120:4@2.553e-2  c160:289@2.613e-2  c180:1600@3.666e-2
    199       6    34  8.951320e-3  5.598310e-1    1.2289e-3   0.9998524724   0.9998606331              -        4    -10.71
  cohorts 5 alive | c0:1980@8.951e-3  c140:127@1.712e-2  c120:4@2.553e-2  c180:1600@3.603e-2  c160:289@4.222e-2
    200       6    34  8.951320e-3  8.176160e-1    1.2289e-3   0.9998524724   0.9998606331              -        4    -10.71
  cohorts 6 alive | c0:1980@8.951e-3  c120:4@2.553e-2  c140:39@2.699e-2  c180:371@3.573e-2  c160:6@4.222e-2  c200:1600@9.110e-2
    201       6    34  8.951320e-3  5.405552e-1    1.2289e-3   0.9998524724   0.9998606331              -        4    -10.71
  cohorts 6 alive | c0:1980@8.951e-3  c120:4@2.553e-2  c140:39@2.699e-2  c180:371@3.573e-2  c160:6@4.113e-2  c200:1600@8.506e-2
    202       6    34  8.951320e-3  5.844728e-1    1.2289e-3   0.9998524724   0.9998606331              -        4    -10.71
  cohorts 6 alive | c0:1980@8.951e-3  c180:371@8.951e-3  c140:39@2.193e-2  c120:4@2.553e-2  c200:1600@8.351e-2  c160:6@8.684e-2
    203       6    34  8.945888e-3  6.296500e-1    1.1910e-3   0.9998570289   0.9998514899              -        4    -10.71
  cohorts 6 alive | c0:1980@8.946e-3  c180:371@8.951e-3  c120:4@2.553e-2  c140:39@2.699e-2  c200:1600@7.610e-2  c160:6@3.265e-1
    204       6    34  8.813639e-3  5.799927e-1    1.1904e-3   0.9998570949   0.9998548768              -        6    -10.74
  cohorts 6 alive | c0:1980@8.814e-3  c140:39@8.946e-3  c180:371@8.946e-3  c160:6@1.305e-2  c120:4@1.351e-2  c200:1600@7.141e-2
    205       6    34  8.491969e-3  5.854175e-1    1.2616e-3   0.9998485534   0.9998741541              -        5    -10.82
  cohorts 6 alive | c0:1980@8.492e-3  c180:371@1.048e-2  c120:4@2.553e-2  c140:39@2.699e-2  c200:1600@5.319e-2  c160:6@9.464e-2
    206       6    34  8.424126e-3  5.751809e-1    1.2493e-3   0.9998500299   0.9998701187              -        5    -10.84
  cohorts 6 alive | c0:1980@8.424e-3  c160:6@1.043e-2  c180:371@1.262e-2  c120:4@2.553e-2  c140:39@2.699e-2  c200:1600@3.979e-2
    207       6    34  8.424126e-3  6.023266e-1    1.2493e-3   0.9998500299   0.9998701187              -        5    -10.84
  cohorts 6 alive | c0:1980@8.424e-3  c160:6@1.912e-2  c120:4@2.553e-2  c180:371@2.690e-2  c140:39@2.699e-2  c200:1600@3.460e-2
    208       6    34  8.424126e-3  6.435988e-1    1.2493e-3   0.9998500299   0.9998701187              -        5    -10.84
  cohorts 6 alive | c0:1980@8.424e-3  c140:39@8.424e-3  c180:371@1.279e-2  c120:4@2.553e-2  c200:1600@2.708e-2  c160:6@4.531e-2
    209       6    34  8.424126e-3  6.405851e-1    1.2493e-3   0.9998500299   0.9998701187              -        5    -10.84
  cohorts 6 alive | c0:1980@8.424e-3  c180:371@8.424e-3  c160:6@1.290e-2  c140:39@2.210e-2  c120:4@2.553e-2  c200:1600@2.708e-2
    210       6    34  8.424126e-3  6.459241e-1    1.2493e-3   0.9998500299   0.9998701187              -        5    -10.84
  cohorts 6 alive | c0:1980@8.424e-3  c160:6@1.273e-2  c120:4@2.553e-2  c180:371@2.584e-2  c140:39@2.586e-2  c200:1600@2.703e-2
    211       6    34  8.424126e-3  6.569744e-1    1.2493e-3   0.9998500299   0.9998701187              -        5    -10.84
  cohorts 6 alive | c0:1980@8.424e-3  c180:371@9.810e-3  c160:6@1.043e-2  c120:4@2.553e-2  c140:39@2.584e-2  c200:1600@2.703e-2
    212       7    34  8.424126e-3  6.491122e-1    1.2493e-3   0.9998500299   0.9998701187              -        5    -10.84
  cohorts 6 alive | c0:1980@8.424e-3  c140:39@8.548e-3  c180:371@1.955e-2  c120:4@2.553e-2  c200:1600@2.703e-2  c160:6@1.126e-1
    213       7    34  8.424126e-3  6.679775e-1    1.2493e-3   0.9998500299   0.9998701187              -        5    -10.84
  cohorts 6 alive | c0:1980@8.424e-3  c160:6@8.424e-3  c120:4@1.042e-2  c180:371@2.569e-2  c140:39@2.575e-2  c200:1600@2.643e-2
    214       7    34  8.424126e-3  6.271339e-1    1.2493e-3   0.9998500299   0.9998701187              -        5    -10.84
  cohorts 6 alive | c0:1980@8.424e-3  c140:39@8.424e-3  c200:1600@2.510e-2  c120:4@2.553e-2  c180:371@2.558e-2  c160:6@5.301e-2
    215       7    34  8.424126e-3  6.756444e-1    1.2493e-3   0.9998500299   0.9998701187              -        5    -10.84
  cohorts 6 alive | c0:1980@8.424e-3  c120:4@8.424e-3  c140:39@8.424e-3  c200:1600@2.464e-2  c180:371@2.557e-2  c160:6@2.346e-1
    216       7    34  8.424126e-3  6.703425e-1    1.2493e-3   0.9998500299   0.9998701187              -        5    -10.84
  cohorts 6 alive | c0:1980@8.424e-3  c140:39@8.448e-3  c180:371@8.905e-3  c200:1600@2.464e-2  c120:4@2.464e-2  c160:6@2.587e-2
    217       7    34  8.424126e-3  6.899385e-1    1.2493e-3   0.9998500299   0.9998701187              -        5    -10.84
  cohorts 6 alive | c0:1980@8.424e-3  c140:39@8.424e-3  c180:371@1.402e-2  c200:1600@2.431e-2  c120:4@2.464e-2  c160:6@7.653e-2
    218       7    34  8.424126e-3  6.699678e-1    1.2493e-3   0.9998500299   0.9998701187              -        5    -10.84
  cohorts 6 alive | c0:1980@8.424e-3  c140:39@8.424e-3  c180:371@8.424e-3  c160:6@1.274e-2  c200:1600@2.404e-2  c120:4@2.431e-2
    219       7    34  8.424126e-3  6.497241e-1    1.2493e-3   0.9998500299   0.9998701187              -        5    -10.84
  cohorts 6 alive | c0:1980@8.424e-3  c200:1600@2.387e-2  c120:4@2.404e-2  c180:371@2.551e-2  c140:39@2.552e-2  c160:6@1.142e-1
    220       7    34  8.424126e-3  7.681183e-1    1.2493e-3   0.9998500299   0.9998701187              -        5    -10.84
  cohorts 4 alive | c0:1980@8.424e-3  c200:290@2.387e-2  c180:130@2.545e-2  c220:1600@7.952e-2
    221       7    34  8.424126e-3  5.193511e-1    1.2493e-3   0.9998500299   0.9998701187              -        5    -10.84
  cohorts 4 alive | c0:1980@8.424e-3  c200:290@8.424e-3  c180:130@1.277e-2  c220:1600@7.878e-2
    222       7    34  8.424126e-3  5.256752e-1    1.2493e-3   0.9998500299   0.9998701187              -        5    -10.84
  cohorts 4 alive | c0:1980@8.424e-3  c180:130@9.828e-3  c200:290@2.387e-2  c220:1600@7.873e-2
    223       7    34  8.424126e-3  5.127740e-1    1.2493e-3   0.9998500299   0.9998701187              -        5    -10.84
  cohorts 4 alive | c0:1980@8.424e-3  c200:290@2.387e-2  c180:130@2.543e-2  c220:1600@6.564e-2
    224       7    34  8.424126e-3  5.431120e-1    1.2493e-3   0.9998500299   0.9998701187              -        5    -10.84
  cohorts 4 alive | c0:1980@8.424e-3  c180:130@8.799e-3  c200:290@2.387e-2  c220:1600@6.505e-2
    225       7    34  8.424126e-3  5.701462e-1    1.2493e-3   0.9998500299   0.9998701187              -        5    -10.84
  cohorts 4 alive | c0:1980@8.424e-3  c200:290@1.002e-2  c180:130@2.543e-2  c220:1600@6.287e-2
    226       7    34  8.424126e-3  5.540104e-1    1.2493e-3   0.9998500299   0.9998701187              -        5    -10.84
  cohorts 4 alive | c0:1980@8.424e-3  c200:290@8.424e-3  c180:130@1.009e-2  c220:1600@6.284e-2
    227       7    34  8.424126e-3  5.831247e-1    1.2493e-3   0.9998500299   0.9998701187              -        5    -10.84
  cohorts 4 alive | c0:1980@8.424e-3  c180:130@8.424e-3  c200:290@2.387e-2  c220:1600@6.279e-2
    228       7    34  8.424126e-3  5.842796e-1    1.2493e-3   0.9998500299   0.9998701187              -        5    -10.84
  cohorts 4 alive | c0:1980@8.424e-3  c200:290@2.387e-2  c180:130@2.543e-2  c220:1600@6.279e-2
    229       7    34  8.424126e-3  5.281962e-1    1.2493e-3   0.9998500299   0.9998701187              -        5    -10.84
  cohorts 4 alive | c0:1980@8.424e-3  c180:130@8.777e-3  c200:290@1.279e-2  c220:1600@6.276e-2
    230       7    34  8.424126e-3  5.223522e-1    1.2493e-3   0.9998500299   0.9998701187              -        5    -10.84
  cohorts 4 alive | c0:1980@8.424e-3  c200:290@2.387e-2  c180:130@2.543e-2  c220:1600@5.962e-2
    231       7    34  8.415137e-3  5.433558e-1    1.2420e-3   0.9998509084   0.9998711975              -        8    -10.84
  cohorts 4 alive | c0:1980@8.415e-3  c200:290@2.387e-2  c180:130@2.543e-2  c220:1600@4.754e-2
    232       7    34  8.415137e-3  5.412819e-1    1.2420e-3   0.9998509084   0.9998711975              -        8    -10.84
  cohorts 4 alive | c0:1980@8.415e-3  c200:290@1.073e-2  c180:130@1.281e-2  c220:1600@3.863e-2
    233       7    34  8.415137e-3  5.565982e-1    1.2420e-3   0.9998509084   0.9998711975              -        8    -10.84
  cohorts 4 alive | c0:1980@8.415e-3  c180:130@1.422e-2  c200:290@1.465e-2  c220:1600@3.663e-2
    234       7    34  8.415137e-3  6.370794e-1    1.2420e-3   0.9998509084   0.9998711975              -        8    -10.84
  cohorts 4 alive | c0:1980@8.415e-3  c180:130@1.028e-2  c200:290@1.314e-2  c220:1600@3.589e-2
    235       7    34  8.415137e-3  7.083573e-1    1.2420e-3   0.9998509084   0.9998711975              -        8    -10.84
  cohorts 4 alive | c0:1980@8.415e-3  c200:290@2.387e-2  c180:130@2.543e-2  c220:1600@3.564e-2
    236       7    34  8.415137e-3  7.081584e-1    1.2420e-3   0.9998509084   0.9998711975              -        8    -10.84
  cohorts 4 alive | c0:1980@8.415e-3  c180:130@8.415e-3  c200:290@8.904e-3  c220:1600@3.405e-2
    237       7    34  8.415137e-3  6.898913e-1    1.2420e-3   0.9998509084   0.9998711975              -        8    -10.84
  cohorts 4 alive | c0:1980@8.415e-3  c200:290@2.387e-2  c180:130@2.543e-2  c220:1600@3.252e-2
    238       7    34  8.415137e-3  6.977936e-1    1.2420e-3   0.9998509084   0.9998711975              -        8    -10.84
  cohorts 4 alive | c0:1980@8.415e-3  c200:290@1.915e-2  c180:130@2.543e-2  c220:1600@3.219e-2
    239       7    34  8.415137e-3  7.223421e-1    1.2420e-3   0.9998509084   0.9998711975              -        8    -10.84
  cohorts 4 alive | c0:1980@8.415e-3  c180:130@8.415e-3  c200:290@9.818e-3  c220:1600@2.816e-2
    240       8    34  8.415137e-3  7.718746e-1    1.2420e-3   0.9998509084   0.9998711975              -        8    -10.84
  cohorts 5 alive | c0:1961@8.415e-3  c180:54@8.415e-3  c200:71@8.499e-3  c220:314@1.824e-2  c240:1600@8.630e-2
    241       8    34  8.415137e-3  6.539021e-1    1.2420e-3   0.9998509084   0.9998711975              -        8    -10.84
  cohorts 5 alive | c0:1961@8.415e-3  c180:54@1.056e-2  c220:314@1.585e-2  c200:71@2.387e-2  c240:1600@8.519e-2
    242       8    34  8.415137e-3  7.023094e-1    1.2420e-3   0.9998509084   0.9998711975              -        8    -10.84
  cohorts 5 alive | c0:1961@8.415e-3  c220:314@1.156e-2  c200:71@1.279e-2  c180:54@1.419e-2  c240:1600@8.515e-2
    243       8    34  8.415137e-3  6.826405e-1    1.2420e-3   0.9998509084   0.9998711975              -        8    -10.84
  cohorts 5 alive | c0:1961@8.415e-3  c180:54@1.277e-2  c220:314@1.710e-2  c200:71@2.387e-2  c240:1600@8.515e-2
    244       8    34  8.415137e-3  6.861864e-1    1.2420e-3   0.9998509084   0.9998711975              -        8    -10.84
  cohorts 5 alive | c0:1961@8.415e-3  c180:54@8.415e-3  c200:71@9.386e-3  c220:314@1.710e-2  c240:1600@8.422e-2
    245       8    34  8.415137e-3  7.236969e-1    1.2420e-3   0.9998509084   0.9998711975              -        8    -10.84
  cohorts 5 alive | c0:1961@8.415e-3  c200:71@8.415e-3  c180:54@8.951e-3  c220:314@9.818e-3  c240:1600@8.422e-2
    246       8    34  8.415137e-3  7.225302e-1    1.2420e-3   0.9998509084   0.9998711975              -        8    -10.84
  cohorts 5 alive | c0:1961@8.415e-3  c180:54@9.148e-3  c200:71@1.025e-2  c220:314@1.281e-2  c240:1600@8.311e-2
    247       8    34  8.415137e-3  7.476216e-1    1.2420e-3   0.9998509084   0.9998711975              -        8    -10.84
  cohorts 5 alive | c0:1961@8.415e-3  c180:54@1.262e-2  c220:314@1.442e-2  c200:71@1.709e-2  c240:1600@7.269e-2
    248       8    34  8.415137e-3  7.179976e-1    1.2420e-3   0.9998509084   0.9998711975              -        8    -10.84
  cohorts 5 alive | c0:1961@8.415e-3  c200:71@8.415e-3  c220:314@9.067e-3  c180:54@1.706e-2  c240:1600@7.242e-2
    249       8    34  8.415137e-3  7.219334e-1    1.2420e-3   0.9998509084   0.9998711975              -        8    -10.84
  cohorts 5 alive | c0:1961@8.415e-3  c200:71@1.193e-2  c180:54@1.706e-2  c220:314@1.706e-2  c240:1600@7.232e-2
    250       8    34  8.415137e-3  7.652327e-1    1.2420e-3   0.9998509084   0.9998711975              -        8    -10.84
  cohorts 5 alive | c0:1961@8.415e-3  c180:54@8.415e-3  c200:71@1.262e-2  c220:314@1.705e-2  c240:1600@7.091e-2
    251       8    34  8.415137e-3  7.199918e-1    1.2420e-3   0.9998509084   0.9998711975              -        8    -10.84
  cohorts 5 alive | c0:1961@8.415e-3  c180:54@8.839e-3  c200:71@1.002e-2  c220:314@1.705e-2  c240:1600@6.324e-2
    252       8    34  8.415137e-3  7.233830e-1    1.2420e-3   0.9998509084   0.9998711975              -        8    -10.84
  cohorts 5 alive | c0:1961@8.415e-3  c180:54@8.415e-3  c200:71@1.120e-2  c220:314@1.705e-2  c240:1600@6.270e-2
    253       8    34  8.415137e-3  7.508664e-1    1.2420e-3   0.9998509084   0.9998711975              -        8    -10.84
  cohorts 5 alive | c0:1961@8.415e-3  c180:54@8.415e-3  c220:314@8.415e-3  c200:71@9.704e-3  c240:1600@6.228e-2
    254       8    34  8.415137e-3  7.192286e-1    1.2420e-3   0.9998509084   0.9998711975              -        8    -10.84
  cohorts 5 alive | c0:1961@8.415e-3  c200:71@8.986e-3  c220:314@9.005e-3  c180:54@1.520e-2  c240:1600@6.216e-2
    255       8    34  8.415137e-3  7.043644e-1    1.2420e-3   0.9998509084   0.9998711975              -        8    -10.84
  cohorts 5 alive | c0:1961@8.415e-3  c180:54@8.415e-3  c200:71@1.471e-2  c220:314@1.471e-2  c240:1600@6.214e-2
    256       8    34  8.415137e-3  6.797217e-1    1.2420e-3   0.9998509084   0.9998711975              -        8    -10.84
  cohorts 5 alive | c0:1961@8.415e-3  c200:71@8.415e-3  c180:54@1.026e-2  c220:314@1.329e-2  c240:1600@6.214e-2
    257       8    34  8.415137e-3  6.930120e-1    1.2420e-3   0.9998509084   0.9998711975              -        8    -10.84
  cohorts 5 alive | c0:1961@8.415e-3  c180:54@8.649e-3  c200:71@9.258e-3  c220:314@1.329e-2  c240:1600@6.214e-2
    258       8    34  8.415137e-3  6.983106e-1    1.2420e-3   0.9998509084   0.9998711975              -        8    -10.84
  cohorts 5 alive | c0:1961@8.415e-3  c200:71@9.795e-3  c220:314@1.317e-2  c180:54@1.328e-2  c240:1600@6.214e-2
    259       8    34  8.415137e-3  6.875594e-1    1.2420e-3   0.9998509084   0.9998711975              -        8    -10.84
  cohorts 5 alive | c0:1961@8.415e-3  c180:54@8.415e-3  c220:314@8.415e-3  c200:71@2.191e-2  c240:1600@6.214e-2
    260       8    34  8.415137e-3  7.818663e-1    1.2420e-3   0.9998509084   0.9998711975              -        8    -10.84
  cohorts 6 alive | c0:1941@8.415e-3  c220:92@8.649e-3  c200:33@1.098e-2  c180:30@1.262e-2  c240:304@6.214e-2  c260:1600@1.012e-1
    261       8    34  8.415137e-3  5.279092e-1    1.2420e-3   0.9998509084   0.9998711975              -        8    -10.84
  cohorts 6 alive | c0:1941@8.415e-3  c180:30@8.415e-3  c200:33@8.649e-3  c220:92@9.750e-3  c240:304@2.435e-2  c260:1600@9.623e-2
    262       8    34  8.415137e-3  5.981344e-1    1.2420e-3   0.9998509084   0.9998711975              -        8    -10.84
  cohorts 6 alive | c0:1941@8.415e-3  c200:33@8.832e-3  c220:92@1.025e-2  c180:30@1.084e-2  c240:304@6.214e-2  c260:1600@9.031e-2
    263       8    34  8.415137e-3  5.927176e-1    1.2420e-3   0.9998509084   0.9998711975              -        8    -10.84
  cohorts 6 alive | c0:1941@8.415e-3  c180:30@8.415e-3  c220:92@8.415e-3  c200:33@1.284e-2  c240:304@6.214e-2  c260:1600@8.228e-2
    264       8    34  8.415137e-3  6.141385e-1    1.2420e-3   0.9998509084   0.9998711975              -        8    -10.84
  cohorts 6 alive | c0:1941@8.415e-3  c180:30@8.415e-3  c220:92@1.280e-2  c200:33@1.282e-2  c240:304@6.214e-2  c260:1600@6.222e-2
    265       8    34  8.415137e-3  6.086766e-1    1.2420e-3   0.9998509084   0.9998711975              -        8    -10.84
  cohorts 6 alive | c0:1941@8.415e-3  c180:30@8.415e-3  c240:304@8.415e-3  c220:92@9.750e-3  c200:33@1.282e-2  c260:1600@6.165e-2
    266       8    34  8.415137e-3  5.992830e-1    1.2420e-3   0.9998509084   0.9998711975              -        8    -10.84
  cohorts 6 alive | c0:1941@8.415e-3  c220:92@8.953e-3  c180:30@9.750e-3  c200:33@1.262e-2  c240:304@2.979e-2  c260:1600@6.152e-2
    267       8    34  8.415137e-3  5.880637e-1    1.2420e-3   0.9998509084   0.9998711975              -        8    -10.84
  cohorts 6 alive | c0:1941@8.415e-3  c240:304@9.750e-3  c180:30@1.262e-2  c200:33@1.275e-2  c220:92@1.275e-2  c260:1600@6.111e-2
    268       8    34  8.415137e-3  6.171980e-1    1.2420e-3   0.9998509084   0.9998711975              -        8    -10.84
  cohorts 6 alive | c0:1941@8.415e-3  c180:30@8.415e-3  c200:33@8.415e-3  c220:92@8.415e-3  c240:304@1.237e-2  c260:1600@5.556e-2
    269       8    34  8.415137e-3  6.125945e-1    1.2420e-3   0.9998509084   0.9998711975              -        8    -10.84
  cohorts 6 alive | c0:1941@8.415e-3  c180:30@8.415e-3  c220:92@1.274e-2  c200:33@1.275e-2  c240:304@1.774e-2  c260:1600@5.524e-2
    270       9    34  8.415137e-3  6.013134e-1    1.2420e-3   0.9998509084   0.9998711975              -        8    -10.84
  cohorts 6 alive | c0:1941@8.415e-3  c220:92@1.274e-2  c200:33@1.275e-2  c240:304@1.672e-2  c180:30@1.753e-2  c260:1600@5.421e-2
    271       9    34  8.415137e-3  5.962335e-1    1.2420e-3   0.9998509084   0.9998711975              -        8    -10.84
  cohorts 6 alive | c0:1941@8.415e-3  c200:33@8.832e-3  c180:30@1.262e-2  c220:92@1.274e-2  c240:304@1.503e-2  c260:1600@5.347e-2
    272       9    34  8.415137e-3  6.216311e-1    1.2420e-3   0.9998509084   0.9998711975              -        8    -10.84
  cohorts 6 alive | c0:1941@8.415e-3  c180:30@8.415e-3  c220:92@1.149e-2  c200:33@1.274e-2  c240:304@1.494e-2  c260:1600@5.266e-2
    273       9    34  8.415137e-3  6.077316e-1    1.2420e-3   0.9998509084   0.9998711975              -        8    -10.84
  cohorts 6 alive | c0:1941@8.415e-3  c180:30@8.415e-3  c200:33@8.415e-3  c220:92@9.912e-3  c240:304@1.494e-2  c260:1600@5.183e-2
    274       9    34  8.415137e-3  7.071432e-1    1.2420e-3   0.9998509084   0.9998711975              -        8    -10.84
  cohorts 6 alive | c0:1941@8.415e-3  c180:30@8.415e-3  c200:33@8.415e-3  c220:92@8.415e-3  c240:304@1.494e-2  c260:1600@3.907e-2
    275       9    34  8.415137e-3  7.326081e-1    1.2420e-3   0.9998509084   0.9998711975              -        8    -10.84
  cohorts 6 alive | c0:1941@8.415e-3  c180:30@8.486e-3  c220:92@1.264e-2  c200:33@1.271e-2  c240:304@1.494e-2  c260:1600@3.502e-2
    276       9    34  8.415137e-3  6.549120e-1    1.2420e-3   0.9998509084   0.9998711975              -        8    -10.84
  cohorts 6 alive | c0:1941@8.415e-3  c180:30@8.415e-3  c220:92@8.415e-3  c240:304@1.048e-2  c200:33@1.093e-2  c260:1600@3.490e-2
    277       9    34  8.415137e-3  6.375639e-1    1.2420e-3   0.9998509084   0.9998711975              -        8    -10.84
  cohorts 6 alive | c0:1941@8.415e-3  c200:33@1.156e-2  c180:30@1.262e-2  c220:92@1.264e-2  c240:304@1.489e-2  c260:1600@3.480e-2
    278       9    34  8.415137e-3  6.348349e-1    1.2420e-3   0.9998509084   0.9998711975              -        8    -10.84
  cohorts 6 alive | c0:1941@8.415e-3  c200:33@8.415e-3  c180:30@8.872e-3  c220:92@1.264e-2  c240:304@1.489e-2  c260:1600@3.451e-2
    279       9    34  8.415137e-3  6.756623e-1    1.2420e-3   0.9998509084   0.9998711975              -        8    -10.84
  cohorts 6 alive | c0:1941@8.415e-3  c200:33@8.415e-3  c240:304@8.893e-3  c180:30@1.072e-2  c220:92@1.264e-2  c260:1600@3.444e-2
    280       9    34  8.415137e-3  7.827551e-1    1.2420e-3   0.9998509084   0.9998711975              -        8    -10.84
  cohorts 7 alive | c0:1927@8.415e-3  c200:26@8.415e-3  c180:24@1.028e-2  c220:30@1.262e-2  c240:65@1.488e-2  c260:328@3.146e-2
    281       9    34  8.415137e-3  5.565449e-1    1.2420e-3   0.9998509084   0.9998711975              -        8    -10.84
  cohorts 7 alive | c0:1927@8.415e-3  c200:26@8.415e-3  c240:65@8.415e-3  c260:328@8.415e-3  c220:30@1.264e-2  c180:24@8.185e-2
    282       9    34  8.415137e-3  5.678641e-1    1.2420e-3   0.9998509084   0.9998711975              -        8    -10.84
  cohorts 7 alive | c0:1927@8.415e-3  c180:24@8.415e-3  c240:65@8.415e-3  c200:26@9.818e-3  c220:30@1.264e-2  c260:328@3.067e-2
    283       9    34  8.415137e-3  5.388191e-1    1.2420e-3   0.9998509084   0.9998711975              -        8    -10.84
  cohorts 7 alive | c0:1927@8.415e-3  c180:24@8.415e-3  c200:26@1.264e-2  c220:30@1.264e-2  c240:65@1.488e-2  c260:328@3.045e-2
    284       9    34  8.415137e-3  5.616897e-1    1.2420e-3   0.9998509084   0.9998711975              -        8    -10.84
  cohorts 7 alive | c0:1927@8.415e-3  c200:26@8.415e-3  c220:30@8.415e-3  c240:65@8.415e-3  c260:328@3.045e-2  c280:1600@8.028e-2
    285       9    34  8.415137e-3  5.683420e-1    1.2420e-3   0.9998509084   0.9998711975              -        8    -10.84
  cohorts 7 alive | c0:1927@8.415e-3  c220:30@8.415e-3  c180:24@8.896e-3  c200:26@1.052e-2  c240:65@1.297e-2  c260:328@3.045e-2
    286       9    34  8.415137e-3  5.646856e-1    1.2420e-3   0.9998509084   0.9998711975              -        8    -10.84
  cohorts 7 alive | c0:1927@8.415e-3  c200:26@1.264e-2  c220:30@1.264e-2  c180:24@1.296e-2  c260:328@1.298e-2  c240:65@1.488e-2
    287       9    34  8.415137e-3  5.732162e-1    1.2420e-3   0.9998509084   0.9998711975              -        8    -10.84
  cohorts 7 alive | c0:1927@8.415e-3  c180:24@8.415e-3  c200:26@8.415e-3  c220:30@8.415e-3  c260:328@1.485e-2  c240:65@1.488e-2
    288       9    34  8.415137e-3  6.911996e-1    1.2420e-3   0.9998509084   0.9998711975              -        8    -10.84
  cohorts 7 alive | c0:1927@8.415e-3  c240:65@8.904e-3  c260:328@9.866e-3  c180:24@1.051e-2  c200:26@1.262e-2  c220:30@1.264e-2
    289       9    34  8.415137e-3  7.041212e-1    1.2420e-3   0.9998509084   0.9998711975              -        8    -10.84
  cohorts 7 alive | c0:1927@8.415e-3  c220:30@8.415e-3  c180:24@1.249e-2  c200:26@1.264e-2  c260:328@1.484e-2  c240:65@1.488e-2
    290       9    34  8.415137e-3  7.085188e-1    1.2420e-3   0.9998509084   0.9998711975              -        8    -10.84
  cohorts 7 alive | c0:1927@8.415e-3  c180:24@8.415e-3  c200:26@8.415e-3  c240:65@1.122e-2  c220:30@1.262e-2  c260:328@1.479e-2
    291       9    34  8.415137e-3  6.812229e-1    1.2420e-3   0.9998509084   0.9998711975              -        8    -10.84
  cohorts 7 alive | c0:1927@8.415e-3  c180:24@8.415e-3  c200:26@8.415e-3  c220:30@8.415e-3  c260:328@1.297e-2  c240:65@1.484e-2
    292       9    34  8.415137e-3  6.735647e-1    1.2420e-3   0.9998509084   0.9998711975              -        8    -10.84
  cohorts 7 alive | c0:1927@8.415e-3  c180:24@8.415e-3  c200:26@8.415e-3  c240:65@8.415e-3  c220:30@1.005e-2  c260:328@1.479e-2
    293       9    34  8.415137e-3  6.447308e-1    1.2420e-3   0.9998509084   0.9998711975              -        8    -10.84
  cohorts 7 alive | c0:1927@8.415e-3  c180:24@8.415e-3  c200:26@8.415e-3  c220:30@8.415e-3  c240:65@9.228e-3  c260:328@1.479e-2
    294       9    34  8.415137e-3  6.565863e-1    1.2420e-3   0.9998509084   0.9998711975              -        8    -10.84
  cohorts 7 alive | c0:1927@8.415e-3  c180:24@8.415e-3  c240:65@1.017e-2  c200:26@1.264e-2  c220:30@1.264e-2  c260:328@1.479e-2
    295       9    34  8.415137e-3  7.055390e-1    1.2420e-3   0.9998509084   0.9998711975              -        8    -10.84
  cohorts 7 alive | c0:1927@8.415e-3  c200:26@8.415e-3  c180:24@9.124e-3  c220:30@1.264e-2  c240:65@1.479e-2  c260:328@1.479e-2
    296       9    34  8.415137e-3  6.914943e-1    1.2420e-3   0.9998509084   0.9998711975              -        8    -10.84
  cohorts 7 alive | c0:1927@8.415e-3  c180:24@8.415e-3  c220:30@8.471e-3  c200:26@9.253e-3  c240:65@1.479e-2  c260:328@1.479e-2
    297       9    34  8.415137e-3  7.585454e-1    1.2420e-3   0.9998509084   0.9998711975              -        8    -10.84
  cohorts 7 alive | c0:1927@8.415e-3  c180:24@8.415e-3  c200:26@8.415e-3  c240:65@9.311e-3  c220:30@9.699e-3  c260:328@1.479e-2
    298       9    34  8.415137e-3  7.464122e-1    1.2420e-3   0.9998509084   0.9998711975              -        8    -10.84
  cohorts 7 alive | c0:1927@8.415e-3  c180:24@8.415e-3  c200:26@8.415e-3  c260:328@9.750e-3  c240:65@1.262e-2  c220:30@1.264e-2
    299       9    34  8.415137e-3  7.320595e-1    1.2420e-3   0.9998509084   0.9998711975              -        8    -10.84
  cohorts 7 alive | c0:1927@8.415e-3  c180:24@8.415e-3  c220:30@8.415e-3  c260:328@9.288e-3  c200:26@9.922e-3  c240:65@1.479e-2
    300      10    34  8.415137e-3  7.936997e-1    1.2420e-3   0.9998509084   0.9998711975              -        8    -10.84
  cohorts 8 alive | c0:1912@8.415e-3  c260:77@8.853e-3  c180:22@1.012e-2  c240:21@1.262e-2  c200:26@1.264e-2  c220:22@1.264e-2
    301      10    34  8.415137e-3  5.923499e-1    1.2420e-3   0.9998509084   0.9998711975              -        8    -10.84
  cohorts 8 alive | c0:1912@8.415e-3  c200:26@1.043e-2  c260:77@1.110e-2  c220:22@1.264e-2  c280:320@1.267e-2  c240:21@1.478e-2
    302      10    34  8.415137e-3  5.891753e-1    1.2420e-3   0.9998509084   0.9998711975              -        8    -10.84
  cohorts 8 alive | c0:1912@8.415e-3  c180:22@8.415e-3  c200:26@8.415e-3  c220:22@8.415e-3  c260:77@8.415e-3  c240:21@9.311e-3
    303      10    34  8.415137e-3  5.820981e-1    1.2420e-3   0.9998509084   0.9998711975              -        8    -10.84
  cohorts 8 alive | c0:1912@8.415e-3  c200:26@8.415e-3  c180:22@8.424e-3  c240:21@8.689e-3  c220:22@9.896e-3  c280:320@1.289e-2
    304      10    34  8.415137e-3  5.467156e-1    1.2420e-3   0.9998509084   0.9998711975              -        8    -10.84
  cohorts 8 alive | c0:1912@8.415e-3  c180:22@8.415e-3  c220:22@8.415e-3  c240:21@8.415e-3  c200:26@1.264e-2  c280:320@1.279e-2
    305      10    34  8.415137e-3  5.529875e-1    1.2420e-3   0.9998509084   0.9998711975              -        8    -10.84
  cohorts 8 alive | c0:1912@8.415e-3  c220:22@8.415e-3  c200:26@9.097e-3  c260:77@1.027e-2  c180:22@1.262e-2  c240:21@1.270e-2
    306      10    34  8.415137e-3  5.516564e-1    1.2420e-3   0.9998509084   0.9998711975              -        8    -10.84
  cohorts 8 alive | c0:1912@8.415e-3  c180:22@8.415e-3  c240:21@8.415e-3  c220:22@1.169e-2  c200:26@1.264e-2  c260:77@1.478e-2
    307      10    34  8.415137e-3  5.792429e-1    1.2420e-3   0.9998509084   0.9998711975              -        8    -10.84
  cohorts 8 alive | c0:1912@8.415e-3  c200:26@9.005e-3  c180:22@9.818e-3  c240:21@9.818e-3  c220:22@1.248e-2  c260:77@1.268e-2
    308      10    34  8.415137e-3  7.012259e-1    1.2420e-3   0.9998509084   0.9998711975              -        8    -10.84
  cohorts 8 alive | c0:1912@8.415e-3  c180:22@8.415e-3  c200:26@8.471e-3  c220:22@1.262e-2  c280:320@1.268e-2  c240:21@1.465e-2
    309      10    34  8.415137e-3  6.800049e-1    1.2420e-3   0.9998509084   0.9998711975              -        8    -10.84
  cohorts 8 alive | c0:1912@8.415e-3  c200:26@8.415e-3  c260:77@8.415e-3  c280:320@8.785e-3  c240:21@9.843e-3  c220:22@1.264e-2
    310      10    34  8.415137e-3  7.070590e-1    1.2420e-3   0.9998509084   0.9998711975              -        8    -10.84
  cohorts 8 alive | c0:1912@8.415e-3  c200:26@8.415e-3  c220:22@8.415e-3  c260:77@8.415e-3  c180:22@1.753e-2  c280:320@2.067e-2
    311      10    34  8.415137e-3  7.119119e-1    1.2420e-3   0.9998509084   0.9998711975              -        8    -10.84
  cohorts 8 alive | c0:1912@8.415e-3  c180:22@8.415e-3  c200:26@8.415e-3  c260:77@8.415e-3  c280:320@1.017e-2  c220:22@1.264e-2
    312      10    34  8.415137e-3  7.092817e-1    1.2420e-3   0.9998509084   0.9998711975              -        8    -10.84
  cohorts 8 alive | c0:1912@8.415e-3  c200:26@8.415e-3  c240:21@8.415e-3  c220:22@1.264e-2  c180:22@1.274e-2  c260:77@1.478e-2
    313      10    34  8.415137e-3  6.872073e-1    1.2420e-3   0.9998509084   0.9998711975              -        8    -10.84
  cohorts 8 alive | c0:1912@8.415e-3  c180:22@8.415e-3  c220:22@8.415e-3  c260:77@8.415e-3  c280:320@9.778e-3  c200:26@1.264e-2
    314      10    34  8.415137e-3  6.699250e-1    1.2420e-3   0.9998509084   0.9998711975              -        8    -10.84
  cohorts 8 alive | c0:1912@8.415e-3  c200:26@8.415e-3  c240:21@8.415e-3  c180:22@9.040e-3  c220:22@9.922e-3  c280:320@1.391e-2
    315      10    34  8.415137e-3  6.678556e-1    1.2420e-3   0.9998509084   0.9998711975              -        8    -10.84
  cohorts 8 alive | c0:1912@8.415e-3  c200:26@8.415e-3  c220:22@9.566e-3  c240:21@1.048e-2  c180:22@1.262e-2  c280:320@1.340e-2
    316      10    34  8.415137e-3  6.597295e-1    1.2420e-3   0.9998509084   0.9998711975              -        8    -10.84
  cohorts 8 alive | c0:1912@8.415e-3  c180:22@8.415e-3  c200:26@8.415e-3  c220:22@1.264e-2  c260:77@1.478e-2  c280:320@2.029e-2
    317      10    34  8.415137e-3  6.993986e-1    1.2420e-3   0.9998509084   0.9998711975              -        8    -10.84
  cohorts 8 alive | c0:1912@8.415e-3  c180:22@8.415e-3  c280:320@8.415e-3  c220:22@9.501e-3  c200:26@1.264e-2  c260:77@1.478e-2
    318      10    34  8.415137e-3  6.414301e-1    1.2420e-3   0.9998509084   0.9998711975              -        8    -10.84
  cohorts 8 alive | c0:1912@8.415e-3  c220:22@8.415e-3  c180:22@8.942e-3  c200:26@1.264e-2  c240:21@1.907e-2  c280:320@1.978e-2
    319      10    34  8.415137e-3  6.909655e-1    1.2420e-3   0.9998509084   0.9998711975              -        8    -10.84
  cohorts 8 alive | c0:1912@8.415e-3  c180:22@8.415e-3  c200:26@8.415e-3  c220:22@1.264e-2  c280:320@1.435e-2  c260:77@1.478e-2
    320      10    34  8.415137e-3  8.078938e-1    1.2420e-3   0.9998509084   0.9998711975              -        8    -10.84
  cohorts 9 alive | c0:1898@8.415e-3  c200:24@8.415e-3  c180:21@8.486e-3  c220:21@1.048e-2  c240:18@1.354e-2  c260:23@1.478e-2
    321      10    34  8.415137e-3  5.432593e-1    1.2420e-3   0.9998509084   0.9998711975              -        8    -10.84
  cohorts 9 alive | c0:1898@8.415e-3  c180:21@8.415e-3  c200:24@8.415e-3  c220:21@8.415e-3  c240:18@8.415e-3  c260:23@1.262e-2
    322      10    34  8.415137e-3  5.591186e-1    1.2420e-3   0.9998509084   0.9998711975              -        8    -10.84
  cohorts 9 alive | c0:1898@8.415e-3  c180:21@8.415e-3  c240:18@8.415e-3  c220:21@8.951e-3  c280:87@1.002e-2  c200:24@1.264e-2
    323      10    34  8.415137e-3  5.345097e-1    1.2420e-3   0.9998509084   0.9998711975              -        8    -10.84
  cohorts 9 alive | c0:1898@8.415e-3  c180:21@8.415e-3  c200:24@8.415e-3  c240:18@8.415e-3  c260:23@8.415e-3  c220:21@1.264e-2
    324      10    34  8.415137e-3  5.699019e-1    1.2420e-3   0.9998509084   0.9998711975              -        8    -10.84
  cohorts 9 alive | c0:1898@8.415e-3  c220:21@8.415e-3  c280:87@8.781e-3  c240:18@9.097e-3  c180:21@1.262e-2  c200:24@1.264e-2
    325      10    34  8.415137e-3  5.638916e-1    1.2420e-3   0.9998509084   0.9998711975              -        8    -10.84
  cohorts 9 alive | c0:1898@8.415e-3  c220:21@8.415e-3  c240:18@8.415e-3  c260:23@8.415e-3  c280:87@8.415e-3  c180:21@8.486e-3
    326      10    34  8.415137e-3  5.630876e-1    1.2420e-3   0.9998509084   0.9998711975              -        8    -10.84
  cohorts 9 alive | c0:1898@8.415e-3  c220:21@8.415e-3  c260:23@8.415e-3  c280:87@9.156e-3  c180:21@1.098e-2  c240:18@1.262e-2
    327      10    34  8.415137e-3  5.689642e-1    1.2420e-3   0.9998509084   0.9998711975              -        8    -10.84
  cohorts 9 alive | c0:1898@8.415e-3  c180:21@8.415e-3  c220:21@8.415e-3  c240:18@8.415e-3  c260:23@8.415e-3  c280:87@8.415e-3
    328      10    34  8.415137e-3  5.876155e-1    1.2420e-3   0.9998509084   0.9998711975              -        8    -10.84
  cohorts 9 alive | c0:1898@8.415e-3  c180:21@8.415e-3  c200:24@8.415e-3  c240:18@1.048e-2  c220:21@1.264e-2  c280:87@2.029e-2
    329      10    34  8.415137e-3  5.863949e-1    1.2420e-3   0.9998509084   0.9998711975              -        8    -10.84
  cohorts 9 alive | c0:1898@8.415e-3  c220:21@8.415e-3  c280:87@8.415e-3  c200:24@8.720e-3  c260:23@8.865e-3  c240:18@9.742e-3
    330      10    34  8.415137e-3  6.436737e-1    1.2420e-3   0.9998509084   0.9998711975              -        8    -10.84
  cohorts 9 alive | c0:1898@8.415e-3  c200:24@8.415e-3  c220:21@8.415e-3  c240:18@8.415e-3  c260:23@8.415e-3  c280:87@1.351e-2
    331      10    34  8.415137e-3  6.334655e-1    1.2420e-3   0.9998509084   0.9998711975              -        8    -10.84
  cohorts 9 alive | c0:1898@8.415e-3  c220:21@8.415e-3  c200:24@8.666e-3  c260:23@9.903e-3  c280:87@1.043e-2  c240:18@1.077e-2
    332      11    34  8.415137e-3  6.228470e-1    1.2420e-3   0.9998509084   0.9998711975              -        8    -10.84
  cohorts 9 alive | c0:1898@8.415e-3  c200:24@8.415e-3  c240:18@9.376e-3  c180:21@1.255e-2  c220:21@1.262e-2  c260:23@2.029e-2
    333      11    34  8.415137e-3  6.035538e-1    1.2420e-3   0.9998509084   0.9998711975              -        8    -10.84
  cohorts 9 alive | c0:1898@8.415e-3  c200:24@8.415e-3  c240:18@8.415e-3  c180:21@9.016e-3  c280:87@1.000e-2  c220:21@1.264e-2
    334      11    34  8.415137e-3  5.798077e-1    1.2420e-3   0.9998509084   0.9998711975              -        8    -10.84
  cohorts 9 alive | c0:1898@8.415e-3  c180:21@8.415e-3  c200:24@8.415e-3  c220:21@8.415e-3  c280:87@8.415e-3  c260:23@1.231e-2
    335      11    34  8.415137e-3  6.179440e-1    1.2420e-3   0.9998509084   0.9998711975              -        8    -10.84
  cohorts 9 alive | c0:1898@8.415e-3  c180:21@8.415e-3  c300:308@8.415e-3  c200:24@9.738e-3  c240:18@1.043e-2  c280:87@1.262e-2
    336      11    34  8.415137e-3  6.190921e-1    1.2420e-3   0.9998509084   0.9998711975              -        8    -10.84
  cohorts 9 alive | c0:1898@8.415e-3  c180:21@8.415e-3  c200:24@8.415e-3  c260:23@8.928e-3  c240:18@9.048e-3  c220:21@1.264e-2
    337      11    34  8.415137e-3  6.063494e-1    1.2420e-3   0.9998509084   0.9998711975              -        8    -10.84
  cohorts 9 alive | c0:1898@8.415e-3  c260:23@8.415e-3  c240:18@8.469e-3  c220:21@9.171e-3  c180:21@9.875e-3  c200:24@1.105e-2
    338      11    34  8.415137e-3  6.474085e-1    1.2420e-3   0.9998509084   0.9998711975              -        8    -10.84
  cohorts 9 alive | c0:1898@8.415e-3  c180:21@8.415e-3  c200:24@8.415e-3  c220:21@8.415e-3  c240:18@8.415e-3  c260:23@8.415e-3
    339      11    34  8.409770e-3  6.228047e-1    1.1934e-3   0.9998567367   0.9998707821              -        7    -10.85
  cohorts 9 alive | c0:1898@8.410e-3  c200:24@8.415e-3  c280:87@8.415e-3  c220:21@9.097e-3  c180:21@1.262e-2  c240:18@1.510e-2
    340      11    34  8.409770e-3  7.798505e-1    1.1934e-3   0.9998567367   0.9998707821              -        7    -10.85
  cohorts 10 alive | c0:1883@8.410e-3  c200:24@8.410e-3  c220:21@8.410e-3  c240:17@8.410e-3  c280:16@8.410e-3  c180:19@1.053e-2
    341      11    34  8.409770e-3  5.408548e-1    1.1934e-3   0.9998567367   0.9998707821              -        7    -10.85
  cohorts 10 alive | c0:1883@8.410e-3  c200:24@8.410e-3  c220:21@8.410e-3  c280:16@8.410e-3  c300:7@8.415e-3  c320:397@1.296e-2
    342      11    34  8.409770e-3  5.064622e-1    1.1934e-3   0.9998567367   0.9998707821              -        7    -10.85
  cohorts 10 alive | c0:1883@8.410e-3  c200:24@8.410e-3  c220:21@8.410e-3  c240:17@8.410e-3  c260:16@8.410e-3  c340:1600@9.671e-3
    343      11    34  8.409770e-3  7.040664e-1    1.1934e-3   0.9998567367   0.9998707821              -        7    -10.85
  cohorts 10 alive | c0:1883@8.410e-3  c220:21@8.410e-3  c240:17@8.410e-3  c320:397@8.410e-3  c340:1600@9.484e-3  c280:16@9.671e-3
    344      11    34  8.409770e-3  6.828822e-1    1.1934e-3   0.9998567367   0.9998707821              -        7    -10.85
  cohorts 10 alive | c0:1883@8.410e-3  c180:19@8.410e-3  c200:24@8.410e-3  c240:17@8.410e-3  c280:16@8.410e-3  c340:1600@8.661e-3
    345      11    34  7.878158e-3  6.992984e-1    8.6830e-4   0.9998957661   0.9998932733              -        6    -10.99
  cohorts 10 alive | c340:1600@7.878e-3  c0:1883@8.410e-3  c180:19@8.410e-3  c220:21@8.410e-3  c300:7@8.410e-3  c320:397@8.410e-3
    346      11    34  3.685451e-3  7.342785e-1    2.5051e-3   0.9996992725   0.9999862759              -        6    -12.64
  cohorts 10 alive | c340:1600@3.685e-3  c220:21@7.878e-3  c200:24@8.399e-3  c0:1883@8.410e-3  c240:17@8.410e-3  c260:16@9.009e-3
    347      11    34  3.368605e-3  6.801861e-1    2.2136e-3   0.9997342727   0.9999901503              -        5    -12.83
  cohorts 10 alive | c340:1600@3.369e-3  c220:21@3.685e-3  c260:16@3.685e-3  c280:16@3.891e-3  c200:24@5.543e-3  c0:1883@8.410e-3
    348      11    34  3.365881e-3  6.672124e-1    2.2068e-3   0.9997350908   0.9999902138              -        8    -12.83
  cohorts 10 alive | c340:1600@3.366e-3  c220:21@3.369e-3  c260:16@3.369e-3  c200:24@3.448e-3  c0:1883@8.410e-3  c180:19@9.265e-3
    349      11    34  3.353100e-3  7.111915e-1    2.2080e-3   0.9997349474   0.9999901836              -        7    -12.84
  cohorts 10 alive | c340:1600@3.353e-3  c220:21@3.366e-3  c280:16@3.366e-3  c200:24@3.368e-3  c0:1883@8.410e-3  c240:17@8.410e-3
    350      11    34  3.000447e-3  6.941890e-1    1.8663e-3   0.9997759585   0.9999891959              -        7    -13.08
  cohorts 10 alive | c340:1600@3.000e-3  c220:21@3.353e-3  c200:24@3.365e-3  c0:1883@8.410e-3  c180:19@8.916e-3  c240:17@1.084e-2
    351      11    34  2.970772e-3  6.955222e-1    1.8824e-3   0.9997740293   0.9999895633              -        7    -13.10
  cohorts 10 alive | c340:1600@2.971e-3  c220:21@3.000e-3  c260:16@3.000e-3  c200:24@3.062e-3  c0:1883@8.410e-3  c240:17@8.891e-3
    352      11    34  2.970772e-3  7.038489e-1    1.8824e-3   0.9997740293   0.9999895633              -        7    -13.10
  cohorts 10 alive | c200:24@2.971e-3  c220:21@2.971e-3  c340:1600@2.971e-3  c0:1883@8.410e-3  c240:17@8.410e-3  c320:397@8.638e-3
    353      11    34  2.970772e-3  6.739525e-1    1.8824e-3   0.9997740293   0.9999895633              -        7    -13.10
  cohorts 10 alive | c200:24@2.971e-3  c220:21@2.971e-3  c280:16@2.971e-3  c340:1600@2.971e-3  c0:1883@8.410e-3  c180:19@8.410e-3
    354      11    34  2.824093e-3  6.713995e-1    1.8585e-3   0.9997769030   0.9999817711              -        6    -13.21
  cohorts 10 alive | c340:1600@2.824e-3  c200:24@2.971e-3  c220:21@2.971e-3  c0:1883@8.410e-3  c180:19@8.410e-3  c240:17@8.410e-3
    355      11    34  2.630366e-3  7.232305e-1    1.5581e-3   0.9998129573   0.9999847162              -        7    -13.37
  cohorts 10 alive | c340:1600@2.630e-3  c200:24@2.824e-3  c220:21@2.824e-3  c0:1883@8.410e-3  c180:19@8.410e-3  c300:7@9.097e-3
    356      11    34  2.587865e-3  6.975008e-1    1.5575e-3   0.9998130268   0.9999850704              -        7    -13.40
  cohorts 10 alive | c340:1600@2.588e-3  c220:21@2.630e-3  c200:24@2.824e-3  c280:16@3.867e-3  c0:1883@8.410e-3  c180:19@8.410e-3
    357      11    34  2.570259e-3  6.575046e-1    1.5621e-3   0.9998124790   0.9999855964              -        7    -13.42
  cohorts 10 alive | c340:1600@2.570e-3  c220:21@2.588e-3  c260:16@2.588e-3  c200:24@2.630e-3  c0:1883@8.410e-3  c240:17@9.367e-3
    358      11    34  2.570259e-3  6.955222e-1    1.5621e-3   0.9998124790   0.9999855964              -        7    -13.42
  cohorts 10 alive | c220:21@2.570e-3  c260:16@2.570e-3  c340:1600@2.570e-3  c200:24@2.588e-3  c0:1883@8.410e-3  c300:7@8.410e-3
    359      11    34  2.570259e-3  6.826965e-1    1.5621e-3   0.9998124790   0.9999855964              -        7    -13.42
  cohorts 10 alive | c200:24@2.570e-3  c220:21@2.570e-3  c340:1600@2.570e-3  c0:1883@8.410e-3  c180:19@8.410e-3  c240:17@8.410e-3
    360      11    34  2.570259e-3  7.646877e-1    1.5621e-3   0.9998124790   0.9999855964              -        7    -13.42
  cohorts 4 alive | c340:410@2.570e-3  c0:1980@8.410e-3  c320:10@3.020e-2  c360:1600@7.642e-2
    361      11    34  2.570259e-3  5.452755e-1    1.5621e-3   0.9998124790   0.9999855964              -        7    -13.42
  cohorts 4 alive | c0:1980@2.570e-3  c340:410@2.570e-3  c320:10@4.229e-3  c360:1600@7.038e-2
    362      11    34  2.570259e-3  5.523707e-1    1.5621e-3   0.9998124790   0.9999855964              -        7    -13.42
  cohorts 4 alive | c0:1980@2.570e-3  c320:10@2.570e-3  c340:410@2.570e-3  c360:1600@5.897e-2
    363      11    34  2.570259e-3  5.803952e-1    1.5621e-3   0.9998124790   0.9999855964              -        7    -13.42
  cohorts 4 alive | c0:1980@2.570e-3  c340:410@2.570e-3  c320:10@1.747e-2  c360:1600@5.897e-2
    364      11    34  2.570245e-3  5.690884e-1    1.5621e-3   0.9998124786   0.9999855969              -        7    -13.42
  cohorts 4 alive | c0:1980@2.570e-3  c320:10@2.570e-3  c340:410@2.570e-3  c360:1600@5.883e-2
    365      12    34  2.563515e-3  5.704659e-1    1.5710e-3   0.9998114146   0.9999855555              -        7    -13.42
  cohorts 4 alive | c0:1980@2.564e-3  c340:410@2.570e-3  c320:10@2.570e-3  c360:1600@5.883e-2
    366      12    34  2.537198e-3  5.991858e-1    1.5725e-3   0.9998112286   0.9999856012              -        7    -13.45
  cohorts 4 alive | c0:1980@2.537e-3  c320:10@2.564e-3  c340:410@2.564e-3  c360:1600@5.883e-2
    367      12    34  2.509703e-3  6.264412e-1    1.5712e-3   0.9998113887   0.9999909541              -        7    -13.47
  cohorts 4 alive | c0:1980@2.510e-3  c320:10@2.537e-3  c340:410@2.570e-3  c360:1600@5.883e-2
    368      12    34  2.504810e-3  5.994753e-1    1.5940e-3   0.9998086453   0.9999941345              -        7    -13.48
  cohorts 4 alive | c0:1980@2.505e-3  c320:10@2.510e-3  c340:410@2.510e-3  c360:1600@5.883e-2
    369      12    34  2.467713e-3  6.159087e-1    1.6268e-3   0.9998047126   0.9999932451              -        7    -13.51
  cohorts 4 alive | c0:1980@2.468e-3  c320:10@2.505e-3  c340:410@2.505e-3  c360:1600@5.732e-2
    370      12    34  2.043486e-3  6.311650e-1    1.3777e-3   0.9998346139   0.9999940595              -        7    -13.92
  cohorts 4 alive | c0:1980@2.043e-3  c340:410@2.570e-3  c320:10@2.784e-2  c360:1600@5.732e-2
    371      12    34  1.908212e-3  6.473992e-1    1.2557e-3   0.9998492664   0.9999939979              -        7    -14.07
  cohorts 4 alive | c0:1980@1.908e-3  c320:10@2.043e-3  c340:410@2.570e-3  c360:1600@5.732e-2
    372      12    34  1.908212e-3  6.176469e-1    1.2557e-3   0.9998492664   0.9999939979              -        7    -14.07
  cohorts 4 alive | c0:1980@1.908e-3  c320:10@1.908e-3  c340:410@1.908e-3  c360:1600@5.728e-2
    373      12    34  1.908212e-3  7.130894e-1    1.2557e-3   0.9998492664   0.9999939979              -        7    -14.07
  cohorts 4 alive | c0:1980@1.908e-3  c340:410@1.908e-3  c320:10@2.841e-3  c360:1600@5.726e-2
    374      12    34  1.908212e-3  7.036995e-1    1.2557e-3   0.9998492664   0.9999939979              -        7    -14.07
  cohorts 4 alive | c0:1980@1.908e-3  c320:10@1.908e-3  c340:410@1.908e-3  c360:1600@5.713e-2
    375      12    34  1.905867e-3  7.107252e-1    1.2723e-3   0.9998472632   0.9999945332              -        7    -14.07
  cohorts 4 alive | c0:1980@1.906e-3  c320:10@1.908e-3  c340:410@2.570e-3  c360:1600@5.712e-2
    376      12    34  1.868080e-3  6.797102e-1    1.2778e-3   0.9998466071   0.9999943859              -        7    -14.11
  cohorts 4 alive | c320:10@1.868e-3  c0:1980@1.888e-3  c340:410@1.906e-3  c360:1600@5.710e-2
    377      12    34  1.858619e-3  7.295626e-1    1.2751e-3   0.9998469371   0.9999951137              -        7    -14.12
  cohorts 4 alive | c0:1980@1.859e-3  c340:410@1.868e-3  c320:10@1.908e-3  c360:1600@5.486e-2
    378      12    34  1.848637e-3  6.860364e-1    1.2592e-3   0.9998488367   0.9999951838              -        7    -14.13
  cohorts 4 alive | c0:1980@1.849e-3  c320:10@1.859e-3  c340:410@1.859e-3  c360:1600@5.486e-2
    379      12    34  1.848405e-3  7.058633e-1    1.2532e-3   0.9998495613   0.9999949343              -        7    -14.14
  cohorts 4 alive | c0:1980@1.848e-3  c340:410@1.849e-3  c320:10@2.026e-3  c360:1600@5.486e-2
    380      12    34  1.848187e-3  8.509219e-1    1.2532e-3   0.9998495612   0.9999949349              -        7    -14.14
  cohorts 3 alive | c340:2146@1.848e-3  c360:254@5.240e-2  c380:1600@1.044e-1
    381      12    34  1.848187e-3  5.650229e-1    1.2532e-3   0.9998495612   0.9999949349              -        7    -14.14
  cohorts 3 alive | c340:2146@1.848e-3  c360:254@1.987e-3  c380:1600@7.816e-2
    382      12    34  1.848187e-3  5.671817e-1    1.2532e-3   0.9998495612   0.9999949349              -        7    -14.14
  cohorts 3 alive | c340:2146@1.848e-3  c360:254@1.848e-3  c380:1600@7.317e-2
    383      12    34  1.848187e-3  6.577598e-1    1.2532e-3   0.9998495612   0.9999949349              -        7    -14.14
  cohorts 3 alive | c340:2146@1.848e-3  c360:254@1.848e-3  c380:1600@6.072e-2
    384      12    34  1.845193e-3  7.025065e-1    1.2295e-3   0.9998524030   0.9999949651              -        7    -14.14
  cohorts 3 alive | c340:2146@1.845e-3  c360:254@1.848e-3  c380:1600@5.334e-2
    385      12    34  1.845191e-3  7.289933e-1    1.2295e-3   0.9998524044   0.9999949648              -        7    -14.14
  cohorts 3 alive | c340:2146@1.845e-3  c360:254@1.845e-3  c380:1600@4.648e-2
    386      12    34  1.840381e-3  6.834751e-1    1.2355e-3   0.9998516915   0.9999952197              -        7    -14.14
  cohorts 3 alive | c340:2146@1.840e-3  c360:254@2.085e-2  c380:1600@4.379e-2
    387      12    34  1.840381e-3  6.956412e-1    1.2355e-3   0.9998516915   0.9999952197              -        7    -14.14
  cohorts 3 alive | c340:2146@1.840e-3  c360:254@2.807e-3  c380:1600@4.271e-2
    388      12    34  1.837383e-3  6.774628e-1    1.2030e-3   0.9998555879   0.9999936724              -        7    -14.15
  cohorts 3 alive | c340:2146@1.837e-3  c360:254@1.840e-3  c380:1600@4.135e-2
    389      12    34  1.837383e-3  7.356550e-1    1.2030e-3   0.9998555879   0.9999936724              -        7    -14.15
  cohorts 3 alive | c340:2146@1.837e-3  c360:254@1.837e-3  c380:1600@4.013e-2
    390      12    34  1.837383e-3  6.895193e-1    1.2030e-3   0.9998555879   0.9999936724              -        7    -14.15
  cohorts 3 alive | c340:2146@1.837e-3  c360:254@1.837e-3  c380:1600@3.917e-2
    391      12    34  1.837383e-3  7.046499e-1    1.2030e-3   0.9998555879   0.9999936724              -        7    -14.15
  cohorts 3 alive | c340:2146@1.837e-3  c360:254@1.837e-3  c380:1600@3.909e-2
    392      12    34  1.837383e-3  6.935407e-1    1.2030e-3   0.9998555879   0.9999936724              -        7    -14.15
  cohorts 3 alive | c340:2146@1.837e-3  c360:254@2.486e-3  c380:1600@3.888e-2
    393      12    34  1.837383e-3  7.304153e-1    1.2030e-3   0.9998555879   0.9999936724              -        7    -14.15
  cohorts 3 alive | c340:2146@1.837e-3  c360:254@1.837e-3  c380:1600@3.781e-2
    394      12    34  1.837383e-3  7.133511e-1    1.2030e-3   0.9998555879   0.9999936724              -        7    -14.15
  cohorts 3 alive | c340:2146@1.837e-3  c360:254@1.837e-3  c380:1600@3.519e-2
    395      12    34  1.835408e-3  7.230882e-1    1.1984e-3   0.9998561429   0.9999938244              -        7    -14.15
  cohorts 3 alive | c340:2146@1.835e-3  c360:254@1.837e-3  c380:1600@3.449e-2
    396      12    34  1.835270e-3  7.310905e-1    1.1984e-3   0.9998561426   0.9999938245              -        7    -14.15
  cohorts 3 alive | c340:2146@1.835e-3  c360:254@1.835e-3  c380:1600@3.445e-2
    397      12    34  1.834180e-3  7.288742e-1    1.1967e-3   0.9998563452   0.9999937712              -        7    -14.15
  cohorts 3 alive | c340:2146@1.834e-3  c360:254@1.908e-3  c380:1600@3.432e-2
    398      12    34  1.834180e-3  7.185535e-1    1.1967e-3   0.9998563452   0.9999937712              -        7    -14.15
  cohorts 3 alive | c340:2146@1.834e-3  c360:254@1.834e-3  c380:1600@3.366e-2
    399      12    34  1.834180e-3  7.646425e-1    1.1967e-3   0.9998563452   0.9999937712              -        7    -14.15
  cohorts 3 alive | c340:2146@1.834e-3  c360:254@1.834e-3  c380:1600@3.009e-2
    400      13    34  1.834180e-3  8.243505e-1    1.1967e-3   0.9998563452   0.9999937712              -        7    -14.15
  cohorts 4 alive | c340:2037@1.834e-3  c380:334@2.997e-2  c360:29@4.692e-2  c400:1600@7.457e-2
    401      13    34  1.834180e-3  6.263676e-1    1.1967e-3   0.9998563452   0.9999937712              -        7    -14.15
  cohorts 4 alive | c340:2037@1.834e-3  c360:29@1.834e-3  c380:334@2.837e-3  c400:1600@7.237e-2
    402      13    34  1.834180e-3  6.641152e-1    1.1967e-3   0.9998563452   0.9999937712              -        7    -14.15
  cohorts 4 alive | c340:2037@1.834e-3  c360:29@2.429e-3  c380:334@2.962e-2  c400:1600@7.059e-2
    403      13    34  1.834180e-3  6.674510e-1    1.1967e-3   0.9998563452   0.9999937712              -        7    -14.15
  cohorts 4 alive | c340:2037@1.834e-3  c360:29@1.834e-3  c380:334@1.834e-3  c400:1600@6.382e-2
    404      13    34  1.834180e-3  6.938315e-1    1.1967e-3   0.9998563452   0.9999937712              -        7    -14.15
  cohorts 4 alive | c340:2037@1.834e-3  c360:29@1.834e-3  c380:334@4.262e-3  c400:1600@6.178e-2
    405      13    34  1.834180e-3  6.949607e-1    1.1967e-3   0.9998563452   0.9999937712              -        7    -14.15
  cohorts 4 alive | c340:2037@1.834e-3  c360:29@1.834e-3  c380:334@1.951e-2  c400:1600@6.074e-2
    406      13    34  1.834180e-3  7.143370e-1    1.1967e-3   0.9998563452   0.9999937712              -        7    -14.15
  cohorts 4 alive | c340:2037@1.834e-3  c360:29@1.834e-3  c380:334@1.915e-3  c400:1600@6.074e-2
    407      13    34  1.834180e-3  6.658611e-1    1.1967e-3   0.9998563452   0.9999937712              -        7    -14.15
  cohorts 4 alive | c340:2037@1.834e-3  c360:29@2.429e-3  c380:334@2.086e-2  c400:1600@5.935e-2
    408      13    34  1.834180e-3  6.897368e-1    1.1967e-3   0.9998563452   0.9999937712              -        7    -14.15
  cohorts 4 alive | c340:2037@1.834e-3  c380:334@1.910e-3  c360:29@2.429e-3  c400:1600@5.568e-2
    409      13    34  1.834180e-3  7.295017e-1    1.1967e-3   0.9998563452   0.9999937712              -        7    -14.15
  cohorts 4 alive | c340:2037@1.834e-3  c360:29@1.834e-3  c380:334@2.054e-3  c400:1600@5.568e-2
    410      13    34  1.834180e-3  7.178149e-1    1.1967e-3   0.9998563452   0.9999937712              -        7    -14.15
  cohorts 4 alive | c340:2037@1.834e-3  c360:29@2.429e-3  c380:334@3.472e-3  c400:1600@5.568e-2
    411      13    34  1.834180e-3  7.097565e-1    1.1967e-3   0.9998563452   0.9999937712              -        7    -14.15
  cohorts 4 alive | c340:2037@1.834e-3  c360:29@1.834e-3  c380:334@3.413e-3  c400:1600@5.568e-2
    412      13    34  1.834180e-3  7.170724e-1    1.1967e-3   0.9998563452   0.9999937712              -        7    -14.15
  cohorts 4 alive | c340:2037@1.834e-3  c360:29@1.834e-3  c380:334@3.284e-3  c400:1600@4.867e-2
    413      13    34  1.834180e-3  6.302433e-1    1.1967e-3   0.9998563452   0.9999937712              -        7    -14.15
  cohorts 4 alive | c340:2037@1.834e-3  c360:29@1.834e-3  c380:334@3.400e-3  c400:1600@4.867e-2
    414      13    34  1.834180e-3  6.404332e-1    1.1967e-3   0.9998563452   0.9999937712              -        7    -14.15
  cohorts 4 alive | c340:2037@1.834e-3  c360:29@2.429e-3  c380:334@3.400e-3  c400:1600@4.736e-2
    415      13    34  1.834180e-3  7.781399e-1    1.1967e-3   0.9998563452   0.9999937712              -        7    -14.15
  cohorts 4 alive | c340:2037@1.834e-3  c360:29@1.834e-3  c380:334@3.382e-3  c400:1600@4.389e-2
    416      13    34  1.834180e-3  6.771560e-1    1.1967e-3   0.9998563452   0.9999937712              -        7    -14.15
  cohorts 4 alive | c340:2037@1.834e-3  c380:334@1.908e-3  c360:29@2.429e-3  c400:1600@4.352e-2
    417      13    34  1.834180e-3  6.940851e-1    1.1967e-3   0.9998563452   0.9999937712              -        7    -14.15
  cohorts 4 alive | c340:2037@1.834e-3  c380:334@1.834e-3  c360:29@2.512e-3  c400:1600@4.127e-2
    418      13    34  1.834180e-3  6.885249e-1    1.1967e-3   0.9998563452   0.9999937712              -        7    -14.15
  cohorts 4 alive | c340:2037@1.834e-3  c380:334@1.834e-3  c360:29@1.908e-3  c400:1600@4.040e-2
    419      13    34  1.834160e-3  6.936561e-1    1.1967e-3   0.9998563451   0.9999937713              -        7    -14.15
  cohorts 4 alive | c340:2037@1.834e-3  c360:29@1.834e-3  c380:334@2.026e-3  c400:1600@4.007e-2
    420      13    34  1.834095e-3  8.438255e-1    1.1967e-3   0.9998563453   0.9999937710              -        7    -14.15
  cohorts 5 alive | c340:1992@1.834e-3  c360:17@2.429e-3  c380:122@3.046e-3  c400:269@3.962e-2  c420:1600@1.020e-1
    421      13    34  1.834095e-3  6.104372e-1    1.1967e-3   0.9998563453   0.9999937710              -        7    -14.15
  cohorts 5 alive | c340:1992@1.834e-3  c400:269@1.834e-3  c360:17@1.854e-3  c380:122@2.755e-3  c420:1600@1.019e-1
    422      13    34  1.834095e-3  5.969856e-1    1.1967e-3   0.9998563453   0.9999937710              -        7    -14.15
  cohorts 5 alive | c340:1992@1.834e-3  c380:122@1.834e-3  c360:17@2.450e-3  c400:269@3.957e-2  c420:1600@1.019e-1
    423      13    34  1.834095e-3  6.088183e-1    1.1967e-3   0.9998563453   0.9999937710              -        7    -14.15
  cohorts 5 alive | c340:1992@1.834e-3  c360:17@1.834e-3  c380:122@3.042e-3  c400:269@2.067e-2  c420:1600@8.524e-2
    424      13    34  1.834035e-3  6.208855e-1    1.1967e-3   0.9998563453   0.9999937715              -        7    -14.15
  cohorts 5 alive | c340:1992@1.834e-3  c360:17@1.834e-3  c400:269@1.834e-3  c380:122@3.042e-3  c420:1600@7.243e-2
    425      13    34  1.776173e-3  6.018847e-1    1.0151e-3   0.9998781407   0.9999948063              -        7    -14.22
  cohorts 5 alive | c360:17@1.776e-3  c340:1992@1.834e-3  c380:122@1.834e-3  c400:269@1.055e-2  c420:1600@6.706e-2
    426      13    34  1.776173e-3  6.166362e-1    1.0151e-3   0.9998781407   0.9999948063              -        7    -14.22
  cohorts 5 alive | c340:1992@1.776e-3  c360:17@1.776e-3  c380:122@1.908e-3  c400:269@3.408e-2  c420:1600@6.662e-2
    427      13    34  1.739521e-3  6.146522e-1    9.4400e-4   0.9998866784   0.9999949365              -        7    -14.27
  cohorts 5 alive | c340:1992@1.740e-3  c360:17@1.776e-3  c380:122@1.776e-3  c400:269@3.408e-2  c420:1600@6.594e-2
    428      13    34  1.730630e-3  6.242736e-1    9.7432e-4   0.9998830390   0.9999962155              -        7    -14.28
  cohorts 5 alive | c340:1992@1.731e-3  c400:269@2.600e-3  c360:17@3.042e-3  c380:122@3.042e-3  c420:1600@5.471e-2
    429      13    34  1.724176e-3  6.492590e-1    9.7460e-4   0.9998830055   0.9999963300              -        7    -14.29
  cohorts 5 alive | c340:1992@1.724e-3  c360:17@1.879e-3  c380:122@1.956e-3  c400:269@2.237e-2  c420:1600@5.349e-2
    430      13    34  1.710672e-3  6.167315e-1    6.8679e-4   0.9999175548   0.9999967700              -        7    -14.30
  cohorts 5 alive | c340:1992@1.711e-3  c400:269@1.953e-3  c380:122@3.042e-3  c360:17@2.069e-2  c420:1600@5.223e-2
    431      13    34  1.708260e-3  6.092333e-1    8.0679e-4   0.9999031499   0.9999966775              -        7    -14.31
  cohorts 5 alive | c340:1992@1.708e-3  c360:17@1.711e-3  c380:122@3.042e-3  c400:269@8.474e-3  c420:1600@5.223e-2
    432      13    34  1.707708e-3  6.612287e-1    7.7963e-4   0.9999064104   0.9999967097              -        7    -14.31
  cohorts 5 alive | c340:1992@1.708e-3  c360:17@1.717e-3  c380:122@2.957e-3  c400:269@3.321e-2  c420:1600@5.157e-2
    433      13    34  1.704853e-3  6.654718e-1    1.0159e-3   0.9998780514   0.9999960934              -        7    -14.31
  cohorts 5 alive | c340:1992@1.705e-3  c380:122@1.712e-3  c360:17@3.042e-3  c400:269@2.016e-2  c420:1600@5.135e-2
    434      14    34  1.655466e-3  6.627902e-1    6.1874e-4   0.9999257245   0.9999967066              -        7    -14.37
  cohorts 5 alive | c340:1992@1.655e-3  c380:122@2.611e-3  c360:17@2.000e-2  c400:269@2.048e-2  c420:1600@4.936e-2
    435      14    34  1.655466e-3  6.675187e-1    6.1874e-4   0.9999257245   0.9999967066              -        7    -14.37
  cohorts 5 alive | c340:1992@1.655e-3  c400:269@1.655e-3  c380:122@1.688e-3  c360:17@2.555e-3  c420:1600@4.936e-2
    436      14    34  1.652998e-3  6.333852e-1    6.1657e-4   0.9999259843   0.9999966542              -        7    -14.38
  cohorts 5 alive | c340:1992@1.653e-3  c360:17@1.655e-3  c380:122@1.655e-3  c400:269@1.849e-2  c420:1600@4.929e-2
    437      14    34  1.652976e-3  6.392913e-1    6.1657e-4   0.9999259843   0.9999966545              -        7    -14.38
  cohorts 5 alive | c340:1992@1.653e-3  c380:122@1.653e-3  c360:17@2.663e-3  c400:269@7.320e-3  c420:1600@4.825e-2
    438      14    34  1.652976e-3  6.380758e-1    6.1657e-4   0.9999259843   0.9999966545              -        7    -14.38
  cohorts 5 alive | c340:1992@1.653e-3  c380:122@2.564e-3  c360:17@2.938e-3  c400:269@2.788e-2  c420:1600@4.711e-2
    439      14    34  1.652976e-3  6.376412e-1    6.1657e-4   0.9999259843   0.9999966545              -        7    -14.38
  cohorts 5 alive | c340:1992@1.653e-3  c360:17@1.791e-3  c380:122@2.932e-3  c400:269@3.241e-2  c420:1600@4.658e-2
    440      14    34  1.652976e-3  8.826927e-1    6.1657e-4   0.9999259843   0.9999966545              -        7    -14.38
  cohorts 6 alive | c340:1966@1.653e-3  c400:76@1.653e-3  c360:15@2.066e-3  c380:35@2.751e-3  c420:308@4.658e-2  c440:1600@9.217e-2
    441      14    34  1.652976e-3  6.861095e-1    6.1657e-4   0.9999259843   0.9999966545              -        7    -14.38
  cohorts 6 alive | c340:1966@1.653e-3  c380:35@1.653e-3  c420:308@1.848e-3  c400:76@1.862e-3  c360:15@1.958e-3  c440:1600@8.428e-2
    442      14    34  1.652774e-3  5.795442e-1    6.1756e-4   0.9999258657   0.9999966541              -        7    -14.38
  cohorts 6 alive | c340:1966@1.653e-3  c360:15@1.653e-3  c380:35@1.653e-3  c400:76@1.653e-3  c420:308@3.984e-3  c440:1600@7.510e-2
    443      14    34  1.618014e-3  6.328519e-1    6.9352e-4   0.9999167468   0.9999964387              -        7    -14.42
  cohorts 6 alive | c340:1966@1.618e-3  c380:35@1.628e-3  c420:308@1.653e-3  c360:15@1.653e-3  c400:76@1.848e-3  c440:1600@5.940e-2
    444      14    34  1.530596e-3  6.184346e-1    6.8842e-4   0.9999173599   0.9999948484              -        8    -14.54
  cohorts 6 alive | c340:1966@1.531e-3  c360:15@1.596e-3  c400:76@1.615e-3  c380:35@1.730e-3  c420:308@1.891e-3  c440:1600@5.861e-2
    445      14    34  1.450263e-3  6.436797e-1    3.8051e-4   0.9999543223   0.9999964752              -        8    -14.66
  cohorts 6 alive | c340:1966@1.450e-3  c360:15@1.531e-3  c400:76@1.531e-3  c380:35@2.720e-3  c420:308@4.645e-2  c440:1600@5.043e-2
    446      14    34  1.369164e-3  6.493926e-1    3.7553e-4   0.9999549200   0.9999965563              -        8    -14.79
  cohorts 6 alive | c340:1966@1.369e-3  c360:15@1.515e-3  c400:76@1.585e-3  c380:35@1.604e-3  c420:308@4.645e-2  c440:1600@4.967e-2
    447      14    34  1.369164e-3  6.349417e-1    3.7553e-4   0.9999549200   0.9999965563              -        8    -14.79
  cohorts 6 alive | c340:1966@1.369e-3  c420:308@2.932e-3  c380:35@2.951e-3  c400:76@2.990e-3  c360:15@3.732e-3  c440:1600@4.940e-2
    448      14    34  1.369139e-3  6.507986e-1    3.7552e-4   0.9999549205   0.9999965562              -        8    -14.79
  cohorts 6 alive | c340:1966@1.369e-3  c360:15@1.369e-3  c400:76@1.369e-3  c380:35@3.305e-3  c420:308@4.645e-2  c440:1600@4.916e-2
    449      14    34  1.369139e-3  6.534967e-1    3.7552e-4   0.9999549205   0.9999965562              -        8    -14.79
  cohorts 6 alive | c340:1966@1.369e-3  c380:35@1.369e-3  c360:15@2.152e-3  c400:76@2.903e-3  c420:308@4.645e-2  c440:1600@4.914e-2
    450      14    34  1.369139e-3  6.494882e-1    3.7552e-4   0.9999549205   0.9999965562              -        8    -14.79
  cohorts 6 alive | c340:1966@1.369e-3  c360:15@1.369e-3  c380:35@1.369e-3  c400:76@1.369e-3  c420:308@4.016e-3  c440:1600@4.913e-2
    451      14    34  1.369139e-3  6.845716e-1    3.7552e-4   0.9999549205   0.9999965562              -        8    -14.79
  cohorts 6 alive | c340:1966@1.369e-3  c360:15@1.369e-3  c380:35@1.369e-3  c400:76@1.369e-3  c420:308@4.595e-3  c440:1600@4.913e-2
    452      14    34  1.369139e-3  6.779345e-1    3.7552e-4   0.9999549205   0.9999965562              -        8    -14.79
  cohorts 6 alive | c340:1966@1.369e-3  c360:15@1.369e-3  c380:35@2.534e-3  c400:76@2.870e-3  c420:308@4.645e-2  c440:1600@4.913e-2
    453      14    34  1.369139e-3  6.516194e-1    3.7552e-4   0.9999549205   0.9999965562              -        8    -14.79
  cohorts 6 alive | c340:1966@1.369e-3  c360:15@1.369e-3  c380:35@1.369e-3  c400:76@2.870e-3  c420:308@3.828e-3  c440:1600@4.913e-2
    454      14    34  1.369139e-3  6.494847e-1    3.7552e-4   0.9999549205   0.9999965562              -        8    -14.79
  cohorts 6 alive | c340:1966@1.369e-3  c400:76@1.509e-3  c360:15@1.517e-3  c420:308@2.549e-3  c380:35@2.870e-3  c440:1600@4.878e-2
    455      14    34  1.357041e-3  6.784827e-1    3.4160e-4   0.9999589933   0.9999966398              -        8    -14.81
  cohorts 6 alive | c360:15@1.357e-3  c340:1966@1.365e-3  c400:76@1.911e-3  c380:35@2.870e-3  c420:308@4.622e-2  c440:1600@4.843e-2
    456      14    34  1.342633e-3  6.680939e-1    3.1130e-4   0.9999626309   0.9999966673              -        8    -14.83
  cohorts 6 alive | c340:1966@1.343e-3  c360:15@1.357e-3  c400:76@1.357e-3  c380:35@2.563e-3  c420:308@4.622e-2  c440:1600@4.753e-2
    457      14    34  1.188211e-3  6.526268e-1    3.1155e-4   0.9999626007   0.9999963732              -       10    -15.09
  cohorts 6 alive | c360:15@1.188e-3  c340:1966@1.341e-3  c400:76@1.343e-3  c380:35@1.889e-3  c420:308@1.800e-2  c440:1600@4.672e-2
    458      14    34  1.081511e-3  7.470412e-1    1.7189e-4   0.9999793658   0.9999970565              -       10    -15.30
  cohorts 6 alive | c340:1966@1.082e-3  c360:15@1.188e-3  c380:35@1.206e-3  c400:76@2.797e-3  c420:308@4.215e-3  c440:1600@4.672e-2
    459      14    34  9.788593e-4  8.114079e-1    1.8718e-4   0.9999775298   0.9999963563              -       10    -15.52
  cohorts 6 alive | c340:1966@9.789e-4  c380:35@1.082e-3  c400:76@1.221e-3  c360:15@4.261e-3  c420:308@4.622e-2  c440:1600@4.672e-2
    460      14    34  9.778924e-4  9.169741e-1    1.8353e-4   0.9999779687   0.9999966285              -       10    -15.52
  cohorts 5 alive | c340:1984@9.779e-4  c400:38@2.817e-3  c420:51@7.465e-3  c440:327@4.670e-2  c460:1600@9.110e-2
    461      14    34  9.777624e-4  6.723301e-1    1.8373e-4   0.9999779440   0.9999966219              -       10    -15.52
  cohorts 5 alive | c340:1984@9.778e-4  c420:51@9.779e-4  c440:327@9.779e-4  c400:38@2.032e-3  c460:1600@8.245e-2
    462      14    34  9.777474e-4  7.413880e-1    1.8373e-4   0.9999779443   0.9999966221              -       10    -15.52
  cohorts 5 alive | c340:1984@9.777e-4  c420:51@9.778e-4  c440:327@9.778e-4  c400:38@3.438e-3  c460:1600@8.245e-2
    463      14    34  9.777474e-4  7.428275e-1    1.8373e-4   0.9999779443   0.9999966221              -       10    -15.52
  cohorts 5 alive | c340:1984@9.777e-4  c420:51@3.177e-3  c400:38@3.843e-3  c440:327@7.961e-3  c460:1600@8.221e-2
    464      14    34  9.548450e-4  7.620631e-1    1.9905e-4   0.9999761051   0.9999974846              -       10    -15.57
  cohorts 5 alive | c340:1984@9.548e-4  c420:51@2.157e-3  c400:38@3.399e-3  c440:327@7.947e-3  c460:1600@6.690e-2
    465      14    34  8.984406e-4  7.597659e-1    2.1369e-4   0.9999743481   0.9999973837              -       10    -15.70
  cohorts 5 alive | c340:1984@8.984e-4  c400:38@9.548e-4  c420:51@1.833e-3  c440:327@1.323e-2  c460:1600@4.388e-2
    466      15    34  8.982980e-4  7.229861e-1    2.1346e-4   0.9999743750   0.9999973892              -       10    -15.70
  cohorts 5 alive | c340:1984@8.983e-4  c400:38@3.843e-3  c420:51@3.843e-3  c440:327@1.182e-2  c460:1600@4.197e-2
    467      15    34  8.982941e-4  6.746302e-1    2.1346e-4   0.9999743751   0.9999973894              -       10    -15.70
  cohorts 5 alive | c340:1984@8.983e-4  c400:38@3.843e-3  c420:51@3.843e-3  c440:327@1.182e-2  c460:1600@3.603e-2
    468      15    34  8.982941e-4  6.601161e-1    2.1346e-4   0.9999743751   0.9999973894              -       10    -15.70
  cohorts 5 alive | c340:1984@8.983e-4  c400:38@3.386e-3  c420:51@3.843e-3  c440:327@6.673e-3  c460:1600@3.603e-2
    469      15    34  8.980122e-4  6.841607e-1    2.1353e-4   0.9999743670   0.9999973892              -       10    -15.70
  cohorts 5 alive | c340:1984@8.980e-4  c440:327@8.983e-4  c400:38@1.616e-3  c420:51@3.843e-3  c460:1600@3.603e-2
    470      15    34  8.979742e-4  7.429075e-1    2.1354e-4   0.9999743656   0.9999973896              -       10    -15.70
  cohorts 5 alive | c340:1984@8.980e-4  c440:327@1.714e-3  c420:51@2.385e-3  c400:38@2.835e-3  c460:1600@3.603e-2
    471      15    34  8.296961e-4  7.811413e-1    1.4440e-4   0.9999826651   0.9999977589              -       10    -15.87
  cohorts 5 alive | c340:1984@8.297e-4  c420:51@1.610e-3  c400:38@2.780e-3  c440:327@6.627e-3  c460:1600@3.596e-2
    472      15    34  7.919356e-4  7.568701e-1    6.4033e-5   0.9999923133   0.9999981036              -       10    -15.98
  cohorts 5 alive | c340:1984@7.919e-4  c400:38@3.374e-3  c420:51@3.386e-3  c440:327@6.627e-3  c460:1600@3.581e-2
    473      15    34  7.650112e-4  7.851103e-1    6.4749e-5   0.9999922272   0.9999980613              -       10    -16.05
  cohorts 5 alive | c340:1984@7.650e-4  c400:38@7.919e-4  c420:51@8.292e-4  c440:327@1.231e-3  c460:1600@3.572e-2
    474      15    34  7.650112e-4  7.699005e-1    6.4749e-5   0.9999922272   0.9999980613              -       10    -16.05
  cohorts 5 alive | c340:1984@7.650e-4  c440:327@2.393e-3  c400:38@3.374e-3  c420:51@3.374e-3  c460:1600@3.568e-2
    475      15    34  7.650112e-4  7.891900e-1    6.4749e-5   0.9999922272   0.9999980613              -       10    -16.05
  cohorts 5 alive | c340:1984@7.650e-4  c440:327@7.686e-4  c400:38@3.374e-3  c420:51@3.374e-3  c460:1600@2.571e-2
    476      15    34  7.523851e-4  7.810441e-1    6.3047e-5   0.9999924316   0.9999974061              -       10    -16.09
  cohorts 5 alive | c340:1984@7.524e-4  c400:38@1.678e-3  c420:51@2.429e-3  c440:327@3.366e-3  c460:1600@2.151e-2
    477      15    34  7.184230e-4  7.994621e-1    3.6251e-5   0.9999956483   0.9999976437              -       10    -16.19
  cohorts 5 alive | c340:1984@7.184e-4  c440:327@1.192e-3  c420:51@3.366e-3  c400:38@3.374e-3  c460:1600@2.109e-2
    478      15    34  7.180152e-4  8.262945e-1    3.4095e-5   0.9999959071   0.9999976754              -       10    -16.19
  cohorts 5 alive | c340:1984@7.180e-4  c400:38@7.184e-4  c440:327@3.366e-3  c420:51@3.366e-3  c460:1600@2.109e-2
    479      15    34  7.179919e-4  8.575363e-1    3.4021e-5   0.9999959160   0.9999976759              -       10    -16.19
  cohorts 5 alive | c340:1984@7.180e-4  c400:38@1.757e-3  c420:51@3.366e-3  c440:327@3.366e-3  c460:1600@2.104e-2
    480      15    34  7.173911e-4   1.012459e0    3.4123e-5   0.9999959038   0.9999976729              -       10    -16.19
  cohorts 6 alive | c340:1968@7.174e-4  c400:18@2.140e-3  c420:21@2.345e-3  c440:132@3.366e-3  c460:261@2.104e-2  c480:1600@8.496e-2
    481      15    34  6.092493e-4  7.402542e-1    8.1344e-6   0.9999990235   0.9999989608              -       10    -16.55
  cohorts 6 alive | c340:1968@6.092e-4  c420:21@7.174e-4  c440:132@2.045e-3  c400:18@3.366e-3  c460:261@2.060e-2  c480:1600@8.249e-2
    482      15    34  6.092061e-4  7.873562e-1    8.1344e-6   0.9999990235   0.9999989608              -       10    -16.55
  cohorts 6 alive | c340:1968@6.092e-4  c400:18@2.428e-3  c460:261@3.199e-3  c440:132@3.340e-3  c420:21@3.366e-3  c480:1600@8.237e-2
    483      15    34  5.872959e-4  7.876107e-1    8.5038e-6   0.9999989792   0.9999989660              -       10    -16.62
  cohorts 6 alive | c340:1968@5.873e-4  c420:21@6.067e-4  c460:261@2.863e-3  c400:18@3.340e-3  c440:132@3.340e-3  c480:1600@8.218e-2
    484      15    34  5.872959e-4  8.096120e-1    8.5038e-6   0.9999989792   0.9999989660              -       10    -16.62
  cohorts 6 alive | c340:1968@5.873e-4  c440:132@5.873e-4  c420:21@8.067e-4  c400:18@3.340e-3  c460:261@1.190e-2  c480:1600@7.762e-2
    485      15    34  5.872518e-4  7.769249e-1    8.5037e-6   0.9999989792   0.9999989660              -       10    -16.62
  cohorts 6 alive | c340:1968@5.873e-4  c420:21@5.873e-4  c460:261@1.178e-3  c440:132@3.316e-3  c400:18@3.366e-3  c480:1600@7.200e-2
    486      15    34  5.872518e-4  8.406032e-1    8.5037e-6   0.9999989792   0.9999989660              -       10    -16.62
  cohorts 6 alive | c340:1968@5.873e-4  c400:18@5.873e-4  c460:261@5.873e-4  c420:21@3.316e-3  c440:132@3.316e-3  c480:1600@6.914e-2
    487      15    34  5.708975e-4  8.003128e-1    8.0817e-6   0.9999990298   0.9999989538              -       10    -16.69
  cohorts 6 alive | c340:1968@5.709e-4  c400:18@8.125e-4  c420:21@1.181e-3  c440:132@1.646e-3  c460:261@3.386e-3  c480:1600@5.809e-2
    488      15    34  5.708975e-4  8.171030e-1    8.0817e-6   0.9999990298   0.9999989538              -       10    -16.69
  cohorts 6 alive | c340:1968@5.709e-4  c440:132@2.667e-3  c400:18@3.316e-3  c420:21@3.316e-3  c460:261@4.054e-3  c480:1600@5.513e-2
    489      15    34  5.708975e-4  8.710968e-1    8.0817e-6   0.9999990298   0.9999989538              -       10    -16.69
  cohorts 6 alive | c340:1968@5.709e-4  c460:261@1.809e-3  c440:132@3.316e-3  c400:18@3.316e-3  c420:21@3.316e-3  c480:1600@5.513e-2
    490      15    34  5.705797e-4  8.863295e-1    8.0807e-6   0.9999990300   0.9999989545              -       10    -16.69
  cohorts 6 alive | c340:1968@5.706e-4  c440:132@1.766e-3  c400:18@3.500e-3  c460:261@3.868e-3  c420:21@2.079e-2  c480:1600@5.503e-2
    491      15    34  5.705797e-4  8.538786e-1    8.0807e-6   0.9999990300   0.9999989545              -       10    -16.69
  cohorts 6 alive | c340:1968@5.706e-4  c400:18@9.029e-4  c440:132@2.138e-3  c420:21@2.704e-3  c460:261@4.054e-3  c480:1600@5.434e-2
    492      15    34  5.705797e-4  8.533583e-1    8.0807e-6   0.9999990300   0.9999989545              -       10    -16.69
  cohorts 6 alive | c340:1968@5.706e-4  c400:18@6.857e-4  c440:132@1.017e-3  c420:21@3.317e-3  c460:261@4.054e-3  c480:1600@5.163e-2
    493      15    34  5.598026e-4  8.401036e-1    8.2928e-6   0.9999990045   0.9999989072              -       10    -16.73
  cohorts 6 alive | c340:1968@5.598e-4  c440:132@5.709e-4  c420:21@6.857e-4  c400:18@3.316e-3  c460:261@4.054e-3  c480:1600@5.155e-2
    494      15    34  5.596610e-4  8.259992e-1    8.2932e-6   0.9999990045   0.9999989072              -       10    -16.73
  cohorts 6 alive | c340:1968@5.597e-4  c460:261@5.598e-4  c400:18@3.286e-3  c440:132@3.286e-3  c420:21@6.536e-3  c480:1600@5.125e-2
    495      15    34  5.596610e-4  7.858907e-1    8.2932e-6   0.9999990045   0.9999989072              -       10    -16.73
  cohorts 6 alive | c340:1968@5.597e-4  c400:18@5.597e-4  c420:21@3.286e-3  c440:132@3.286e-3  c460:261@4.020e-3  c480:1600@5.125e-2
    496      15    34  5.596411e-4  8.396857e-1    8.2934e-6   0.9999990044   0.9999989076              -       10    -16.73
  cohorts 6 alive | c340:1968@5.596e-4  c440:132@5.598e-4  c400:18@3.286e-3  c420:21@3.286e-3  c460:261@4.002e-3  c480:1600@5.070e-2
    497      16    34  5.596090e-4  8.197324e-1    8.2931e-6   0.9999990045   0.9999989075              -       10    -16.73
  cohorts 6 alive | c340:1968@5.596e-4  c440:132@7.034e-4  c460:261@3.069e-3  c420:21@3.286e-3  c400:18@5.706e-3  c480:1600@5.067e-2
    498      16    34  5.596090e-4  7.903111e-1    8.2931e-6   0.9999990045   0.9999989075              -       10    -16.73
  cohorts 6 alive | c340:1968@5.596e-4  c400:18@5.596e-4  c420:21@5.596e-4  c440:132@5.596e-4  c460:261@3.937e-3  c480:1600@4.401e-2
    499      16    34  5.596090e-4  9.122733e-1    8.2931e-6   0.9999990045   0.9999989075              -       10    -16.73
  cohorts 6 alive | c340:1968@5.596e-4  c420:21@1.457e-3  c400:18@3.286e-3  c440:132@3.286e-3  c460:261@3.937e-3  c480:1600@3.606e-2
    500      16    34  5.596090e-4  9.851719e-1    8.2931e-6   0.9999990045   0.9999989075              -       10    -16.73
  cohorts 5 alive | c340:1984@5.596e-4  c440:54@3.286e-3  c460:118@3.286e-3  c480:244@3.255e-2  c500:1600@9.438e-2
    501      16    34  5.596090e-4  8.149680e-1    8.2931e-6   0.9999990045   0.9999989075              -       10    -16.73
  cohorts 5 alive | c340:1984@5.596e-4  c440:54@1.242e-3  c480:244@2.451e-3  c460:118@3.286e-3  c500:1600@8.590e-2
    502      16    34  5.596090e-4  8.203575e-1    8.2931e-6   0.9999990045   0.9999989075              -       10    -16.73
  cohorts 5 alive | c340:1984@5.596e-4  c480:244@5.596e-4  c460:118@3.061e-3  c440:54@3.286e-3  c500:1600@7.558e-2
    503      16    34  5.596090e-4  8.602631e-1    8.2931e-6   0.9999990045   0.9999989075              -       10    -16.73
  cohorts 5 alive | c340:1984@5.596e-4  c440:54@3.286e-3  c460:118@3.286e-3  c480:244@7.105e-3  c500:1600@7.410e-2
    504      16    34  5.596090e-4  8.243439e-1    8.2931e-6   0.9999990045   0.9999989075              -       10    -16.73
  cohorts 5 alive | c340:1984@5.596e-4  c460:118@5.599e-4  c440:54@3.286e-3  c480:244@3.799e-3  c500:1600@5.753e-2
    505      16    34  5.596090e-4  8.520136e-1    8.2931e-6   0.9999990045   0.9999989075              -       10    -16.73
  cohorts 5 alive | c340:1984@5.596e-4  c440:54@3.286e-3  c460:118@3.286e-3  c480:244@4.028e-3  c500:1600@5.591e-2
    506      16    34  5.596090e-4  8.903003e-1    8.2931e-6   0.9999990045   0.9999989075              -       10    -16.73
  cohorts 5 alive | c340:1984@5.596e-4  c480:244@7.352e-4  c460:118@3.274e-3  c440:54@3.286e-3  c500:1600@5.591e-2
    507      16    34  5.596090e-4  9.006415e-1    8.2931e-6   0.9999990045   0.9999989075              -       10    -16.73
  cohorts 5 alive | c340:1984@5.596e-4  c440:54@5.596e-4  c460:118@3.274e-3  c480:244@1.289e-2  c500:1600@5.591e-2
    508      16    34  5.596090e-4  8.773088e-1    8.2931e-6   0.9999990045   0.9999989075              -       10    -16.73
  cohorts 5 alive | c340:1984@5.596e-4  c460:118@5.596e-4  c440:54@3.274e-3  c480:244@4.337e-3  c500:1600@5.591e-2
    509      16    34  5.596090e-4  9.130420e-1    8.2931e-6   0.9999990045   0.9999989075              -       10    -16.73
  cohorts 5 alive | c340:1984@5.596e-4  c460:118@3.273e-3  c440:54@3.274e-3  c480:244@3.729e-3  c500:1600@5.591e-2
    510      16    34  5.596090e-4  8.804103e-1    8.2931e-6   0.9999990045   0.9999989075              -       10    -16.73
  cohorts 5 alive | c340:1984@5.596e-4  c460:118@3.103e-3  c440:54@3.273e-3  c480:244@2.019e-2  c500:1600@5.477e-2
    511      16    34  5.596090e-4  9.312960e-1    8.2931e-6   0.9999990045   0.9999989075              -       10    -16.73
  cohorts 5 alive | c340:1984@5.596e-4  c440:54@3.273e-3  c460:118@3.273e-3  c480:244@3.003e-2  c500:1600@5.348e-2
    512      16    34  5.596090e-4  9.087724e-1    8.2931e-6   0.9999990045   0.9999989075              -       10    -16.73
  cohorts 5 alive | c340:1984@5.596e-4  c460:118@3.225e-3  c440:54@3.273e-3  c480:244@3.333e-3  c500:1600@5.348e-2
    513      16    34  5.596090e-4  9.028865e-1    8.2931e-6   0.9999990045   0.9999989075              -       10    -16.73
  cohorts 5 alive | c340:1984@5.596e-4  c460:118@2.337e-3  c440:54@3.225e-3  c480:244@5.661e-3  c500:1600@5.313e-2
    514      16    34  5.596090e-4  8.169133e-1    8.2931e-6   0.9999990045   0.9999989075              -       10    -16.73
  cohorts 5 alive | c340:1984@5.596e-4  c440:54@3.225e-3  c460:118@3.225e-3  c480:244@2.980e-2  c500:1600@5.275e-2
    515      16    34  5.596090e-4  8.345940e-1    8.2931e-6   0.9999990045   0.9999989075              -       10    -16.73
  cohorts 5 alive | c340:1984@5.596e-4  c440:54@3.225e-3  c460:118@3.225e-3  c480:244@1.834e-2  c500:1600@5.235e-2
    516      16    34  5.596090e-4  8.392156e-1    8.2931e-6   0.9999990045   0.9999989075              -       10    -16.73
  cohorts 5 alive | c340:1984@5.596e-4  c480:244@7.037e-4  c460:118@3.225e-3  c440:54@3.225e-3  c500:1600@4.526e-2
    517      16    34  5.402971e-4  8.426336e-1    1.4537e-5   0.9999982549   0.9999991847              -       10    -16.81
  cohorts 5 alive | c340:1984@5.403e-4  c460:118@5.596e-4  c480:244@2.538e-3  c440:54@3.198e-3  c500:1600@4.249e-2
    518      16    34  5.402971e-4  9.567705e-1    1.4537e-5   0.9999982549   0.9999991847              -       10    -16.81
  cohorts 5 alive | c340:1984@5.403e-4  c460:118@3.198e-3  c440:54@3.198e-3  c480:244@1.821e-2  c500:1600@4.239e-2
    519      16    34  5.402971e-4   1.007551e0    1.4537e-5   0.9999982549   0.9999991847              -       10    -16.81
  cohorts 5 alive | c340:1984@5.403e-4  c460:118@1.544e-3  c440:54@3.107e-3  c480:244@1.697e-2  c500:1600@4.128e-2
    520      16    34  5.402900e-4   1.105049e0    1.4538e-5   0.9999982548   0.9999991847              -       10    -16.81
  cohorts 5 alive | c340:1984@5.403e-4  c460:63@3.198e-3  c480:25@2.949e-2  c500:328@3.260e-2  c520:1600@9.110e-2
    521      16    34  5.402900e-4  9.367660e-1    1.4538e-5   0.9999982548   0.9999991847              -       10    -16.81
  cohorts 5 alive | c340:1984@5.403e-4  c500:328@2.720e-3  c460:63@3.198e-3  c480:25@3.198e-3  c520:1600@9.110e-2
    522      16    34  5.402900e-4  9.067035e-1    1.4538e-5   0.9999982548   0.9999991847              -       10    -16.81
  cohorts 5 alive | c340:1984@5.403e-4  c500:328@2.619e-3  c460:63@3.094e-3  c480:25@3.198e-3  c520:1600@7.685e-2
    523      16    34  5.349618e-4   1.081404e0    6.5217e-6   0.9999992171   0.9999992843              -       10    -16.83
  cohorts 5 alive | c340:1984@5.350e-4  c460:63@3.094e-3  c480:25@3.257e-3  c500:328@3.257e-3  c520:1600@6.716e-2
    524      16    34  5.349618e-4  9.114737e-1    6.5217e-6   0.9999992171   0.9999992843              -       10    -16.83
  cohorts 5 alive | c340:1984@5.350e-4  c460:63@2.920e-3  c480:25@3.094e-3  c500:328@3.157e-3  c520:1600@6.183e-2
    525      16    34  5.349398e-4  9.093109e-1    6.5212e-6   0.9999992172   0.9999992843              -       10    -16.83
  cohorts 5 alive | c340:1984@5.349e-4  c500:328@5.352e-4  c460:63@2.314e-3  c480:25@3.033e-3  c520:1600@6.074e-2
    526      16    34  5.301632e-4  8.383926e-1    9.0945e-6   0.9999989083   0.9999992446              -       10    -16.85
  cohorts 5 alive | c340:1984@5.302e-4  c460:63@1.320e-3  c480:25@2.920e-3  c500:328@3.157e-3  c520:1600@5.688e-2
    527      16    34  5.273083e-4  8.594676e-1    8.2510e-6   0.9999990095   0.9999989532              -       10    -16.86
  cohorts 5 alive | c340:1984@5.273e-4  c480:25@5.302e-4  c460:63@1.522e-3  c500:328@3.157e-3  c520:1600@5.635e-2
    528      16    34  5.252630e-4  8.636093e-1    6.8155e-6   0.9999991818   0.9999989635              -       10    -16.87
  cohorts 5 alive | c340:1984@5.253e-4  c460:63@5.303e-4  c480:25@2.328e-3  c500:328@3.157e-3  c520:1600@5.603e-2
    529      17    34  5.252630e-4  8.783752e-1    6.8155e-6   0.9999991818   0.9999989635              -       10    -16.87
  cohorts 5 alive | c340:1984@5.253e-4  c480:25@5.253e-4  c500:328@1.731e-3  c460:63@1.773e-3  c520:1600@5.532e-2
    530      17    34  5.252630e-4  9.145250e-1    6.8155e-6   0.9999991818   0.9999989635              -       10    -16.87
  cohorts 5 alive | c340:1984@5.253e-4  c460:63@2.211e-3  c480:25@2.603e-3  c500:328@2.968e-3  c520:1600@5.412e-2
    531      17    34  5.252300e-4  9.047255e-1    6.8149e-6   0.9999991819   0.9999989635              -       10    -16.87
  cohorts 5 alive | c340:1984@5.252e-4  c500:328@5.992e-4  c460:63@2.909e-3  c480:25@3.537e-3  c520:1600@5.367e-2
    532      17    34  5.252270e-4  8.972268e-1    6.8147e-6   0.9999991819   0.9999989635              -       10    -16.87
  cohorts 5 alive | c340:1984@5.252e-4  c460:63@2.871e-3  c500:328@2.871e-3  c480:25@2.871e-3  c520:1600@4.844e-2
    533      17    34  5.251588e-4  8.300943e-1    6.8147e-6   0.9999991819   0.9999989636              -       10    -16.87
  cohorts 5 alive | c340:1984@5.252e-4  c500:328@2.828e-3  c460:63@2.871e-3  c480:25@2.871e-3  c520:1600@4.381e-2
    534      17    34  5.248164e-4  8.147424e-1    6.8146e-6   0.9999991820   0.9999989640              -       10    -16.87
  cohorts 5 alive | c340:1984@5.248e-4  c500:328@2.828e-3  c460:63@2.828e-3  c480:25@2.904e-3  c520:1600@4.215e-2
    535      17    34  5.248164e-4  8.414276e-1    6.8146e-6   0.9999991820   0.9999989640              -       10    -16.87
  cohorts 5 alive | c340:1984@5.248e-4  c460:63@7.709e-4  c500:328@2.828e-3  c480:25@2.904e-3  c520:1600@3.901e-2
    536      17    34  5.245744e-4  8.302339e-1    6.8151e-6   0.9999991819   0.9999989641              -       10    -16.87
  cohorts 5 alive | c340:1984@5.246e-4  c460:63@2.828e-3  c480:25@2.828e-3  c500:328@2.828e-3  c520:1600@3.801e-2
    537      17    34  4.878856e-4  8.324218e-1    7.6389e-6   0.9999990830   0.9999991015              -       10    -17.03
  cohorts 5 alive | c340:1984@4.879e-4  c460:63@2.828e-3  c480:25@2.828e-3  c500:328@2.828e-3  c520:1600@3.793e-2
    538      17    34  4.878856e-4  8.159285e-1    7.6389e-6   0.9999990830   0.9999991015              -       10    -17.03
  cohorts 5 alive | c340:1984@4.879e-4  c480:25@8.637e-4  c500:328@2.828e-3  c460:63@2.829e-3  c520:1600@3.745e-2
    539      17    34  4.878856e-4  9.312763e-1    7.6389e-6   0.9999990830   0.9999991015              -       10    -17.03
  cohorts 5 alive | c340:1984@4.879e-4  c460:63@4.879e-4  c480:25@2.629e-3  c500:328@2.828e-3  c520:1600@3.728e-2
    540      17    34  4.878856e-4   1.023394e0    7.6389e-6   0.9999990830   0.9999991015              -       10    -17.03
  cohorts 6 alive | c340:1967@4.879e-4  c480:22@2.063e-3  c460:31@2.810e-3  c500:114@2.828e-3  c520:266@3.611e-2  c540:1600@9.110e-2
    541      17    34  4.878856e-4  7.661099e-1    7.6389e-6   0.9999990830   0.9999991015              -       10    -17.03
  cohorts 6 alive | c340:1967@4.879e-4  c500:114@4.879e-4  c460:31@2.828e-3  c480:22@2.828e-3  c520:266@1.844e-2  c540:1600@9.089e-2
    542      17    34  4.878856e-4  7.848191e-1    7.6389e-6   0.9999990830   0.9999991015              -       10    -17.03
  cohorts 6 alive | c340:1967@4.879e-4  c520:266@4.883e-4  c480:22@2.317e-3  c500:114@2.417e-3  c460:31@2.828e-3  c540:1600@8.245e-2
    543      17    34  4.878856e-4  7.660936e-1    7.6389e-6   0.9999990830   0.9999991015              -       10    -17.03
  cohorts 6 alive | c340:1967@4.879e-4  c500:114@4.879e-4  c480:22@1.256e-3  c460:31@1.533e-3  c520:266@3.375e-2  c540:1600@8.180e-2
    544      17    34  4.878856e-4  7.935504e-1    7.6389e-6   0.9999990830   0.9999991015              -       10    -17.03
  cohorts 6 alive | c340:1967@4.879e-4  c460:31@4.879e-4  c500:114@1.108e-3  c480:22@2.828e-3  c520:266@1.623e-2  c540:1600@7.872e-2
    545      17    34  4.848245e-4  7.837600e-1    7.6829e-6   0.9999990777   0.9999990958              -       10    -17.04
  cohorts 6 alive | c340:1967@4.848e-4  c480:22@4.879e-4  c500:114@4.879e-4  c460:31@2.303e-3  c520:266@1.882e-2  c540:1600@7.806e-2
    546      17    34  4.842051e-4  8.236064e-1    7.7607e-6   0.9999990684   0.9999990923              -       10    -17.04
  cohorts 6 alive | c340:1967@4.842e-4  c500:114@2.111e-3  c460:31@2.828e-3  c480:22@2.828e-3  c520:266@3.353e-2  c540:1600@7.795e-2
    547      17    34  4.842051e-4  7.898163e-1    7.7607e-6   0.9999990684   0.9999990923              -       10    -17.04
  cohorts 6 alive | c340:1967@4.842e-4  c480:22@5.953e-4  c460:31@1.371e-3  c500:114@2.828e-3  c520:266@3.100e-3  c540:1600@7.795e-2
    548      17    34  4.790068e-4  7.656288e-1    8.2295e-6   0.9999990121   0.9999990607              -       10    -17.07
  cohorts 6 alive | c340:1967@4.790e-4  c480:22@4.842e-4  c460:31@2.828e-3  c500:114@2.828e-3  c520:266@2.118e-2  c540:1600@7.795e-2
    549      17    34  4.790068e-4  7.649011e-1    8.2295e-6   0.9999990121   0.9999990607              -       10    -17.07
  cohorts 6 alive | c340:1967@4.790e-4  c460:31@2.711e-3  c480:22@2.828e-3  c500:114@2.828e-3  c520:266@3.339e-2  c540:1600@7.795e-2
    550      17    34  4.790068e-4  7.796546e-1    8.2295e-6   0.9999990121   0.9999990607              -       10    -17.07
  cohorts 6 alive | c340:1967@4.790e-4  c460:31@4.790e-4  c480:22@2.734e-3  c500:114@2.828e-3  c520:266@3.897e-3  c540:1600@7.795e-2
    551      17    34  4.789670e-4  7.943884e-1    8.2298e-6   0.9999990121   0.9999990607              -       10    -17.07
  cohorts 6 alive | c340:1967@4.790e-4  c460:31@4.790e-4  c500:114@2.828e-3  c480:22@2.836e-3  c520:266@3.060e-2  c540:1600@7.795e-2
    552      17    34  4.789670e-4  7.511433e-1    8.2298e-6   0.9999990121   0.9999990607              -       10    -17.07
  cohorts 6 alive | c340:1967@4.790e-4  c500:114@1.201e-3  c480:22@2.233e-3  c460:31@2.828e-3  c520:266@3.339e-2  c540:1600@7.795e-2
    553      17    34  4.789670e-4  8.019503e-1    8.2298e-6   0.9999990121   0.9999990607              -       10    -17.07
  cohorts 6 alive | c340:1967@4.790e-4  c500:114@2.658e-3  c460:31@2.828e-3  c480:22@2.828e-3  c520:266@1.966e-2  c540:1600@6.607e-2
    554      17    34  4.789670e-4  7.608468e-1    8.2298e-6   0.9999990121   0.9999990607              -       10    -17.07
  cohorts 6 alive | c340:1967@4.790e-4  c480:22@1.153e-3  c460:31@2.828e-3  c500:114@2.828e-3  c520:266@1.832e-2  c540:1600@6.346e-2
    555      17    34  4.789670e-4  7.900200e-1    8.2298e-6   0.9999990121   0.9999990607              -       10    -17.07
  cohorts 6 alive | c340:1967@4.790e-4  c460:31@4.790e-4  c520:266@8.484e-4  c500:114@2.828e-3  c480:22@3.468e-3  c540:1600@6.335e-2
    556      17    34  4.789670e-4  7.954536e-1    8.2298e-6   0.9999990121   0.9999990607              -       10    -17.07
  cohorts 6 alive | c340:1967@4.790e-4  c460:31@2.011e-3  c500:114@2.352e-3  c480:22@2.828e-3  c520:266@2.949e-2  c540:1600@6.335e-2
    557      17    34  4.789670e-4  7.701974e-1    8.2298e-6   0.9999990121   0.9999990607              -       10    -17.07
  cohorts 6 alive | c340:1967@4.790e-4  c460:31@2.828e-3  c480:22@2.828e-3  c500:114@2.828e-3  c520:266@1.701e-2  c540:1600@6.335e-2
    558      17    34  4.789670e-4  8.003531e-1    8.2298e-6   0.9999990121   0.9999990607              -       10    -17.07
  cohorts 6 alive | c340:1967@4.790e-4  c480:22@4.803e-4  c460:31@2.653e-3  c500:114@2.828e-3  c520:266@2.909e-2  c540:1600@6.335e-2
    559      17    34  4.789670e-4  7.956583e-1    8.2298e-6   0.9999990121   0.9999990607              -       10    -17.07
  cohorts 6 alive | c340:1967@4.790e-4  c500:114@2.811e-3  c460:31@2.828e-3  c480:22@5.797e-3  c520:266@2.909e-2  c540:1600@6.335e-2
    560      18    34  4.789670e-4  9.462163e-1    8.2298e-6   0.9999990121   0.9999990607              -       10    -17.07
  cohorts 5 alive | c340:1984@4.790e-4  c500:46@2.811e-3  c520:79@2.909e-2  c540:291@6.335e-2  c560:1600@7.115e-2
    561      18    34  4.789670e-4  7.712451e-1    8.2298e-6   0.9999990121   0.9999990607              -       10    -17.07
  cohorts 5 alive | c340:1984@4.790e-4  c500:46@2.811e-3  c520:79@2.909e-2  c540:291@6.335e-2  c560:1600@7.115e-2
    562      18    34  4.789670e-4  8.471830e-1    8.2298e-6   0.9999990121   0.9999990607              -       10    -17.07
  cohorts 5 alive | c340:1984@4.790e-4  c520:79@3.201e-3  c500:46@3.283e-3  c540:291@4.485e-3  c560:1600@7.092e-2
    563      18    34  4.789670e-4  8.051724e-1    8.2298e-6   0.9999990121   0.9999990607              -       10    -17.07
  cohorts 5 alive | c340:1984@4.790e-4  c520:79@2.493e-3  c500:46@1.565e-2  c540:291@1.833e-2  c560:1600@7.062e-2
    564      18    34  4.789670e-4  8.240335e-1    8.2298e-6   0.9999990121   0.9999990607              -       10    -17.07
  cohorts 5 alive | c340:1984@4.790e-4  c520:79@3.077e-3  c500:46@3.283e-3  c540:291@2.020e-2  c560:1600@6.946e-2
    565      18    34  4.768522e-4  7.863581e-1    6.1006e-6   0.9999992677   0.9999991714              -       10    -17.08
  cohorts 5 alive | c340:1984@4.769e-4  c500:46@7.199e-4  c520:79@3.077e-3  c540:291@6.287e-2  c560:1600@6.293e-2
    566      18    34  4.768522e-4  8.072571e-1    6.1006e-6   0.9999992677   0.9999991714              -       10    -17.08
  cohorts 5 alive | c340:1984@4.769e-4  c500:46@4.769e-4  c520:79@3.077e-3  c540:291@4.266e-3  c560:1600@6.129e-2
    567      18    34  4.768522e-4  7.909016e-1    6.1006e-6   0.9999992677   0.9999991714              -       10    -17.08
  cohorts 5 alive | c340:1984@4.769e-4  c540:291@2.057e-3  c500:46@3.077e-3  c520:79@3.077e-3  c560:1600@6.129e-2
    568      18    34  4.753295e-4  8.023873e-1    6.1330e-6   0.9999992638   0.9999991689              -       10    -17.08
  cohorts 5 alive | c340:1984@4.753e-4  c520:79@7.587e-4  c540:291@2.664e-3  c500:46@3.051e-3  c560:1600@6.129e-2
    569      18    34  4.753026e-4  8.020976e-1    6.1330e-6   0.9999992638   0.9999991689              -       10    -17.08
  cohorts 5 alive | c340:1984@4.753e-4  c500:46@2.742e-3  c520:79@2.823e-3  c540:291@6.104e-3  c560:1600@6.129e-2
    570      18    34  4.752765e-4  7.916308e-1    6.1331e-6   0.9999992638   0.9999991689              -       10    -17.08
  cohorts 5 alive | c340:1984@4.753e-4  c520:79@4.769e-4  c500:46@1.976e-3  c540:291@3.944e-3  c560:1600@5.783e-2
    571      18    34  4.752765e-4  7.887206e-1    6.1331e-6   0.9999992638   0.9999991689              -       10    -17.08
  cohorts 5 alive | c340:1984@4.753e-4  c540:291@1.085e-3  c520:79@2.823e-3  c500:46@2.823e-3  c560:1600@4.755e-2
    572      18    34  4.752748e-4  8.005119e-1    6.1331e-6   0.9999992638   0.9999991689              -       10    -17.08
  cohorts 5 alive | c340:1984@4.753e-4  c520:79@2.822e-3  c500:46@2.823e-3  c540:291@3.465e-3  c560:1600@4.321e-2
    573      18    34  4.752748e-4  8.155043e-1    6.1331e-6   0.9999992638   0.9999991689              -       10    -17.08
  cohorts 5 alive | c340:1984@4.753e-4  c500:46@4.753e-4  c520:79@2.795e-3  c540:291@3.900e-3  c560:1600@4.260e-2
    574      18    34  4.752748e-4  8.188129e-1    6.1331e-6   0.9999992638   0.9999991689              -       10    -17.08
  cohorts 5 alive | c340:1984@4.753e-4  c500:46@8.433e-4  c520:79@2.777e-3  c540:291@3.716e-3  c560:1600@4.098e-2
    575      18    34  4.751591e-4  8.190584e-1    6.1325e-6   0.9999992638   0.9999991689              -       10    -17.08
  cohorts 5 alive | c340:1984@4.752e-4  c540:291@4.752e-4  c520:79@2.705e-3  c500:46@2.777e-3  c560:1600@4.048e-2
    576      18    34  4.751591e-4  8.155419e-1    6.1325e-6   0.9999992638   0.9999991689              -       10    -17.08
  cohorts 5 alive | c340:1984@4.752e-4  c500:46@1.701e-3  c520:79@2.745e-3  c540:291@3.212e-3  c560:1600@4.009e-2
    577      18    34  4.751591e-4  8.286283e-1    6.1325e-6   0.9999992638   0.9999991689              -       10    -17.08
  cohorts 5 alive | c340:1984@4.752e-4  c500:46@2.398e-3  c520:79@2.639e-3  c540:291@3.188e-3  c560:1600@3.996e-2
    578      18    34  4.751262e-4  7.916526e-1    6.1331e-6   0.9999992638   0.9999991690              -       10    -17.09
  cohorts 5 alive | c340:1984@4.751e-4  c520:79@2.639e-3  c500:46@2.745e-3  c540:291@3.182e-3  c560:1600@3.996e-2
    579      18    34  4.751138e-4  8.069297e-1    6.1331e-6   0.9999992638   0.9999991690              -       10    -17.09
  cohorts 5 alive | c340:1984@4.751e-4  c540:291@4.751e-4  c520:79@2.637e-3  c500:46@2.639e-3  c560:1600@3.996e-2
    580      18    34  4.751138e-4  9.878727e-1    6.1331e-6   0.9999992638   0.9999991690              -       10    -17.09
  cohorts 5 alive | c340:1984@4.751e-4  c520:35@2.637e-3  c540:123@3.182e-3  c560:258@3.996e-2  c580:1600@9.110e-2
    581      18    34  4.751138e-4  7.053905e-1    6.1331e-6   0.9999992638   0.9999991690              -       10    -17.09
  cohorts 5 alive | c340:1984@4.751e-4  c520:35@4.751e-4  c540:123@3.182e-3  c560:258@3.395e-3  c580:1600@8.245e-2
    582      18    34  4.751138e-4  7.200284e-1    6.1331e-6   0.9999992638   0.9999991690              -       10    -17.09
  cohorts 5 alive | c340:1984@4.751e-4  c560:258@2.182e-3  c520:35@2.637e-3  c540:123@3.182e-3  c580:1600@8.245e-2
    583      18    34  4.751104e-4  7.276254e-1    6.1331e-6   0.9999992638   0.9999991690              -       10    -17.09
  cohorts 5 alive | c340:1984@4.751e-4  c560:258@1.073e-3  c520:35@3.182e-3  c540:123@3.182e-3  c580:1600@6.965e-2
    584      18    34  4.751104e-4  7.235020e-1    6.1331e-6   0.9999992638   0.9999991690              -       10    -17.09
  cohorts 5 alive | c340:1984@4.751e-4  c520:35@2.296e-3  c540:123@3.182e-3  c560:258@3.182e-3  c580:1600@6.580e-2
    585      18    34  4.749306e-4  7.275287e-1    6.1329e-6   0.9999992638   0.9999991690              -       10    -17.09
  cohorts 5 alive | c340:1984@4.749e-4  c520:35@1.085e-3  c560:258@3.059e-3  c540:123@3.182e-3  c580:1600@6.437e-2
    586      18    34  4.749306e-4  7.253641e-1    6.1329e-6   0.9999992638   0.9999991690              -       10    -17.09
  cohorts 5 alive | c340:1984@4.749e-4  c560:258@1.082e-3  c520:35@3.182e-3  c540:123@3.182e-3  c580:1600@6.414e-2
    587      18    34  4.749306e-4  8.199161e-1    6.1329e-6   0.9999992638   0.9999991690              -       10    -17.09
  cohorts 5 alive | c340:1984@4.749e-4  c560:258@2.697e-3  c520:35@3.010e-3  c540:123@3.174e-3  c580:1600@6.361e-2
    588      18    34  4.749306e-4  7.580978e-1    6.1329e-6   0.9999992638   0.9999991690              -       10    -17.09
  cohorts 5 alive | c340:1984@4.749e-4  c560:258@1.168e-3  c520:35@2.753e-3  c540:123@3.168e-3  c580:1600@5.740e-2
    589      18    34  4.749306e-4  7.879569e-1    6.1329e-6   0.9999992638   0.9999991690              -       10    -17.09
  cohorts 5 alive | c340:1984@4.749e-4  c560:258@2.816e-3  c540:123@3.139e-3  c520:35@3.168e-3  c580:1600@4.415e-2
    590      18    34  4.749306e-4  7.599017e-1    6.1329e-6   0.9999992638   0.9999991690              -       10    -17.09
  cohorts 5 alive | c340:1984@4.749e-4  c540:123@1.085e-3  c560:258@3.084e-3  c520:35@3.139e-3  c580:1600@2.999e-2
    591      19    34  4.749306e-4  7.113130e-1    6.1329e-6   0.9999992638   0.9999991690              -       10    -17.09
  cohorts 5 alive | c340:1984@4.749e-4  c520:35@3.084e-3  c560:258@3.084e-3  c540:123@3.129e-3  c580:1600@2.901e-2
    592      19    34  4.749306e-4  7.388287e-1    6.1329e-6   0.9999992638   0.9999991690              -       10    -17.09
  cohorts 5 alive | c340:1984@4.749e-4  c520:35@4.749e-4  c560:258@4.790e-4  c540:123@1.275e-3  c580:1600@2.901e-2
    593      19    34  4.749306e-4  7.423602e-1    6.1329e-6   0.9999992638   0.9999991690              -       10    -17.09
  cohorts 5 alive | c340:1984@4.749e-4  c560:258@4.752e-4  c540:123@2.518e-3  c520:35@3.109e-3  c580:1600@2.901e-2
    594      19    34  4.749306e-4  7.350241e-1    6.1329e-6   0.9999992638   0.9999991690              -       10    -17.09
  cohorts 5 alive | c340:1984@4.749e-4  c560:258@2.908e-3  c520:35@2.943e-3  c540:123@3.101e-3  c580:1600@2.880e-2
    595      19    34  4.749306e-4  7.523755e-1    6.1329e-6   0.9999992638   0.9999991690              -       10    -17.09
  cohorts 5 alive | c340:1984@4.749e-4  c560:258@1.685e-3  c540:123@3.101e-3  c520:35@3.109e-3  c580:1600@2.750e-2
    596      19    34  4.749306e-4  7.412433e-1    6.1329e-6   0.9999992638   0.9999991690              -       10    -17.09
  cohorts 5 alive | c340:1984@4.749e-4  c560:258@6.078e-4  c540:123@3.070e-3  c520:35@3.101e-3  c580:1600@2.589e-2
    597      19    34  4.749306e-4  7.542290e-1    6.1329e-6   0.9999992638   0.9999991690              -       10    -17.09
  cohorts 5 alive | c340:1984@4.749e-4  c560:258@1.698e-3  c520:35@3.066e-3  c540:123@3.070e-3  c580:1600@2.547e-2
    598      19    34  4.749088e-4  7.035635e-1    6.1329e-6   0.9999992638   0.9999991690              -       10    -17.09
  cohorts 5 alive | c340:1984@4.749e-4  c540:123@1.085e-3  c560:258@2.794e-3  c520:35@2.816e-3  c580:1600@2.471e-2
    599      19    34  4.749088e-4  7.559406e-1    6.1329e-6   0.9999992638   0.9999991690              -       10    -17.09
  cohorts 5 alive | c340:1984@4.749e-4  c540:123@4.749e-4  c520:35@6.229e-4  c560:258@2.794e-3  c580:1600@2.357e-2
    600      19    34  4.749088e-4  9.859609e-1    6.1329e-6   0.9999992638   0.9999991690              -       10    -17.09
  cohorts 6 alive | c340:1971@4.749e-4  c560:92@2.777e-3  c520:21@2.794e-3  c540:52@3.066e-3  c580:264@2.357e-2  c600:1600@9.891e-2
    601      19    34  4.749088e-4  7.235399e-1    6.1329e-6   0.9999992638   0.9999991690              -       10    -17.09
  cohorts 6 alive | c340:1971@4.749e-4  c520:21@2.777e-3  c560:92@2.777e-3  c580:264@2.950e-3  c540:52@3.008e-3  c600:1600@7.803e-2
    602      19    34  4.749088e-4  7.381474e-1    6.1329e-6   0.9999992638   0.9999991690              -       10    -17.09
  cohorts 6 alive | c340:1971@4.749e-4  c580:264@1.991e-3  c540:52@2.777e-3  c560:92@2.777e-3  c520:21@2.794e-3  c600:1600@7.803e-2
    603      19    34  4.748134e-4  7.144572e-1    6.1328e-6   0.9999992638   0.9999991695              -       10    -17.09
  cohorts 6 alive | c340:1971@4.748e-4  c520:21@2.777e-3  c540:52@2.777e-3  c560:92@2.777e-3  c580:264@1.922e-2  c600:1600@7.802e-2
    604      19    34  4.738861e-4  7.317290e-1    6.1332e-6   0.9999992638   0.9999991989              -       10    -17.09
  cohorts 6 alive | c340:1971@4.739e-4  c520:21@4.757e-4  c560:92@1.428e-3  c540:52@2.241e-3  c580:264@2.357e-2  c600:1600@6.900e-2
    605      19    34  4.738499e-4  7.289489e-1    6.1328e-6   0.9999992638   0.9999991990              -       10    -17.09
  cohorts 6 alive | c340:1971@4.738e-4  c540:52@1.760e-3  c520:21@2.777e-3  c560:92@2.777e-3  c580:264@1.669e-2  c600:1600@6.665e-2
    606      19    34  4.735750e-4  7.258193e-1    6.1335e-6   0.9999992637   0.9999991991              -       10    -17.09
  cohorts 6 alive | c340:1971@4.736e-4  c580:264@1.392e-3  c560:92@2.347e-3  c520:21@2.740e-3  c540:52@2.777e-3  c600:1600@6.621e-2
    607      19    34  4.735750e-4  7.110882e-1    6.1335e-6   0.9999992637   0.9999991991              -       10    -17.09
  cohorts 6 alive | c340:1971@4.736e-4  c560:92@1.517e-3  c520:21@1.718e-3  c540:52@3.070e-3  c580:264@2.357e-2  c600:1600@6.587e-2
    608      19    34  4.735750e-4  7.139987e-1    6.1335e-6   0.9999992637   0.9999991991              -       10    -17.09
  cohorts 6 alive | c340:1971@4.736e-4  c560:92@1.941e-3  c540:52@2.777e-3  c520:21@3.687e-3  c580:264@2.357e-2  c600:1600@6.241e-2
    609      19    34  4.735750e-4  7.157318e-1    6.1335e-6   0.9999992637   0.9999991991              -       10    -17.09
  cohorts 6 alive | c340:1971@4.736e-4  c540:52@4.736e-4  c580:264@1.668e-3  c520:21@2.756e-3  c560:92@2.756e-3  c600:1600@6.127e-2
    610      19    34  4.735750e-4  7.007349e-1    6.1335e-6   0.9999992637   0.9999991991              -       10    -17.09
  cohorts 6 alive | c340:1971@4.736e-4  c540:52@4.736e-4  c520:21@1.395e-3  c560:92@2.756e-3  c580:264@2.357e-2  c600:1600@6.127e-2
    611      19    34  4.734390e-4  6.912357e-1    6.1337e-6   0.9999992637   0.9999991989              -       10    -17.09
  cohorts 6 alive | c340:1971@4.734e-4  c580:264@7.229e-4  c540:52@7.537e-4  c560:92@1.685e-3  c520:21@2.756e-3  c600:1600@6.127e-2
    612      19    34  4.734390e-4  6.853161e-1    6.1337e-6   0.9999992637   0.9999991989              -       10    -17.09
  cohorts 6 alive | c340:1971@4.734e-4  c520:21@1.401e-3  c540:52@2.756e-3  c560:92@2.756e-3  c580:264@2.357e-2  c600:1600@6.127e-2
    613      19    34  4.734390e-4  7.016818e-1    6.1337e-6   0.9999992637   0.9999991989              -       10    -17.09
  cohorts 6 alive | c340:1971@4.734e-4  c560:92@1.073e-3  c540:52@1.635e-3  c520:21@2.756e-3  c580:264@1.232e-2  c600:1600@6.127e-2
    614      19    34  4.734390e-4  7.125212e-1    6.1337e-6   0.9999992637   0.9999991989              -       10    -17.09
  cohorts 6 alive | c340:1971@4.734e-4  c520:21@2.060e-3  c560:92@2.394e-3  c540:52@2.756e-3  c580:264@1.976e-2  c600:1600@6.127e-2
    615      19    34  4.734390e-4  7.103975e-1    6.1337e-6   0.9999992637   0.9999991989              -       10    -17.09
  cohorts 6 alive | c340:1971@4.734e-4  c520:21@2.756e-3  c540:52@2.756e-3  c560:92@2.756e-3  c580:264@2.867e-3  c600:1600@5.409e-2
    616      19    34  4.734390e-4  7.516620e-1    6.1337e-6   0.9999992637   0.9999991989              -       10    -17.09
  cohorts 6 alive | c340:1971@4.734e-4  c580:264@4.734e-4  c540:52@2.114e-3  c520:21@2.756e-3  c560:92@2.756e-3  c600:1600@5.409e-2
    617      19    34  4.734390e-4  7.147846e-1    6.1337e-6   0.9999992637   0.9999991989              -       10    -17.09
  cohorts 6 alive | c340:1971@4.734e-4  c540:52@4.734e-4  c560:92@2.756e-3  c520:21@2.812e-3  c580:264@2.840e-3  c600:1600@4.639e-2
    618      19    34  4.734390e-4  7.350371e-1    6.1337e-6   0.9999992637   0.9999991989              -       10    -17.09
  cohorts 6 alive | c340:1971@4.734e-4  c540:52@1.046e-3  c520:21@2.756e-3  c560:92@2.756e-3  c580:264@4.791e-3  c600:1600@4.629e-2
    619      19    34  4.734390e-4  7.292459e-1    6.1337e-6   0.9999992637   0.9999991989              -       10    -17.09
  cohorts 6 alive | c340:1971@4.734e-4  c540:52@2.756e-3  c560:92@2.756e-3  c520:21@3.114e-3  c580:264@1.692e-2  c600:1600@4.061e-2
    620      19    34  4.734390e-4  9.723322e-1    6.1337e-6   0.9999992637   0.9999991989              -       10    -17.09
  cohorts 7 alive | c340:1959@4.734e-4  c560:35@1.046e-3  c520:14@2.441e-3  c540:22@2.745e-3  c580:74@2.357e-2  c600:296@4.061e-2
    621      19    34  4.650055e-4  7.134117e-1    6.3731e-6   0.9999992349   0.9999991810              -       10    -17.13
  cohorts 7 alive | c340:1959@4.650e-4  c600:296@4.734e-4  c540:22@2.755e-3  c520:14@2.756e-3  c560:35@2.756e-3  c580:74@1.871e-2
    622      20    34  4.649606e-4  7.126883e-1    6.3726e-6   0.9999992350   0.9999991812              -       10    -17.13
  cohorts 7 alive | c340:1959@4.650e-4  c600:296@4.790e-4  c560:35@6.965e-4  c540:22@1.100e-3  c520:14@3.220e-3  c580:74@3.220e-3
    623      20    34  4.649606e-4  7.050504e-1    6.3726e-6   0.9999992350   0.9999991812              -       10    -17.13
  cohorts 7 alive | c340:1959@4.650e-4  c560:35@6.990e-4  c600:296@2.592e-3  c520:14@2.866e-3  c580:74@3.220e-3  c540:22@4.390e-3
    624      20    34  4.649606e-4  6.886599e-1    6.3726e-6   0.9999992350   0.9999991812              -       10    -17.13
  cohorts 7 alive | c340:1959@4.650e-4  c540:22@4.650e-4  c600:296@4.650e-4  c560:35@2.211e-3  c520:14@2.253e-3  c580:74@2.768e-3
    625      20    34  4.649606e-4  7.098762e-1    6.3726e-6   0.9999992350   0.9999991812              -       10    -17.13
  cohorts 7 alive | c340:1959@4.650e-4  c540:22@4.650e-4  c580:74@4.650e-4  c560:35@9.332e-4  c520:14@3.220e-3  c600:296@2.628e-2
    626      20    34  4.649606e-4  7.165390e-1    6.3726e-6   0.9999992350   0.9999991812              -       10    -17.13
  cohorts 7 alive | c340:1959@4.650e-4  c540:22@4.671e-4  c520:14@1.775e-3  c560:35@2.771e-3  c580:74@2.771e-3  c600:296@3.962e-2
    627      20    34  4.649606e-4  6.738898e-1    6.3726e-6   0.9999992350   0.9999991812              -       10    -17.13
  cohorts 7 alive | c340:1959@4.650e-4  c540:22@2.693e-3  c560:35@2.757e-3  c580:74@2.757e-3  c520:14@2.810e-3  c600:296@1.493e-2
    628      20    34  4.649606e-4  7.123158e-1    6.3726e-6   0.9999992350   0.9999991812              -       10    -17.13
  cohorts 7 alive | c340:1959@4.650e-4  c520:14@4.650e-4  c540:22@4.674e-4  c580:74@9.801e-4  c560:35@2.757e-3  c600:296@3.752e-2
    629      20    34  4.649606e-4  6.834128e-1    6.3726e-6   0.9999992350   0.9999991812              -       10    -17.13
  cohorts 7 alive | c340:1959@4.650e-4  c540:22@4.650e-4  c520:14@1.934e-3  c560:35@2.087e-3  c580:74@2.651e-3  c600:296@1.994e-2
    630      20    34  4.649606e-4  7.449395e-1    6.3726e-6   0.9999992350   0.9999991812              -       10    -17.13
  cohorts 7 alive | c340:1959@4.650e-4  c580:74@4.687e-4  c540:22@1.530e-3  c560:35@2.651e-3  c520:14@2.758e-3  c600:296@4.670e-3
    631      20    34  4.649606e-4  7.292977e-1    6.3726e-6   0.9999992350   0.9999991812              -       10    -17.13
  cohorts 7 alive | c340:1959@4.650e-4  c580:74@4.650e-4  c520:14@2.651e-3  c560:35@2.651e-3  c540:22@4.016e-3  c600:296@1.284e-2
    632      20    34  4.649606e-4  7.348801e-1    6.3726e-6   0.9999992350   0.9999991812              -       10    -17.13
  cohorts 7 alive | c340:1959@4.650e-4  c560:35@5.839e-4  c540:22@7.356e-4  c520:14@2.651e-3  c580:74@2.651e-3  c600:296@6.019e-3
    633      20    34  4.649606e-4  7.218934e-1    6.3726e-6   0.9999992350   0.9999991812              -       10    -17.13
  cohorts 7 alive | c340:1959@4.650e-4  c540:22@4.706e-4  c560:35@7.490e-4  c520:14@2.651e-3  c580:74@2.651e-3  c600:296@3.840e-2
    634      20    34  4.649606e-4  7.454411e-1    6.3726e-6   0.9999992350   0.9999991812              -       10    -17.13
  cohorts 7 alive | c340:1959@4.650e-4  c580:74@4.650e-4  c540:22@1.112e-3  c560:35@2.370e-3  c520:14@2.651e-3  c600:296@3.191e-3
    635      20    34  4.649606e-4  7.380548e-1    6.3726e-6   0.9999992350   0.9999991812              -       10    -17.13
  cohorts 7 alive | c340:1959@4.650e-4  c580:74@2.379e-3  c520:14@2.651e-3  c560:35@2.651e-3  c540:22@2.651e-3  c600:296@3.840e-2
    636      20    34  4.649606e-4  7.288108e-1    6.3726e-6   0.9999992350   0.9999991812              -       10    -17.13
  cohorts 7 alive | c340:1959@4.650e-4  c600:296@4.650e-4  c560:35@1.150e-3  c540:22@2.651e-3  c580:74@2.651e-3  c520:14@4.822e-3
    637      20    34  4.649606e-4  7.081404e-1    6.3726e-6   0.9999992350   0.9999991812              -       10    -17.13
  cohorts 7 alive | c340:1959@4.650e-4  c560:35@4.650e-4  c520:14@1.995e-3  c540:22@2.651e-3  c580:74@2.651e-3  c600:296@3.840e-2
    638      20    34  4.649606e-4  7.051752e-1    6.3726e-6   0.9999992350   0.9999991812              -       10    -17.13
  cohorts 7 alive | c340:1959@4.650e-4  c520:14@6.957e-4  c540:22@7.285e-4  c560:35@2.010e-3  c580:74@2.651e-3  c600:296@2.525e-2
    639      20    34  4.649606e-4  6.880749e-1    6.3726e-6   0.9999992350   0.9999991812              -       10    -17.13
  cohorts 7 alive | c340:1959@4.650e-4  c560:35@5.706e-4  c540:22@1.100e-3  c600:296@1.427e-3  c580:74@2.187e-3  c520:14@2.651e-3
    640      20    34  4.649606e-4  9.699366e-1    6.3726e-6   0.9999992350   0.9999991812              -       10    -17.13
  cohorts 8 alive | c340:1950@4.650e-4  c520:14@4.650e-4  c600:115@5.471e-4  c580:34@6.650e-4  c560:20@2.187e-3  c540:16@2.651e-3
    641      20    34  4.649606e-4  7.528746e-1    6.3726e-6   0.9999992350   0.9999991812              -       10    -17.13
  cohorts 8 alive | c340:1950@4.650e-4  c560:20@4.650e-4  c620:251@1.008e-3  c540:16@1.456e-3  c580:34@2.266e-3  c520:14@2.651e-3
    642      20    34  4.649606e-4  7.698095e-1    6.3726e-6   0.9999992350   0.9999991812              -       10    -17.13
  cohorts 8 alive | c340:1950@4.650e-4  c620:251@1.113e-3  c580:34@2.187e-3  c560:20@2.187e-3  c540:16@2.613e-3  c520:14@3.546e-3
    643      20    34  4.649606e-4  7.561260e-1    6.3726e-6   0.9999992350   0.9999991812              -       10    -17.13
  cohorts 8 alive | c340:1950@4.650e-4  c540:16@1.496e-3  c560:20@2.187e-3  c600:115@2.279e-3  c580:34@2.651e-3  c520:14@2.146e-2
    644      20    34  4.649606e-4  7.177105e-1    6.3726e-6   0.9999992350   0.9999991812              -       10    -17.13
  cohorts 8 alive | c340:1950@4.650e-4  c540:16@1.523e-3  c580:34@1.714e-3  c560:20@2.187e-3  c520:14@4.046e-3  c600:115@3.092e-2
    645      20    34  4.649606e-4  7.335070e-1    6.3726e-6   0.9999992350   0.9999991812              -       10    -17.13
  cohorts 8 alive | c340:1950@4.650e-4  c520:14@4.672e-4  c620:251@5.921e-4  c540:16@7.593e-4  c560:20@2.103e-3  c580:34@3.232e-3
    646      20    34  4.649606e-4  7.303558e-1    6.3726e-6   0.9999992350   0.9999991812              -       10    -17.13
  cohorts 8 alive | c340:1950@4.650e-4  c600:115@1.284e-3  c520:14@1.368e-3  c560:20@2.187e-3  c580:34@2.629e-3  c620:251@6.166e-3
    647      20    34  4.649606e-4  7.377047e-1    6.3726e-6   0.9999992350   0.9999991812              -       10    -17.13
  cohorts 8 alive | c340:1950@4.650e-4  c540:16@4.650e-4  c580:34@1.610e-3  c560:20@2.187e-3  c600:115@2.629e-3  c520:14@3.344e-3
    648      20    34  4.649606e-4  7.559602e-1    6.3726e-6   0.9999992350   0.9999991812              -       10    -17.13
  cohorts 8 alive | c340:1950@4.650e-4  c520:14@1.826e-3  c540:16@2.113e-3  c560:20@2.187e-3  c580:34@2.629e-3  c600:115@2.629e-3
    649      20    34  4.649606e-4  7.372266e-1    6.3726e-6   0.9999992350   0.9999991812              -       10    -17.13
  cohorts 8 alive | c340:1950@4.650e-4  c580:34@4.671e-4  c540:16@9.527e-4  c520:14@1.156e-3  c560:20@2.187e-3  c600:115@2.629e-3
    650      20    34  4.649606e-4  7.643273e-1    6.3726e-6   0.9999992350   0.9999991812              -       10    -17.13
  cohorts 8 alive | c340:1950@4.650e-4  c540:16@1.970e-3  c560:20@2.187e-3  c520:14@2.629e-3  c580:34@2.629e-3  c600:115@2.629e-3
    651      20    34  4.649606e-4  8.015654e-1    6.3726e-6   0.9999992350   0.9999991812              -       10    -17.13
  cohorts 8 alive | c340:1950@4.650e-4  c520:14@4.650e-4  c540:16@7.667e-4  c560:20@2.187e-3  c580:34@2.629e-3  c600:115@2.629e-3
    652      20    34  4.587668e-4  7.807383e-1    7.0585e-6   0.9999991527   0.9999991284              -       10    -17.16
  cohorts 8 alive | c340:1950@4.588e-4  c580:34@2.057e-3  c560:20@2.069e-3  c600:115@2.629e-3  c540:16@3.039e-3  c520:14@3.949e-3
    653      20    34  4.586867e-4  7.979693e-1    7.0592e-6   0.9999991526   0.9999991283              -       10    -17.16
  cohorts 8 alive | c340:1950@4.587e-4  c540:16@7.260e-4  c620:251@1.171e-3  c520:14@2.065e-3  c560:20@2.187e-3  c580:34@2.629e-3
    654      21    34  4.586867e-4  8.265313e-1    7.0592e-6   0.9999991526   0.9999991283              -       10    -17.16
  cohorts 8 alive | c340:1950@4.587e-4  c540:16@4.587e-4  c580:34@7.590e-4  c520:14@2.140e-3  c560:20@2.187e-3  c600:115@2.629e-3
    655      21    34  4.586867e-4  7.945187e-1    7.0592e-6   0.9999991526   0.9999991283              -       10    -17.16
  cohorts 8 alive | c340:1950@4.587e-4  c540:16@4.587e-4  c580:34@4.587e-4  c600:115@8.066e-4  c560:20@1.088e-3  c640:1600@2.682e-3
    656      21    34  4.586867e-4  7.828849e-1    7.0592e-6   0.9999991526   0.9999991283              -       10    -17.16
  cohorts 8 alive | c340:1950@4.587e-4  c580:34@4.587e-4  c620:251@5.142e-4  c540:16@5.343e-4  c600:115@1.817e-3  c520:14@2.070e-3
    657      21    34  4.586867e-4  8.506823e-1    7.0592e-6   0.9999991526   0.9999991283              -       10    -17.16
  cohorts 8 alive | c340:1950@4.587e-4  c600:115@8.230e-4  c580:34@1.154e-3  c540:16@2.148e-3  c560:20@2.187e-3  c640:1600@2.627e-3
    658      21    34  4.586867e-4  8.413705e-1    7.0592e-6   0.9999991526   0.9999991283              -       10    -17.16
  cohorts 8 alive | c340:1950@4.587e-4  c600:115@4.587e-4  c520:14@1.159e-3  c540:16@1.633e-3  c560:20@1.633e-3  c640:1600@2.627e-3
    659      21    34  4.586867e-4  8.601292e-1    7.0592e-6   0.9999991526   0.9999991283              -       10    -17.16
  cohorts 8 alive | c340:1950@4.587e-4  c560:20@4.590e-4  c540:16@1.114e-3  c580:34@2.627e-3  c640:1600@2.627e-3  c600:115@2.629e-3
    660      21    34  4.586867e-4  9.539418e-1    7.0592e-6   0.9999991526   0.9999991283              -       10    -17.16
  cohorts 9 alive | c340:1942@4.587e-4  c560:14@2.187e-3  c600:34@2.361e-3  c640:368@2.627e-3  c580:12@2.629e-3  c520:11@3.141e-3
    661      21    34  4.586867e-4  7.888790e-1    7.0592e-6   0.9999991526   0.9999991283              -       10    -17.16
  cohorts 9 alive | c340:1942@4.587e-4  c520:11@7.260e-4  c580:12@1.491e-3  c560:14@2.187e-3  c600:34@2.627e-3  c640:368@2.627e-3
    662      21    34  4.586867e-4  7.119275e-1    7.0592e-6   0.9999991526   0.9999991283              -       10    -17.16
  cohorts 9 alive | c340:1942@4.587e-4  c580:12@7.735e-4  c560:14@2.187e-3  c520:11@2.218e-3  c600:34@2.627e-3  c640:368@2.627e-3
    663      21    34  4.586867e-4  8.023604e-1    7.0592e-6   0.9999991526   0.9999991283              -       10    -17.16
  cohorts 9 alive | c340:1942@4.587e-4  c540:14@4.676e-4  c600:34@7.969e-4  c620:5@1.633e-3  c580:12@2.144e-3  c560:14@2.187e-3
    664      21    34  4.586867e-4  8.018614e-1    7.0592e-6   0.9999991526   0.9999991283              -       10    -17.16
  cohorts 9 alive | c340:1942@4.587e-4  c520:11@4.587e-4  c600:34@7.144e-4  c540:14@1.727e-3  c560:14@2.187e-3  c640:368@2.488e-3
    665      21    34  4.586867e-4  7.860237e-1    7.0592e-6   0.9999991526   0.9999991283              -       10    -17.16
  cohorts 9 alive | c340:1942@4.587e-4  c540:14@4.587e-4  c520:11@4.607e-4  c600:34@6.849e-4  c560:14@2.187e-3  c580:12@2.627e-3
    666      21    34  4.586867e-4  7.446082e-1    7.0592e-6   0.9999991526   0.9999991283              -       10    -17.16
  cohorts 9 alive | c340:1942@4.587e-4  c560:14@4.587e-4  c600:34@4.587e-4  c640:368@2.621e-3  c580:12@2.627e-3  c540:14@3.127e-3
    667      21    34  4.586867e-4  7.689181e-1    7.0592e-6   0.9999991526   0.9999991283              -       10    -17.16
  cohorts 9 alive | c340:1942@4.587e-4  c540:14@4.607e-4  c620:5@1.172e-3  c520:11@1.802e-3  c560:14@2.187e-3  c640:368@2.621e-3
    668      21    34  4.586867e-4  7.447915e-1    7.0592e-6   0.9999991526   0.9999991283              -       10    -17.16
  cohorts 9 alive | c340:1942@4.587e-4  c640:368@4.676e-4  c520:11@1.579e-3  c620:5@1.635e-3  c560:14@2.187e-3  c600:34@2.621e-3
    669      21    34  4.586867e-4  7.502797e-1    7.0592e-6   0.9999991526   0.9999991283              -       10    -17.16
  cohorts 9 alive | c340:1942@4.587e-4  c520:11@1.586e-3  c560:14@2.187e-3  c640:368@2.580e-3  c580:12@2.621e-3  c600:34@2.621e-3
    670      21    34  4.586867e-4  8.047471e-1    7.0592e-6   0.9999991526   0.9999991283              -       10    -17.16
  cohorts 9 alive | c340:1942@4.587e-4  c520:11@7.443e-4  c560:14@1.653e-3  c540:14@1.920e-3  c580:12@2.580e-3  c600:34@2.580e-3
    671      21    34  4.586787e-4  8.242216e-1    7.0712e-6   0.9999991511   0.9999991245              -       10    -17.16
  cohorts 9 alive | c340:1942@4.587e-4  c560:14@2.187e-3  c520:11@2.242e-3  c640:368@2.573e-3  c580:12@2.580e-3  c600:34@2.580e-3
    672      21    34  4.586787e-4  8.204983e-1    7.0712e-6   0.9999991511   0.9999991245              -       10    -17.16
  cohorts 9 alive | c340:1942@4.587e-4  c580:12@4.587e-4  c540:14@1.161e-3  c560:14@1.174e-3  c640:368@2.573e-3  c600:34@2.573e-3
    673      21    34  4.586787e-4  7.710955e-1    7.0712e-6   0.9999991511   0.9999991245              -       10    -17.16
  cohorts 9 alive | c340:1942@4.587e-4  c620:5@8.576e-4  c580:12@1.174e-3  c560:14@1.518e-3  c640:368@1.586e-3  c600:34@2.573e-3
    674      21    34  4.586787e-4  7.452132e-1    7.0712e-6   0.9999991511   0.9999991245              -       10    -17.16
  cohorts 9 alive | c340:1942@4.587e-4  c560:14@4.587e-4  c520:11@1.037e-3  c660:1600@1.947e-3  c640:368@2.221e-3  c600:34@2.573e-3
    675      21    34  4.586787e-4  7.851044e-1    7.0712e-6   0.9999991511   0.9999991245              -       10    -17.16
  cohorts 9 alive | c340:1942@4.587e-4  c580:12@4.587e-4  c560:14@1.457e-3  c540:14@1.586e-3  c660:1600@1.897e-3  c600:34@2.569e-3
    676      21    34  4.586787e-4  8.034257e-1    7.0712e-6   0.9999991511   0.9999991245              -       10    -17.16
  cohorts 9 alive | c340:1942@4.587e-4  c580:12@1.586e-3  c660:1600@1.897e-3  c560:14@1.923e-3  c640:368@2.242e-3  c600:34@2.569e-3
    677      21    34  4.586787e-4  7.960706e-1    7.0712e-6   0.9999991511   0.9999991245              -       10    -17.16
  cohorts 9 alive | c340:1942@4.587e-4  c540:14@4.587e-4  c560:14@1.897e-3  c660:1600@1.897e-3  c580:12@2.200e-3  c640:368@2.350e-3
    678      21    34  4.586787e-4  8.250352e-1    7.0712e-6   0.9999991511   0.9999991245              -       10    -17.16
  cohorts 9 alive | c340:1942@4.587e-4  c520:11@4.607e-4  c560:14@1.897e-3  c660:1600@1.897e-3  c640:368@2.322e-3  c580:12@2.560e-3
    679      21    34  4.586787e-4  7.937481e-1    7.0712e-6   0.9999991511   0.9999991245              -       10    -17.16
  cohorts 9 alive | c340:1942@4.587e-4  c620:5@1.158e-3  c600:34@1.245e-3  c560:14@1.897e-3  c660:1600@1.897e-3  c580:12@2.560e-3
    680      21    34  4.586787e-4  9.725773e-1    7.0712e-6   0.9999991511   0.9999991245              -       10    -17.16
  cohorts 10 alive | c340:1934@4.587e-4  c620:5@4.607e-4  c540:12@5.610e-4  c520:8@1.582e-3  c560:12@1.897e-3  c660:389@1.897e-3
    681      21    34  4.586787e-4  7.445212e-1    7.0712e-6   0.9999991511   0.9999991245              -       10    -17.16
  cohorts 10 alive | c340:1934@4.587e-4  c580:11@1.863e-3  c560:12@1.897e-3  c640:20@1.897e-3  c660:389@1.897e-3  c600:9@2.274e-3
    682      21    34  4.586787e-4  7.297915e-1    7.0712e-6   0.9999991511   0.9999991245              -       10    -17.16
  cohorts 10 alive | c340:1934@4.587e-4  c660:389@4.611e-4  c600:9@1.586e-3  c560:12@1.897e-3  c640:20@1.897e-3  c540:12@4.275e-3
    683      21    34  4.586787e-4  7.061568e-1    7.0712e-6   0.9999991511   0.9999991245              -       10    -17.16
  cohorts 10 alive | c340:1934@4.587e-4  c580:11@6.779e-4  c560:12@1.154e-3  c640:20@1.821e-3  c660:389@1.897e-3  c540:12@2.248e-3
    684      22    34  4.586787e-4  7.931699e-1    7.0712e-6   0.9999991511   0.9999991245              -       10    -17.16
  cohorts 10 alive | c340:1934@4.587e-4  c580:11@4.587e-4  c620:5@4.587e-4  c560:12@1.174e-3  c640:20@1.897e-3  c660:389@1.897e-3
    685      22    34  4.586787e-4  7.967124e-1    7.0712e-6   0.9999991511   0.9999991245              -       10    -17.16
  cohorts 10 alive | c340:1934@4.587e-4  c660:389@4.608e-4  c560:12@1.897e-3  c640:20@1.897e-3  c540:12@2.368e-3  c600:9@2.890e-3
    686      22    34  4.586787e-4  7.950369e-1    7.0712e-6   0.9999991511   0.9999991245              -       10    -17.16
  cohorts 10 alive | c340:1934@4.587e-4  c580:11@4.587e-4  c540:12@8.066e-4  c520:8@1.086e-3  c560:12@1.897e-3  c640:20@1.897e-3
    687      22    34  4.586787e-4  8.141526e-1    7.0712e-6   0.9999991511   0.9999991245              -       10    -17.16
  cohorts 10 alive | c340:1934@4.587e-4  c600:9@1.287e-3  c520:8@1.518e-3  c560:12@1.897e-3  c640:20@1.897e-3  c660:389@1.897e-3
    688      22    34  4.586787e-4  7.837260e-1    7.0712e-6   0.9999991511   0.9999991245              -       10    -17.16
  cohorts 10 alive | c340:1934@4.587e-4  c660:389@4.587e-4  c600:9@1.455e-3  c520:8@1.518e-3  c560:12@1.897e-3  c540:12@2.138e-3
    689      22    34  4.586787e-4  7.893224e-1    7.0712e-6   0.9999991511   0.9999991245              -       10    -17.16
  cohorts 10 alive | c340:1934@4.587e-4  c520:8@4.679e-4  c560:12@1.174e-3  c540:12@1.385e-3  c640:20@1.897e-3  c660:389@1.897e-3
    690      22    34  4.586787e-4  7.628636e-1    7.0712e-6   0.9999991511   0.9999991245              -       10    -17.16
  cohorts 10 alive | c340:1934@4.587e-4  c580:11@4.587e-4  c540:12@6.849e-4  c560:12@1.897e-3  c640:20@1.897e-3  c660:389@1.897e-3
    691      22    34  4.586787e-4  7.308325e-1    7.0712e-6   0.9999991511   0.9999991245              -       10    -17.16
  cohorts 10 alive | c340:1934@4.587e-4  c640:20@1.778e-3  c560:12@1.897e-3  c660:389@1.897e-3  c580:11@1.977e-3  c520:8@2.075e-3
    692      22    34  4.586720e-4  7.942802e-1    7.0710e-6   0.9999991512   0.9999991246              -       10    -17.16
  cohorts 10 alive | c340:1934@4.587e-4  c580:11@4.587e-4  c540:12@1.633e-3  c560:12@1.897e-3  c640:20@1.897e-3  c660:389@1.897e-3
    693      22    34  4.586720e-4  7.399791e-1    7.0710e-6   0.9999991512   0.9999991246              -       10    -17.16
  cohorts 10 alive | c340:1934@4.587e-4  c540:12@1.249e-3  c660:389@1.897e-3  c560:12@1.897e-3  c580:11@2.834e-3  c640:20@3.173e-3
    694      22    34  4.586720e-4  7.657082e-1    7.0710e-6   0.9999991512   0.9999991246              -       10    -17.16
  cohorts 10 alive | c340:1934@4.587e-4  c600:9@4.587e-4  c580:11@4.618e-4  c560:12@8.021e-4  c640:20@1.897e-3  c660:389@1.897e-3
    695      22    34  4.586720e-4  7.604632e-1    7.0710e-6   0.9999991512   0.9999991246              -       10    -17.16
  cohorts 10 alive | c340:1934@4.587e-4  c600:9@4.608e-4  c540:12@8.065e-4  c620:5@8.967e-4  c580:11@1.006e-3  c560:12@1.747e-3
    696      22    34  4.586720e-4  7.430086e-1    7.0710e-6   0.9999991512   0.9999991246              -       10    -17.16
  cohorts 10 alive | c340:1934@4.587e-4  c540:12@4.587e-4  c560:12@4.587e-4  c640:20@1.897e-3  c660:389@1.897e-3  c600:9@4.180e-3
    697      22    34  4.586720e-4  7.573308e-1    7.0710e-6   0.9999991512   0.9999991246              -       10    -17.16
  cohorts 10 alive | c340:1934@4.587e-4  c620:5@4.587e-4  c560:12@1.897e-3  c640:20@1.897e-3  c660:389@1.897e-3  c580:11@2.106e-3
    698      22    34  4.586720e-4  7.641402e-1    7.0710e-6   0.9999991512   0.9999991246              -       10    -17.16
  cohorts 10 alive | c340:1934@4.587e-4  c540:12@1.518e-3  c560:12@1.897e-3  c640:20@1.897e-3  c660:389@1.897e-3  c620:5@1.964e-3
    699      22    34  4.586720e-4  7.910661e-1    7.0710e-6   0.9999991512   0.9999991246              -       10    -17.16
  cohorts 10 alive | c340:1934@4.587e-4  c560:12@8.082e-4  c620:5@1.867e-3  c640:20@1.897e-3  c660:389@1.897e-3  c540:12@2.884e-3
    700      22    34  4.586720e-4  9.650169e-1    7.0710e-6   0.9999991512   0.9999991246              -       10    -17.16
  cohorts 11 alive | c340:1928@4.587e-4  c660:157@1.896e-3  c560:13@1.897e-3  c640:16@1.897e-3  c600:8@2.673e-3  c540:9@3.827e-3
    701      22    34  4.586720e-4  7.506022e-1    7.0710e-6   0.9999991512   0.9999991246              -       10    -17.16
  cohorts 11 alive | c340:1928@4.587e-4  c660:157@1.896e-3  c640:16@1.897e-3  c600:8@2.519e-3  c540:9@2.706e-3  c520:7@4.458e-3
    702      22    34  4.586720e-4  7.602525e-1    7.0710e-6   0.9999991512   0.9999991246              -       10    -17.16
  cohorts 11 alive | c340:1928@4.587e-4  c640:16@4.587e-4  c560:13@1.146e-3  c680:252@1.586e-3  c520:7@1.815e-3  c660:157@1.896e-3
    703      22    34  4.586720e-4  8.046374e-1    7.0710e-6   0.9999991512   0.9999991246              -       10    -17.16
  cohorts 11 alive | c340:1928@4.587e-4  c560:13@4.587e-4  c540:9@1.161e-3  c660:157@1.345e-3  c520:7@1.732e-3  c680:252@1.738e-3
    704      22    34  4.586720e-4  8.009122e-1    7.0710e-6   0.9999991512   0.9999991246              -       10    -17.16
  cohorts 11 alive | c340:1928@4.587e-4  c660:157@7.905e-4  c560:13@1.345e-3  c640:16@1.345e-3  c540:9@3.076e-3  c680:252@3.583e-3
    705      22    34  4.586720e-4  7.695813e-1    7.0710e-6   0.9999991512   0.9999991246              -       10    -17.16
  cohorts 11 alive | c340:1928@4.587e-4  c540:9@4.587e-4  c660:157@4.587e-4  c680:252@1.174e-3  c640:16@1.376e-3  c560:13@1.933e-3
    706      22    34  4.586720e-4  7.851706e-1    7.0710e-6   0.9999991512   0.9999991246              -       10    -17.16
  cohorts 11 alive | c340:1928@4.587e-4  c540:9@8.065e-4  c660:157@1.262e-3  c640:16@1.345e-3  c560:13@1.611e-3  c680:252@1.865e-3
    707      22    34  4.586720e-4  8.012600e-1    7.0710e-6   0.9999991512   0.9999991246              -       10    -17.16
  cohorts 11 alive | c340:1928@4.587e-4  c660:157@8.378e-4  c520:7@1.174e-3  c560:13@1.262e-3  c640:16@1.262e-3  c600:8@1.500e-3
    708      22    34  4.586720e-4  7.963501e-1    7.0710e-6   0.9999991512   0.9999991246              -       10    -17.16
  cohorts 11 alive | c340:1928@4.587e-4  c600:8@4.587e-4  c560:13@4.607e-4  c640:16@9.923e-4  c660:157@1.233e-3  c520:7@1.796e-3
    709      22    34  4.586720e-4  7.772609e-1    7.0710e-6   0.9999991512   0.9999991246              -       10    -17.16
  cohorts 11 alive | c340:1928@4.587e-4  c520:7@7.103e-4  c660:157@1.228e-3  c640:16@1.233e-3  c680:252@1.769e-3  c560:13@1.895e-3
    710      22    34  4.586720e-4  7.963766e-1    7.0710e-6   0.9999991512   0.9999991246              -       10    -17.16
  cohorts 11 alive | c340:1928@4.587e-4  c600:8@4.587e-4  c620:5@9.032e-4  c560:13@1.228e-3  c660:157@1.228e-3  c680:252@1.769e-3
    711      22    34  4.586720e-4  8.008599e-1    7.0710e-6   0.9999991512   0.9999991246              -       10    -17.16
  cohorts 11 alive | c340:1928@4.587e-4  c640:16@4.828e-4  c600:8@1.174e-3  c660:157@1.176e-3  c680:252@1.769e-3  c560:13@2.643e-3
    712      22    34  4.586720e-4  8.073262e-1    7.0710e-6   0.9999991512   0.9999991246              -       10    -17.16
  cohorts 11 alive | c340:1928@4.587e-4  c640:16@1.228e-3  c660:157@1.228e-3  c680:252@1.769e-3  c560:13@1.789e-3  c600:8@2.775e-3
    713      22    34  4.586720e-4  7.893516e-1    7.0710e-6   0.9999991512   0.9999991246              -       10    -17.16
  cohorts 11 alive | c340:1928@4.587e-4  c660:157@4.587e-4  c680:252@1.769e-3  c600:8@1.975e-3  c560:13@3.474e-3  c640:16@3.512e-3
    714      22    34  4.576373e-4  8.022563e-1    7.0541e-6   0.9999991532   0.9999991250              -       10    -17.17
  cohorts 11 alive | c340:1928@4.576e-4  c680:252@7.546e-4  c660:157@1.050e-3  c640:16@1.228e-3  c620:5@2.773e-3  c580:5@4.801e-3
    715      23    34  4.576373e-4  8.316890e-1    7.0541e-6   0.9999991532   0.9999991250              -       10    -17.17
  cohorts 11 alive | c340:1928@4.576e-4  c540:9@4.576e-4  c640:16@4.576e-4  c600:8@9.663e-4  c660:157@1.186e-3  c680:252@1.753e-3
    716      23    34  4.576373e-4  8.126499e-1    7.0541e-6   0.9999991532   0.9999991250              -       10    -17.17
  cohorts 11 alive | c340:1928@4.576e-4  c640:16@4.607e-4  c660:157@1.186e-3  c580:5@1.190e-3  c680:252@1.574e-3  c600:8@2.783e-3
    717      23    34  4.576373e-4  8.116260e-1    7.0541e-6   0.9999991532   0.9999991250              -       10    -17.17
  cohorts 11 alive | c340:1928@4.576e-4  c560:13@4.577e-4  c640:16@4.954e-4  c660:157@1.186e-3  c540:9@1.597e-3  c520:7@1.720e-3
    718      23    34  4.576373e-4  7.999916e-1    7.0541e-6   0.9999991532   0.9999991250              -       10    -17.17
  cohorts 11 alive | c340:1928@4.576e-4  c640:16@1.186e-3  c660:157@1.186e-3  c680:252@1.769e-3  c580:5@2.183e-3  c540:9@2.581e-3
    719      23    34  4.576373e-4  8.140995e-1    7.0541e-6   0.9999991532   0.9999991250              -       10    -17.17
  cohorts 11 alive | c340:1928@4.576e-4  c540:9@4.576e-4  c660:157@1.186e-3  c600:8@1.592e-3  c680:252@1.769e-3  c580:5@1.906e-3
    720      23    34  4.576373e-4   1.008798e0    7.0541e-6   0.9999991532   0.9999991250              -       10    -17.17
  cohorts 5 alive | c340:1980@4.576e-4  c660:53@1.186e-3  c680:87@1.228e-3  c700:280@4.175e-2  c720:1600@1.023e-1
    721      23    34  4.576373e-4  7.236450e-1    7.0541e-6   0.9999991532   0.9999991250              -       10    -17.17
  cohorts 5 alive | c340:1980@4.576e-4  c660:53@1.186e-3  c680:87@1.228e-3  c700:280@1.644e-2  c720:1600@8.881e-2
    722      23    34  4.576110e-4  6.739742e-1    7.0441e-6   0.9999991544   0.9999991245              -       10    -17.17
  cohorts 5 alive | c340:1980@4.576e-4  c700:280@4.576e-4  c660:53@4.578e-4  c680:87@4.742e-4  c720:1600@6.540e-2
    723      23    34  4.576110e-4  7.303205e-1    7.0441e-6   0.9999991544   0.9999991245              -       10    -17.17
  cohorts 5 alive | c340:1980@4.576e-4  c700:280@4.576e-4  c660:53@1.186e-3  c680:87@1.186e-3  c720:1600@6.525e-2
    724      23    34  4.576079e-4  7.244867e-1    7.0445e-6   0.9999991544   0.9999991244              -       10    -17.17
  cohorts 5 alive | c340:1980@4.576e-4  c680:87@1.174e-3  c660:53@1.186e-3  c700:280@9.715e-3  c720:1600@6.525e-2
    725      23    34  4.574423e-4  7.461590e-1    7.0440e-6   0.9999991544   0.9999991246              -       10    -17.17
  cohorts 5 alive | c340:1980@4.574e-4  c660:53@1.186e-3  c680:87@1.186e-3  c700:280@4.138e-2  c720:1600@6.262e-2
    726      23    34  4.574423e-4  7.309707e-1    7.0440e-6   0.9999991544   0.9999991246              -       10    -17.17
  cohorts 5 alive | c340:1980@4.574e-4  c660:53@7.820e-4  c680:87@1.186e-3  c700:280@2.657e-3  c720:1600@6.262e-2
    727      23    34  4.574264e-4  7.382145e-1    7.0437e-6   0.9999991544   0.9999991246              -       10    -17.17
  cohorts 5 alive | c340:1980@4.574e-4  c660:53@1.186e-3  c680:87@1.186e-3  c700:280@3.664e-3  c720:1600@5.925e-2
    728      23    34  4.574264e-4  7.582394e-1    7.0437e-6   0.9999991544   0.9999991246              -       10    -17.17
  cohorts 5 alive | c340:1980@4.574e-4  c660:53@6.843e-4  c680:87@1.159e-3  c700:280@2.843e-3  c720:1600@4.028e-2
    729      23    34  4.574264e-4  7.624705e-1    7.0437e-6   0.9999991544   0.9999991246              -       10    -17.17
  cohorts 5 alive | c340:1980@4.574e-4  c680:87@4.574e-4  c660:53@1.186e-3  c700:280@1.844e-2  c720:1600@4.026e-2
    730      23    34  4.574264e-4  7.723711e-1    7.0437e-6   0.9999991544   0.9999991246              -       10    -17.17
  cohorts 5 alive | c340:1980@4.574e-4  c660:53@4.574e-4  c680:87@1.186e-3  c700:280@2.443e-3  c720:1600@3.969e-2
    731      23    34  4.574264e-4  7.861632e-1    7.0437e-6   0.9999991544   0.9999991246              -       10    -17.17
  cohorts 5 alive | c340:1980@4.574e-4  c660:53@4.574e-4  c680:87@1.186e-3  c720:1600@3.949e-2  c700:280@4.138e-2
    732      23    34  4.574264e-4  8.018142e-1    7.0437e-6   0.9999991544   0.9999991246              -       10    -17.17
  cohorts 5 alive | c340:1980@4.574e-4  c700:280@4.608e-4  c660:53@1.186e-3  c680:87@1.186e-3  c720:1600@3.949e-2
    733      23    34  4.574264e-4  8.409810e-1    7.0437e-6   0.9999991544   0.9999991246              -       10    -17.17
  cohorts 5 alive | c340:1980@4.574e-4  c660:53@1.160e-3  c680:87@1.186e-3  c700:280@1.674e-2  c720:1600@3.934e-2
    734      23    34  4.574264e-4  8.419199e-1    7.0437e-6   0.9999991544   0.9999991246              -       10    -17.17
  cohorts 5 alive | c340:1980@4.574e-4  c660:53@1.186e-3  c680:87@1.186e-3  c700:280@5.700e-3  c720:1600@3.934e-2
    735      23    34  4.574264e-4  8.377609e-1    7.0437e-6   0.9999991544   0.9999991246              -       10    -17.17
  cohorts 5 alive | c340:1980@4.574e-4  c660:53@1.186e-3  c680:87@1.186e-3  c700:280@3.004e-3  c720:1600@3.934e-2
    736      23    34  4.567924e-4  8.401494e-1    7.0539e-6   0.9999991532   0.9999991255              -       10    -17.17
  cohorts 5 alive | c340:1980@4.568e-4  c660:53@1.186e-3  c680:87@1.186e-3  c700:280@1.951e-2  c720:1600@3.934e-2
    737      23    34  4.564530e-4  8.004588e-1    7.0368e-6   0.9999991553   0.9999991250              -       10    -17.17
  cohorts 5 alive | c340:1980@4.565e-4  c700:280@4.608e-4  c660:53@1.186e-3  c680:87@1.186e-3  c720:1600@3.934e-2
    738      23    34  4.564530e-4  8.272895e-1    7.0368e-6   0.9999991553   0.9999991250              -       10    -17.17
  cohorts 5 alive | c340:1980@4.565e-4  c660:53@1.186e-3  c680:87@1.186e-3  c700:280@7.436e-3  c720:1600@3.934e-2
    739      23    34  4.564163e-4  8.007218e-1    7.0358e-6   0.9999991554   0.9999991249              -       10    -17.17
  cohorts 5 alive | c340:1980@4.564e-4  c660:53@1.186e-3  c680:87@1.186e-3  c720:1600@3.484e-2  c700:280@4.138e-2
    740      23    34  4.564040e-4  9.710268e-1    7.0362e-6   0.9999991553   0.9999991249              -       10    -17.17
  cohorts 6 alive | c340:1980@4.564e-4  c660:4@1.186e-3  c680:42@1.186e-3  c720:368@3.479e-2  c700:6@4.138e-2  c740:1600@8.788e-2
    741      23    34  4.564040e-4  7.212759e-1    7.0362e-6   0.9999991553   0.9999991249              -       10    -17.17
  cohorts 6 alive | c340:1980@4.564e-4  c720:368@4.564e-4  c660:4@1.186e-3  c680:42@1.186e-3  c700:6@3.876e-2  c740:1600@7.764e-2
    742      23    34  4.564040e-4  7.339710e-1    7.0362e-6   0.9999991553   0.9999991249              -       10    -17.17
  cohorts 6 alive | c340:1980@4.564e-4  c720:368@1.159e-3  c660:4@1.186e-3  c680:42@1.186e-3  c700:6@2.047e-2  c740:1600@7.438e-2
    743      23    34  4.564040e-4  7.735582e-1    7.0362e-6   0.9999991553   0.9999991249              -       10    -17.17
  cohorts 6 alive | c340:1980@4.564e-4  c720:368@7.570e-4  c660:4@1.186e-3  c680:42@1.228e-3  c700:6@4.320e-3  c740:1600@7.438e-2
    744      23    34  4.564040e-4  7.978577e-1    7.0362e-6   0.9999991553   0.9999991249              -       10    -17.17
  cohorts 6 alive | c340:1980@4.564e-4  c680:42@1.175e-3  c660:4@1.186e-3  c720:368@2.129e-2  c740:1600@7.438e-2  c700:6@1.098e0
    745      23    34  4.564040e-4  8.239157e-1    7.0362e-6   0.9999991553   0.9999991249              -       10    -17.17
  cohorts 6 alive | c340:1980@4.564e-4  c660:4@1.186e-3  c680:42@2.151e-3  c700:6@4.888e-3  c720:368@1.753e-2  c740:1600@7.438e-2
    746      24    34  4.564040e-4  8.142992e-1    7.0362e-6   0.9999991553   0.9999991249              -       10    -17.17
  cohorts 6 alive | c340:1980@4.564e-4  c720:368@7.269e-4  c660:4@1.186e-3  c700:6@2.153e-3  c680:42@2.764e-3  c740:1600@7.438e-2
    747      24    34  4.564040e-4  8.046330e-1    7.0362e-6   0.9999991553   0.9999991249              -       10    -17.17
  cohorts 6 alive | c340:1980@4.564e-4  c680:42@4.564e-4  c720:368@1.136e-3  c660:4@1.186e-3  c700:6@4.513e-3  c740:1600@7.438e-2
    748      24    34  4.564040e-4  8.314013e-1    7.0362e-6   0.9999991553   0.9999991249              -       10    -17.17
  cohorts 6 alive | c340:1980@4.564e-4  c660:4@1.186e-3  c680:42@6.654e-3  c720:368@1.828e-2  c740:1600@7.438e-2  c700:6@5.270e-1
    749      24    34  4.564040e-4  8.234839e-1    7.0362e-6   0.9999991553   0.9999991249              -       10    -17.17
  cohorts 6 alive | c340:1980@4.564e-4  c660:4@1.186e-3  c700:6@3.962e-3  c680:42@6.654e-3  c720:368@1.827e-2  c740:1600@7.438e-2
    750      24    34  4.564040e-4  8.035876e-1    7.0362e-6   0.9999991553   0.9999991249              -       10    -17.17
  cohorts 6 alive | c340:1980@4.564e-4  c660:4@1.186e-3  c720:368@2.165e-3  c700:6@4.407e-3  c680:42@4.457e-3  c740:1600@7.438e-2
    751      24    34  4.564040e-4  8.286510e-1    7.0362e-6   0.9999991553   0.9999991249              -       10    -17.17
  cohorts 6 alive | c340:1980@4.564e-4  c660:4@1.186e-3  c680:42@1.310e-3  c720:368@8.782e-3  c740:1600@7.438e-2  c700:6@3.220e-1
    752      24    34  4.564040e-4  8.275164e-1    7.0362e-6   0.9999991553   0.9999991249              -       10    -17.17
  cohorts 6 alive | c340:1980@4.564e-4  c660:4@1.186e-3  c700:6@5.159e-3  c680:42@3.455e-2  c720:368@3.455e-2  c740:1600@7.438e-2
    753      24    34  4.564040e-4  8.071486e-1    7.0362e-6   0.9999991553   0.9999991249              -       10    -17.17
  cohorts 6 alive | c340:1980@4.564e-4  c680:42@4.608e-4  c660:4@1.186e-3  c700:6@2.908e-3  c720:368@1.347e-2  c740:1600@6.926e-2
    754      24    34  4.564040e-4  8.130603e-1    7.0362e-6   0.9999991553   0.9999991249              -       10    -17.17
  cohorts 6 alive | c340:1980@4.564e-4  c660:4@1.186e-3  c680:42@2.225e-3  c720:368@3.455e-2  c740:1600@6.855e-2  c700:6@9.371e-1
    755      24    34  4.564040e-4  8.942769e-1    7.0362e-6   0.9999991553   0.9999991249              -       10    -17.17
  cohorts 6 alive | c340:1980@4.564e-4  c660:4@1.186e-3  c720:368@2.837e-3  c680:42@4.787e-3  c700:6@4.962e-3  c740:1600@5.821e-2
    756      24    34  4.564040e-4  8.935697e-1    7.0362e-6   0.9999991553   0.9999991249              -       10    -17.17
  cohorts 6 alive | c340:1980@4.564e-4  c660:4@1.186e-3  c700:6@7.931e-3  c680:42@1.547e-2  c720:368@3.448e-2  c740:1600@4.854e-2
    757      24    34  4.564040e-4  8.706845e-1    7.0362e-6   0.9999991553   0.9999991249              -       10    -17.17
  cohorts 6 alive | c340:1980@4.564e-4  c660:4@1.186e-3  c680:42@1.390e-3  c700:6@1.215e-2  c720:368@1.444e-2  c740:1600@4.707e-2
    758      24    34  4.564040e-4  8.952572e-1    7.0362e-6   0.9999991553   0.9999991249              -       10    -17.17
  cohorts 6 alive | c340:1980@4.564e-4  c660:4@1.186e-3  c680:42@1.297e-3  c720:368@2.796e-3  c740:1600@4.707e-2  c700:6@3.814e-1
    759      24    34  4.564040e-4  8.649893e-1    7.0362e-6   0.9999991553   0.9999991249              -       10    -17.17
  cohorts 6 alive | c340:1980@4.564e-4  c660:4@1.186e-3  c720:368@2.083e-3  c700:6@2.747e-3  c680:42@1.657e-2  c740:1600@4.707e-2
    760      24    34  4.564040e-4  9.899484e-1    7.0362e-6   0.9999991553   0.9999991249              -       10    -17.17
  cohorts 5 alive | c340:1980@4.564e-4  c660:4@1.186e-3  c720:98@3.425e-2  c740:318@4.707e-2  c760:1600@7.703e-2
    761      24    34  4.564040e-4  7.520442e-1    7.0362e-6   0.9999991553   0.9999991249              -       10    -17.17
  cohorts 5 alive | c340:1980@4.564e-4  c740:318@4.608e-4  c720:98@7.558e-4  c660:4@1.186e-3  c760:1600@7.627e-2
    762      24    34  4.564040e-4  8.066837e-1    7.0362e-6   0.9999991553   0.9999991249              -       10    -17.17
  cohorts 5 alive | c340:1980@4.564e-4  c660:4@1.186e-3  c720:98@2.680e-3  c740:318@5.365e-3  c760:1600@7.519e-2
    763      24    34  4.564040e-4  8.091659e-1    7.0362e-6   0.9999991553   0.9999991249              -       10    -17.17
  cohorts 5 alive | c340:1980@4.564e-4  c660:4@1.186e-3  c740:318@4.069e-3  c720:98@1.179e-2  c760:1600@6.876e-2
    764      24    34  4.564040e-4  7.656925e-1    7.0362e-6   0.9999991553   0.9999991249              -       10    -17.17
  cohorts 5 alive | c340:1980@4.564e-4  c660:4@1.186e-3  c740:318@2.761e-3  c720:98@3.423e-2  c760:1600@6.723e-2
    765      24    34  4.564040e-4  7.850301e-1    7.0362e-6   0.9999991553   0.9999991249              -       10    -17.17
  cohorts 5 alive | c340:1980@4.564e-4  c660:4@1.186e-3  c720:98@1.596e-3  c740:318@2.194e-3  c760:1600@6.653e-2
    766      24    34  4.564040e-4  8.145021e-1    7.0362e-6   0.9999991553   0.9999991249              -       10    -17.17
  cohorts 5 alive | c340:1980@4.564e-4  c660:4@1.186e-3  c720:98@1.963e-3  c740:318@2.061e-3  c760:1600@4.094e-2
    767      24    34  4.564040e-4   1.059722e0    7.0362e-6   0.9999991553   0.9999991249              -       10    -17.17
  cohorts 5 alive | c340:1980@4.564e-4  c660:4@1.186e-3  c720:98@1.208e-2  c740:318@1.827e-2  c760:1600@3.249e-2
    768      24    34  4.564040e-4  8.276511e-1    7.0362e-6   0.9999991553   0.9999991249              -       10    -17.17
  cohorts 5 alive | c340:1980@4.564e-4  c740:318@4.679e-4  c660:4@1.186e-3  c720:98@7.975e-3  c760:1600@2.857e-2
    769      24    34  4.564040e-4  8.088477e-1    7.0362e-6   0.9999991553   0.9999991249              -       10    -17.17
  cohorts 5 alive | c340:1980@4.564e-4  c660:4@1.186e-3  c720:98@1.293e-3  c740:318@3.720e-3  c760:1600@2.743e-2
    770      24    34  4.564040e-4  8.130010e-1    7.0362e-6   0.9999991553   0.9999991249              -       10    -17.17
  cohorts 5 alive | c340:1980@4.564e-4  c660:4@1.186e-3  c740:318@4.928e-3  c720:98@7.378e-3  c760:1600@2.130e-2
    771      24    34  4.564040e-4  7.892752e-1    7.0362e-6   0.9999991553   0.9999991249              -       10    -17.17
  cohorts 5 alive | c340:1980@4.564e-4  c720:98@1.174e-3  c660:4@1.186e-3  c740:318@4.366e-3  c760:1600@1.799e-2
    772      24    34  4.564040e-4  8.133220e-1    7.0362e-6   0.9999991553   0.9999991249              -       10    -17.17
  cohorts 5 alive | c340:1980@4.564e-4  c660:4@1.186e-3  c720:98@4.436e-3  c740:318@5.422e-3  c760:1600@1.799e-2
    773      24    34  4.564040e-4  8.105455e-1    7.0362e-6   0.9999991553   0.9999991249              -       10    -17.17
  cohorts 5 alive | c340:1980@4.564e-4  c740:318@4.609e-4  c660:4@1.186e-3  c720:98@1.443e-2  c760:1600@1.799e-2
    774      24    34  4.564040e-4  7.989146e-1    7.0362e-6   0.9999991553   0.9999991249              -       10    -17.17
  cohorts 5 alive | c340:1980@4.564e-4  c660:4@1.186e-3  c720:98@1.681e-3  c740:318@2.248e-3  c760:1600@1.799e-2
    775      24    34  4.564040e-4  8.452490e-1    7.0362e-6   0.9999991553   0.9999991249              -       10    -17.17
  cohorts 5 alive | c340:1980@4.564e-4  c660:4@1.186e-3  c720:98@1.504e-3  c740:318@1.518e-3  c760:1600@1.778e-2
    776      24    34  4.564040e-4  7.817754e-1    7.0362e-6   0.9999991553   0.9999991249              -       10    -17.17
  cohorts 5 alive | c340:1980@4.564e-4  c660:4@1.186e-3  c740:318@2.710e-3  c720:98@4.229e-3  c760:1600@1.774e-2
    777      25    34  4.563521e-4  7.636792e-1    7.0359e-6   0.9999991554   0.9999991248              -       10    -17.17
  cohorts 5 alive | c660:4@4.564e-4  c340:1980@4.564e-4  c740:318@2.333e-3  c720:98@3.462e-3  c760:1600@1.771e-2
    778      25    34  4.563490e-4  7.887667e-1    7.0357e-6   0.9999991554   0.9999991249              -       10    -17.17
  cohorts 5 alive | c340:1980@4.563e-4  c720:98@7.963e-4  c660:4@1.186e-3  c740:318@1.523e-3  c760:1600@1.771e-2
    779      25    34  4.563490e-4  7.661549e-1    7.0357e-6   0.9999991554   0.9999991249              -       10    -17.17
  cohorts 5 alive | c340:1980@4.563e-4  c660:4@1.186e-3  c740:318@1.629e-2  c760:1600@1.765e-2  c720:98@3.423e-2
    780      25    34  4.563490e-4  9.904664e-1    7.0357e-6   0.9999991554   0.9999991249              -       10    -17.17
  cohorts 6 alive | c340:1963@4.563e-4  c740:14@1.036e-3  c660:5@1.186e-3  c720:14@1.274e-3  c760:404@1.763e-2  c780:1600@9.110e-2
    781      25    34  4.563490e-4  7.289685e-1    7.0357e-6   0.9999991554   0.9999991249              -       10    -17.17
  cohorts 6 alive | c340:1963@4.563e-4  c660:5@1.186e-3  c720:14@2.373e-3  c740:14@4.802e-3  c760:404@1.763e-2  c780:1600@8.245e-2
    782      25    34  4.563490e-4  7.232559e-1    7.0357e-6   0.9999991554   0.9999991249              -       10    -17.17
  cohorts 6 alive | c340:1963@4.563e-4  c660:5@1.186e-3  c720:14@2.039e-3  c760:404@1.763e-2  c740:14@1.854e-2  c780:1600@8.109e-2
    783      25    34  4.563490e-4  7.256323e-1    7.0357e-6   0.9999991554   0.9999991249              -       10    -17.17
  cohorts 6 alive | c340:1963@4.563e-4  c660:5@1.186e-3  c740:14@1.886e-3  c720:14@2.462e-3  c760:404@1.763e-2  c780:1600@7.894e-2
    784      25    34  4.563490e-4  7.425777e-1    7.0357e-6   0.9999991554   0.9999991249              -       10    -17.17
  cohorts 6 alive | c340:1963@4.563e-4  c740:14@4.563e-4  c660:5@1.186e-3  c720:14@5.165e-3  c760:404@1.344e-2  c780:1600@7.857e-2
    785      25    34  4.563490e-4  7.307754e-1    7.0357e-6   0.9999991554   0.9999991249              -       10    -17.17
  cohorts 6 alive | c340:1963@4.563e-4  c660:5@1.186e-3  c740:14@2.019e-3  c720:14@3.067e-3  c760:404@1.486e-2  c780:1600@7.856e-2
    786      25    34  4.563490e-4  6.949419e-1    7.0357e-6   0.9999991554   0.9999991249              -       10    -17.17
  cohorts 6 alive | c340:1963@4.563e-4  c740:14@6.007e-4  c660:5@1.186e-3  c760:404@1.763e-2  c720:14@1.784e-2  c780:1600@7.854e-2
    787      25    34  4.563490e-4  7.089596e-1    7.0357e-6   0.9999991554   0.9999991249              -       10    -17.17
  cohorts 6 alive | c340:1963@4.563e-4  c660:5@7.780e-4  c720:14@2.936e-3  c740:14@3.314e-3  c760:404@5.120e-3  c780:1600@7.274e-2
    788      25    34  4.563490e-4  7.278644e-1    7.0357e-6   0.9999991554   0.9999991249              -       10    -17.17
  cohorts 6 alive | c340:1963@4.563e-4  c740:14@4.608e-4  c660:5@1.186e-3  c720:14@2.294e-3  c760:404@4.939e-3  c780:1600@6.986e-2
    789      25    34  4.563490e-4  6.942067e-1    7.0357e-6   0.9999991554   0.9999991249              -       10    -17.17
  cohorts 6 alive | c340:1963@4.563e-4  c740:14@8.074e-4  c660:5@1.186e-3  c760:404@2.732e-3  c720:14@9.866e-3  c780:1600@5.701e-2
    790      25    34  4.563490e-4  7.332905e-1    7.0357e-6   0.9999991554   0.9999991249              -       10    -17.17
  cohorts 6 alive | c340:1963@4.563e-4  c740:14@4.563e-4  c720:14@5.774e-4  c660:5@1.186e-3  c760:404@4.928e-3  c780:1600@5.318e-2
    791      25    34  4.563490e-4  7.003146e-1    7.0357e-6   0.9999991554   0.9999991249              -       10    -17.17
  cohorts 6 alive | c340:1963@4.563e-4  c660:5@1.186e-3  c740:14@1.608e-3  c760:404@1.986e-3  c720:14@6.328e-3  c780:1600@5.181e-2
    792      25    34  4.563490e-4  7.354194e-1    7.0357e-6   0.9999991554   0.9999991249              -       10    -17.17
  cohorts 6 alive | c340:1963@4.563e-4  c760:404@1.174e-3  c660:5@1.186e-3  c740:14@1.844e-3  c720:14@1.764e-2  c780:1600@3.839e-2
    793      25    34  4.563490e-4  7.564156e-1    7.0357e-6   0.9999991554   0.9999991249              -       10    -17.17
  cohorts 6 alive | c340:1963@4.563e-4  c720:14@4.564e-4  c660:5@1.186e-3  c760:404@3.806e-3  c740:14@3.807e-3  c780:1600@3.418e-2
    794      25    34  4.563490e-4  7.589352e-1    7.0357e-6   0.9999991554   0.9999991249              -       10    -17.17
  cohorts 6 alive | c340:1963@4.563e-4  c740:14@6.831e-4  c660:5@1.186e-3  c720:14@3.090e-3  c760:404@1.698e-2  c780:1600@3.363e-2
    795      25    34  4.563490e-4  7.637870e-1    7.0357e-6   0.9999991554   0.9999991249              -       10    -17.17
  cohorts 6 alive | c340:1963@4.563e-4  c720:14@1.161e-3  c660:5@1.186e-3  c740:14@1.526e-3  c760:404@4.383e-3  c780:1600@3.336e-2
    796      25    34  4.563490e-4  7.710828e-1    7.0357e-6   0.9999991554   0.9999991249              -       10    -17.17
  cohorts 6 alive | c340:1963@4.563e-4  c740:14@4.563e-4  c760:404@4.563e-4  c660:5@1.186e-3  c720:14@2.000e-3  c780:1600@3.336e-2
    797      25    34  4.563490e-4  7.856937e-1    7.0357e-6   0.9999991554   0.9999991249              -       10    -17.17
  cohorts 6 alive | c340:1963@4.563e-4  c720:14@4.584e-4  c760:404@4.597e-4  c660:5@1.186e-3  c740:14@3.259e-3  c780:1600@2.880e-2
    798      25    34  4.563490e-4  7.656348e-1    7.0357e-6   0.9999991554   0.9999991249              -       10    -17.17
  cohorts 6 alive | c340:1963@4.563e-4  c720:14@4.563e-4  c740:14@1.160e-3  c660:5@1.186e-3  c760:404@6.818e-3  c780:1600@2.270e-2
    799      25    34  4.563490e-4  8.226519e-1    7.0357e-6   0.9999991554   0.9999991249              -       10    -17.17
  cohorts 6 alive | c340:1963@4.563e-4  c760:404@8.634e-4  c660:5@1.186e-3  c720:14@3.930e-3  c740:14@6.944e-3  c780:1600@2.270e-2
    800      25    34  4.563490e-4  9.960860e-1    7.0357e-6   0.9999991554   0.9999991249              -       10    -17.17
  cohorts 7 alive | c340:1948@4.563e-4  c660:7@1.186e-3  c720:11@1.570e-3  c760:120@2.955e-3  c740:12@3.156e-3  c780:302@2.257e-2
    801      25    34  4.563490e-4  7.831610e-1    7.0357e-6   0.9999991554   0.9999991249              -       10    -17.17
  cohorts 7 alive | c340:1948@4.563e-4  c760:120@4.563e-4  c660:7@1.186e-3  c740:12@2.323e-3  c720:11@4.025e-3  c780:302@2.257e-2
    802      25    34  4.563490e-4  7.757989e-1    7.0357e-6   0.9999991554   0.9999991249              -       10    -17.17
  cohorts 7 alive | c340:1948@4.563e-4  c720:11@7.563e-4  c660:7@1.186e-3  c760:120@3.040e-3  c780:302@4.807e-3  c740:12@6.594e-3
    803      25    34  4.563490e-4  8.068631e-1    7.0357e-6   0.9999991554   0.9999991249              -       10    -17.17
  cohorts 7 alive | c340:1948@4.563e-4  c660:7@4.563e-4  c760:120@1.976e-3  c720:11@2.452e-3  c780:302@3.284e-3  c740:12@1.710e-2
    804      25    34  4.563490e-4  7.722247e-1    7.0357e-6   0.9999991554   0.9999991249              -       10    -17.17
  cohorts 7 alive | c340:1948@4.563e-4  c720:11@4.563e-4  c660:7@1.186e-3  c760:120@2.016e-3  c780:302@2.501e-3  c740:12@1.594e-2
    805      25    34  4.563490e-4  7.380964e-1    7.0357e-6   0.9999991554   0.9999991249              -       10    -17.17
  cohorts 7 alive | c340:1948@4.563e-4  c660:7@1.186e-3  c720:11@3.048e-3  c740:12@3.998e-3  c760:120@4.115e-3  c780:302@2.142e-2
    806      25    34  4.563490e-4  7.516538e-1    7.0357e-6   0.9999991554   0.9999991249              -       10    -17.17
  cohorts 7 alive | c340:1948@4.563e-4  c760:120@4.679e-4  c660:7@1.186e-3  c720:11@2.133e-3  c780:302@2.997e-3  c740:12@3.424e-3
    807      26    34  4.563490e-4  7.583724e-1    7.0357e-6   0.9999991554   0.9999991249              -       10    -17.17
  cohorts 7 alive | c340:1948@4.563e-4  c760:120@4.563e-4  c660:7@1.186e-3  c780:302@2.877e-3  c720:11@2.891e-3  c740:12@3.860e-3
    808      26    34  4.563490e-4  7.700291e-1    7.0357e-6   0.9999991554   0.9999991249              -       10    -17.17
  cohorts 7 alive | c340:1948@4.563e-4  c740:12@1.039e-3  c660:7@1.186e-3  c780:302@1.339e-3  c760:120@1.919e-3  c720:11@4.731e-3
    809      26    34  4.563490e-4  7.852749e-1    7.0357e-6   0.9999991554   0.9999991249              -       10    -17.17
  cohorts 7 alive | c340:1948@4.563e-4  c740:12@4.565e-4  c760:120@1.037e-3  c720:11@1.046e-3  c780:302@1.137e-3  c660:7@1.186e-3
    810      26    34  4.563490e-4  7.990220e-1    7.0357e-6   0.9999991554   0.9999991249              -       10    -17.17
  cohorts 7 alive | c340:1948@4.563e-4  c740:12@4.563e-4  c660:7@1.186e-3  c760:120@2.230e-3  c720:11@1.827e-2  c780:302@2.257e-2
    811      26    34  4.563490e-4  7.258611e-1    7.0357e-6   0.9999991554   0.9999991249              -       10    -17.17
  cohorts 7 alive | c340:1948@4.563e-4  c720:11@1.042e-3  c660:7@1.186e-3  c740:12@2.393e-3  c780:302@2.676e-3  c760:120@4.147e-3
    812      26    34  4.563490e-4  7.896697e-1    7.0357e-6   0.9999991554   0.9999991249              -       10    -17.17
  cohorts 7 alive | c340:1948@4.563e-4  c780:302@7.078e-4  c660:7@1.186e-3  c720:11@1.970e-3  c740:12@3.174e-3  c760:120@5.151e-3
    813      26    34  4.563490e-4  7.482664e-1    7.0357e-6   0.9999991554   0.9999991249              -       10    -17.17
  cohorts 7 alive | c340:1948@4.563e-4  c660:7@4.564e-4  c760:120@6.222e-3  c780:302@1.162e-2  c740:12@1.717e-2  c720:11@1.904e-2
    814      26    34  4.563490e-4  8.148988e-1    7.0357e-6   0.9999991554   0.9999991249              -       10    -17.17
  cohorts 7 alive | c340:1948@4.563e-4  c780:302@4.563e-4  c660:7@1.186e-3  c760:120@3.108e-3  c720:11@2.073e-2  c800:1600@4.638e-2
    815      26    34  4.563490e-4  7.640332e-1    7.0357e-6   0.9999991554   0.9999991249              -       10    -17.17
  cohorts 7 alive | c340:1948@4.563e-4  c660:7@4.563e-4  c720:11@9.322e-4  c740:12@3.697e-3  c780:302@4.797e-3  c760:120@1.564e-2
    816      26    34  4.563490e-4  8.015916e-1    7.0357e-6   0.9999991554   0.9999991249              -       10    -17.17
  cohorts 7 alive | c340:1948@4.563e-4  c780:302@4.563e-4  c660:7@1.186e-3  c760:120@1.992e-3  c720:11@2.388e-3  c740:12@2.482e-3
    817      26    34  4.563490e-4  8.019405e-1    7.0357e-6   0.9999991554   0.9999991249              -       10    -17.17
  cohorts 7 alive | c340:1948@4.563e-4  c780:302@1.159e-3  c660:7@1.186e-3  c720:11@3.675e-3  c740:12@3.848e-3  c760:120@4.928e-3
    818      26    34  4.563490e-4  8.160715e-1    7.0357e-6   0.9999991554   0.9999991249              -       10    -17.17
  cohorts 7 alive | c340:1948@4.563e-4  c740:12@4.563e-4  c660:7@8.303e-4  c760:120@1.761e-3  c720:11@2.239e-3  c780:302@2.196e-2
    819      26    34  4.563490e-4  8.318837e-1    7.0357e-6   0.9999991554   0.9999991249              -       10    -17.17
  cohorts 7 alive | c340:1948@4.563e-4  c780:302@4.563e-4  c760:120@8.815e-4  c660:7@1.186e-3  c720:11@3.460e-3  c740:12@6.802e-3
    820      26    34  4.563490e-4  9.868092e-1    7.0357e-6   0.9999991554   0.9999991249              -       10    -17.17
  cohorts 8 alive | c340:1939@4.563e-4  c660:8@1.186e-3  c720:10@2.166e-3  c760:52@2.294e-3  c740:9@3.144e-3  c780:74@3.720e-3
    821      26    34  4.563490e-4  7.326163e-1    7.0357e-6   0.9999991554   0.9999991249              -       10    -17.17
  cohorts 8 alive | c340:1939@4.563e-4  c720:10@4.563e-4  c760:52@4.563e-4  c780:74@4.608e-4  c740:9@6.247e-4  c800:308@1.020e-3
    822      26    34  4.563472e-4  7.542590e-1    7.0356e-6   0.9999991554   0.9999991249              -       10    -17.17
  cohorts 8 alive | c340:1939@4.563e-4  c660:8@1.186e-3  c720:10@1.965e-3  c780:74@2.726e-3  c740:9@4.795e-3  c760:52@6.694e-3
    823      26    34  4.563472e-4  7.376645e-1    7.0356e-6   0.9999991554   0.9999991249              -       10    -17.17
  cohorts 8 alive | c340:1939@4.563e-4  c760:52@7.963e-4  c780:74@1.152e-3  c660:8@1.186e-3  c720:10@8.751e-3  c740:9@2.378e-2
    824      26    34  4.563472e-4  6.861984e-1    7.0356e-6   0.9999991554   0.9999991249              -       10    -17.17
  cohorts 8 alive | c340:1939@4.563e-4  c800:308@4.563e-4  c660:8@1.186e-3  c780:74@1.632e-3  c740:9@3.841e-3  c760:52@5.971e-3
    825      26    34  4.563472e-4  7.549885e-1    7.0356e-6   0.9999991554   0.9999991249              -       10    -17.17
  cohorts 8 alive | c340:1939@4.563e-4  c660:8@1.186e-3  c780:74@3.464e-3  c760:52@4.367e-3  c720:10@4.380e-3  c740:9@1.655e-2
    826      26    34  4.563472e-4  7.611365e-1    7.0356e-6   0.9999991554   0.9999991249              -       10    -17.17
  cohorts 8 alive | c340:1939@4.563e-4  c760:52@1.174e-3  c660:8@1.186e-3  c780:74@2.747e-3  c740:9@5.523e-3  c720:10@1.527e-2
    827      26    34  4.563472e-4  7.845076e-1    7.0356e-6   0.9999991554   0.9999991249              -       10    -17.17
  cohorts 8 alive | c340:1939@4.563e-4  c760:52@1.159e-3  c660:8@1.186e-3  c740:9@2.716e-3  c780:74@2.728e-3  c720:10@3.284e-3
    828      26    34  4.563472e-4  7.581312e-1    7.0356e-6   0.9999991554   0.9999991249              -       10    -17.17
  cohorts 8 alive | c340:1939@4.563e-4  c660:8@1.186e-3  c720:10@1.738e-3  c740:9@4.702e-3  c760:52@7.260e-3  c780:74@1.292e-2
    829      26    34  4.563472e-4  7.727477e-1    7.0356e-6   0.9999991554   0.9999991249              -       10    -17.17
  cohorts 8 alive | c340:1939@4.563e-4  c740:9@4.563e-4  c780:74@1.174e-3  c660:8@1.186e-3  c760:52@2.104e-3  c720:10@4.930e-3
    830      26    34  4.563472e-4  7.864281e-1    7.0356e-6   0.9999991554   0.9999991249              -       10    -17.17
  cohorts 8 alive | c340:1939@4.563e-4  c740:9@4.563e-4  c760:52@4.603e-4  c720:10@1.174e-3  c660:8@1.186e-3  c780:74@3.569e-3
    831      26    34  4.563472e-4  7.678118e-1    7.0356e-6   0.9999991554   0.9999991249              -       10    -17.17
  cohorts 8 alive | c340:1939@4.563e-4  c780:74@4.733e-4  c720:10@1.169e-3  c660:8@1.186e-3  c800:308@1.089e-2  c760:52@1.652e-2
    832      26    34  4.563472e-4  7.791040e-1    7.0356e-6   0.9999991554   0.9999991249              -       10    -17.17
  cohorts 8 alive | c340:1939@4.563e-4  c720:10@4.607e-4  c660:8@1.186e-3  c780:74@2.912e-3  c760:52@3.817e-3  c800:308@4.731e-3
    833      26    34  4.563436e-4  7.436856e-1    7.0356e-6   0.9999991554   0.9999991249              -       10    -17.17
  cohorts 8 alive | c340:1939@4.563e-4  c660:8@1.186e-3  c740:9@2.180e-3  c780:74@2.641e-3  c760:52@3.117e-3  c720:10@1.266e-2
    834      26    34  4.563436e-4  7.482547e-1    7.0356e-6   0.9999991554   0.9999991249              -       10    -17.17
  cohorts 8 alive | c340:1939@4.563e-4  c740:9@5.439e-4  c780:74@7.863e-4  c760:52@8.704e-4  c660:8@1.186e-3  c720:10@1.853e-3
    835      26    34  4.563436e-4  7.740304e-1    7.0356e-6   0.9999991554   0.9999991249              -       10    -17.17
  cohorts 8 alive | c340:1939@4.563e-4  c740:9@1.093e-3  c660:8@1.186e-3  c760:52@1.937e-3  c780:74@2.512e-3  c720:10@6.222e-3
    836      26    34  4.563436e-4  7.705768e-1    7.0356e-6   0.9999991554   0.9999991249              -       10    -17.17
  cohorts 8 alive | c340:1939@4.563e-4  c780:74@4.563e-4  c660:8@1.186e-3  c740:9@1.675e-3  c720:10@2.749e-3  c800:308@2.146e-2
    837      26    34  4.563436e-4  7.825661e-1    7.0356e-6   0.9999991554   0.9999991249              -       10    -17.17
  cohorts 8 alive | c340:1939@4.563e-4  c720:10@4.563e-4  c780:74@6.849e-4  c660:8@1.186e-3  c800:308@2.138e-3  c740:9@1.386e-2
    838      26    34  4.563436e-4  7.667534e-1    7.0356e-6   0.9999991554   0.9999991249              -       10    -17.17
  cohorts 8 alive | c340:1939@4.563e-4  c720:10@4.594e-4  c740:9@1.170e-3  c660:8@1.186e-3  c780:74@3.245e-3  c800:308@4.471e-3
    839      27    34  4.563436e-4  7.800673e-1    7.0356e-6   0.9999991554   0.9999991249              -       10    -17.17
  cohorts 8 alive | c340:1939@4.563e-4  c800:308@4.563e-4  c760:52@6.849e-4  c660:8@1.186e-3  c780:74@1.518e-3  c740:9@1.915e-3
    840      27    34  4.563436e-4  9.791360e-1    7.0356e-6   0.9999991554   0.9999991249              -       10    -17.17
  cohorts 6 alive | c340:1980@4.563e-4  c660:4@1.186e-3  c800:60@2.195e-2  c780:19@2.196e-2  c820:337@2.546e-2  c840:1600@8.394e-2
    841      27    34  4.563436e-4  7.148056e-1    7.0356e-6   0.9999991554   0.9999991249              -       10    -17.17
  cohorts 6 alive | c340:1980@4.563e-4  c800:60@4.563e-4  c660:4@1.186e-3  c820:337@2.743e-3  c780:19@2.195e-2  c840:1600@8.394e-2
    842      27    34  4.563436e-4  7.224830e-1    7.0356e-6   0.9999991554   0.9999991249              -       10    -17.17
  cohorts 6 alive | c340:1980@4.563e-4  c780:19@1.178e-3  c660:4@1.186e-3  c820:337@3.820e-3  c800:60@1.447e-2  c840:1600@8.394e-2
    843      27    34  4.563436e-4  7.360180e-1    7.0356e-6   0.9999991554   0.9999991249              -       10    -17.17
  cohorts 6 alive | c340:1980@4.563e-4  c660:4@1.186e-3  c820:337@2.639e-3  c780:19@3.549e-3  c800:60@8.085e-3  c840:1600@8.394e-2
    844      27    34  4.563436e-4  7.231191e-1    7.0356e-6   0.9999991554   0.9999991249              -       10    -17.17
  cohorts 6 alive | c340:1980@4.563e-4  c820:337@6.939e-4  c660:4@1.186e-3  c780:19@4.446e-3  c800:60@2.195e-2  c840:1600@8.394e-2
    845      27    34  4.563436e-4  7.404007e-1    7.0356e-6   0.9999991554   0.9999991249              -       10    -17.17
  cohorts 6 alive | c340:1980@4.563e-4  c800:60@4.576e-4  c780:19@1.169e-3  c660:4@1.186e-3  c820:337@4.731e-3  c840:1600@8.394e-2
    846      27    34  4.563436e-4  7.374319e-1    7.0356e-6   0.9999991554   0.9999991249              -       10    -17.17
  cohorts 6 alive | c340:1980@4.563e-4  c660:4@1.186e-3  c780:19@2.749e-3  c820:337@6.463e-3  c800:60@1.853e-2  c840:1600@8.245e-2
    847      27    34  4.563436e-4  7.263210e-1    7.0356e-6   0.9999991554   0.9999991249              -       10    -17.17
  cohorts 6 alive | c340:1980@4.563e-4  c780:19@4.608e-4  c660:4@1.186e-3  c800:60@4.593e-3  c820:337@1.951e-2  c840:1600@8.037e-2
    848      27    34  4.563436e-4  7.290530e-1    7.0356e-6   0.9999991554   0.9999991249              -       10    -17.17
  cohorts 6 alive | c340:1980@4.563e-4  c660:4@1.186e-3  c780:19@3.171e-3  c820:337@9.065e-3  c800:60@1.663e-2  c840:1600@7.677e-2
    849      27    34  4.552195e-4  7.629492e-1    7.0287e-6   0.9999991563   0.9999991412              -       10    -17.18
  cohorts 6 alive | c340:1980@4.552e-4  c660:4@1.186e-3  c820:337@2.343e-3  c780:19@4.278e-3  c800:60@2.195e-2  c840:1600@7.476e-2
    850      27    34  4.549434e-4  7.624947e-1    7.0405e-6   0.9999991548   0.9999991416              -       10    -17.18
  cohorts 6 alive | c340:1980@4.549e-4  c660:4@1.186e-3  c820:337@2.240e-3  c780:19@1.792e-2  c800:60@2.195e-2  c840:1600@7.151e-2
    851      27    34  4.549434e-4  8.444000e-1    7.0405e-6   0.9999991548   0.9999991416              -       10    -17.18
  cohorts 6 alive | c340:1980@4.549e-4  c660:4@1.186e-3  c800:60@1.426e-2  c780:19@1.673e-2  c820:337@2.538e-2  c840:1600@7.088e-2
    852      27    34  4.549434e-4  8.766418e-1    7.0405e-6   0.9999991548   0.9999991416              -       10    -17.18
  cohorts 6 alive | c340:1980@4.549e-4  c660:4@1.186e-3  c820:337@1.978e-3  c800:60@2.748e-3  c780:19@2.538e-2  c840:1600@6.238e-2
    853      27    34  4.548242e-4  8.391544e-1    7.0368e-6   0.9999991553   0.9999991416              -       10    -17.18
  cohorts 6 alive | c340:1980@4.548e-4  c800:60@4.549e-4  c660:4@1.186e-3  c820:337@3.404e-3  c780:19@4.525e-3  c840:1600@6.179e-2
    854      27    34  4.548242e-4  8.743401e-1    7.0368e-6   0.9999991553   0.9999991416              -       10    -17.18
  cohorts 6 alive | c340:1980@4.548e-4  c820:337@1.136e-3  c660:4@1.186e-3  c780:19@2.970e-3  c800:60@7.736e-3  c840:1600@6.179e-2
    855      27    34  4.547968e-4  9.070367e-1    7.0363e-6   0.9999991553   0.9999991416              -       10    -17.18
  cohorts 6 alive | c340:1980@4.548e-4  c660:4@1.186e-3  c780:19@2.856e-3  c800:60@1.826e-2  c820:337@2.420e-2  c840:1600@6.179e-2
    856      27    34  4.547968e-4  9.059891e-1    7.0363e-6   0.9999991553   0.9999991416              -       10    -17.18
  cohorts 6 alive | c340:1980@4.548e-4  c660:4@1.186e-3  c820:337@4.941e-3  c780:19@7.873e-3  c800:60@2.191e-2  c840:1600@6.179e-2
    857      27    34  4.547804e-4  9.181499e-1    7.0244e-6   0.9999991568   0.9999991454              -       10    -17.18
  cohorts 6 alive | c340:1980@4.548e-4  c800:60@1.086e-3  c660:4@1.174e-3  c780:19@4.731e-3  c820:337@2.226e-2  c840:1600@5.124e-2
    858      27    34  4.547804e-4  8.238631e-1    7.0244e-6   0.9999991568   0.9999991454              -       10    -17.18
  cohorts 6 alive | c340:1980@4.548e-4  c800:60@4.548e-4  c820:337@4.548e-4  c660:4@1.186e-3  c780:19@2.195e-2  c840:1600@4.336e-2
    859      27    34  4.547804e-4  7.410567e-1    7.0244e-6   0.9999991568   0.9999991454              -       10    -17.18
  cohorts 6 alive | c340:1980@4.548e-4  c660:4@1.186e-3  c780:19@3.271e-3  c820:337@3.298e-3  c800:60@2.173e-2  c840:1600@4.203e-2
    860      27    34  4.547804e-4  9.908953e-1    7.0244e-6   0.9999991568   0.9999991454              -       10    -17.18
  cohorts 6 alive | c340:1980@4.548e-4  c660:4@1.186e-3  c820:83@2.157e-2  c800:14@2.173e-2  c840:319@3.132e-2  c860:1600@8.535e-2
    861      27    34  4.547804e-4  7.702448e-1    7.0244e-6   0.9999991568   0.9999991454              -       10    -17.18
  cohorts 6 alive | c340:1980@4.548e-4  c800:14@1.142e-3  c660:4@1.186e-3  c820:83@1.989e-3  c840:319@2.351e-3  c860:1600@8.416e-2
    862      27    34  4.547804e-4  7.425336e-1    7.0244e-6   0.9999991568   0.9999991454              -       10    -17.18
  cohorts 6 alive | c340:1980@4.548e-4  c660:4@1.186e-3  c820:83@1.937e-3  c800:14@2.036e-2  c840:319@2.431e-2  c860:1600@8.272e-2
    863      27    34  4.547804e-4  7.545122e-1    7.0244e-6   0.9999991568   0.9999991454              -       10    -17.18
  cohorts 6 alive | c340:1980@4.548e-4  c660:4@1.186e-3  c820:83@2.773e-3  c840:319@3.583e-3  c800:14@6.226e-3  c860:1600@8.272e-2
    864      27    34  4.547804e-4  7.381434e-1    7.0244e-6   0.9999991568   0.9999991454              -       10    -17.18
  cohorts 6 alive | c340:1980@4.548e-4  c820:83@1.159e-3  c660:4@1.186e-3  c840:319@1.224e-3  c800:14@2.171e-2  c860:1600@8.272e-2
    865      27    34  4.547804e-4  7.684246e-1    7.0244e-6   0.9999991568   0.9999991454              -       10    -17.18
  cohorts 6 alive | c340:1980@4.548e-4  c660:4@1.186e-3  c840:319@1.368e-2  c820:83@2.153e-2  c800:14@2.171e-2  c860:1600@7.502e-2
    866      27    34  4.547804e-4  7.162035e-1    7.0244e-6   0.9999991568   0.9999991454              -       10    -17.18
  cohorts 6 alive | c340:1980@4.548e-4  c840:319@4.548e-4  c820:83@1.130e-3  c660:4@1.186e-3  c800:14@7.551e-3  c860:1600@7.104e-2
    867      27    34  4.547804e-4  7.530554e-1    7.0244e-6   0.9999991568   0.9999991454              -       10    -17.18
  cohorts 6 alive | c340:1980@4.548e-4  c800:14@1.148e-3  c660:4@1.186e-3  c820:83@3.104e-3  c840:319@3.213e-3  c860:1600@6.797e-2
    868      27    34  4.547804e-4  7.741978e-1    7.0244e-6   0.9999991568   0.9999991454              -       10    -17.18
  cohorts 6 alive | c340:1980@4.548e-4  c660:4@1.186e-3  c800:14@1.899e-3  c840:319@2.428e-3  c820:83@2.171e-2  c860:1600@6.163e-2
    869      27    34  4.547804e-4  7.782035e-1    7.0244e-6   0.9999991568   0.9999991454              -       10    -17.18
  cohorts 6 alive | c340:1980@4.548e-4  c660:4@1.186e-3  c800:14@8.193e-3  c820:83@1.343e-2  c840:319@2.171e-2  c860:1600@6.163e-2
    870      28    34  4.547804e-4  7.539474e-1    7.0244e-6   0.9999991568   0.9999991454              -       10    -17.18
  cohorts 6 alive | c340:1980@4.548e-4  c660:4@1.186e-3  c840:319@1.350e-3  c820:83@3.813e-3  c800:14@1.675e-2  c860:1600@6.113e-2
    871      28    34  4.547804e-4  7.975920e-1    7.0244e-6   0.9999991568   0.9999991454              -       10    -17.18
  cohorts 6 alive | c340:1980@4.548e-4  c660:4@1.186e-3  c800:14@2.290e-3  c820:83@1.811e-2  c840:319@2.171e-2  c860:1600@5.608e-2
    872      28    34  4.547804e-4  7.513260e-1    7.0244e-6   0.9999991568   0.9999991454              -       10    -17.18
  cohorts 6 alive | c340:1980@4.548e-4  c840:319@6.513e-4  c800:14@1.172e-3  c660:4@1.186e-3  c820:83@2.237e-3  c860:1600@5.594e-2
    873      28    34  4.547804e-4  7.919053e-1    7.0244e-6   0.9999991568   0.9999991454              -       10    -17.18
  cohorts 6 alive | c340:1980@4.548e-4  c660:4@1.186e-3  c800:14@3.420e-3  c820:83@1.762e-2  c840:319@2.108e-2  c860:1600@5.588e-2
    874      28    34  4.547804e-4  7.828038e-1    7.0244e-6   0.9999991568   0.9999991454              -       10    -17.18
  cohorts 6 alive | c340:1980@4.548e-4  c660:4@1.186e-3  c820:83@3.963e-3  c840:319@1.074e-2  c800:14@1.497e-2  c860:1600@5.567e-2
    875      28    34  4.547804e-4  7.468639e-1    7.0244e-6   0.9999991568   0.9999991454              -       10    -17.18
  cohorts 6 alive | c340:1980@4.548e-4  c660:4@1.186e-3  c800:14@3.417e-3  c820:83@4.521e-3  c840:319@2.034e-2  c860:1600@4.322e-2
    876      28    34  4.547804e-4  7.351672e-1    7.0244e-6   0.9999991568   0.9999991454              -       10    -17.18
  cohorts 6 alive | c340:1980@4.548e-4  c800:14@1.081e-3  c660:4@1.186e-3  c820:83@1.668e-2  c840:319@1.676e-2  c860:1600@3.875e-2
    877      28    34  4.547804e-4  7.405455e-1    7.0244e-6   0.9999991568   0.9999991454              -       10    -17.18
  cohorts 6 alive | c340:1980@4.548e-4  c660:4@1.186e-3  c800:14@2.050e-2  c820:83@2.050e-2  c840:319@2.103e-2  c860:1600@2.576e-2
    878      28    34  4.547804e-4  7.923523e-1    7.0244e-6   0.9999991568   0.9999991454              -       10    -17.18
  cohorts 6 alive | c340:1980@4.548e-4  c840:319@4.602e-4  c660:4@1.186e-3  c800:14@8.414e-3  c820:83@1.453e-2  c860:1600@2.566e-2
    879      28    34  4.547804e-4  7.586751e-1    7.0244e-6   0.9999991568   0.9999991454              -       10    -17.18
  cohorts 6 alive | c340:1980@4.548e-4  c660:4@1.186e-3  c820:83@2.878e-3  c840:319@5.174e-3  c800:14@2.050e-2  c860:1600@2.566e-2
    880      28    34  4.547804e-4   1.008140e0    7.0244e-6   0.9999991568   0.9999991454              -       10    -17.18
  cohorts 6 alive | c340:1980@4.548e-4  c660:4@1.186e-3  c820:18@1.954e-2  c840:62@2.050e-2  c860:336@2.566e-2  c880:1600@9.110e-2
    881      28    34  4.547804e-4  7.300746e-1    7.0244e-6   0.9999991568   0.9999991454              -       10    -17.18
  cohorts 6 alive | c340:1980@4.548e-4  c660:4@1.186e-3  c820:18@2.644e-3  c860:336@4.296e-3  c840:62@1.827e-2  c880:1600@8.245e-2
    882      28    34  4.547804e-4  7.421239e-1    7.0244e-6   0.9999991568   0.9999991454              -       10    -17.18
  cohorts 6 alive | c340:1980@4.548e-4  c860:336@1.172e-3  c660:4@1.186e-3  c840:62@2.156e-3  c820:18@2.103e-2  c880:1600@6.813e-2
    883      28    34  4.547804e-4  7.610638e-1    7.0244e-6   0.9999991568   0.9999991454              -       10    -17.18
  cohorts 6 alive | c340:1980@4.548e-4  c660:4@1.186e-3  c860:336@3.288e-3  c820:18@1.268e-2  c840:62@2.050e-2  c880:1600@5.696e-2
    884      28    34  4.547804e-4  7.244239e-1    7.0244e-6   0.9999991568   0.9999991454              -       10    -17.18
  cohorts 6 alive | c340:1980@4.548e-4  c660:4@4.548e-4  c860:336@3.843e-3  c840:62@1.878e-2  c820:18@1.880e-2  c880:1600@5.696e-2
    885      28    34  4.547804e-4  7.486020e-1    7.0244e-6   0.9999991568   0.9999991454              -       10    -17.18
  cohorts 6 alive | c340:1980@4.548e-4  c660:4@4.548e-4  c820:18@3.850e-3  c860:336@1.862e-2  c840:62@1.941e-2  c880:1600@5.696e-2
    886      28    34  4.547804e-4  7.555979e-1    7.0244e-6   0.9999991568   0.9999991454              -       10    -17.18
  cohorts 6 alive | c340:1980@4.548e-4  c660:4@1.186e-3  c820:18@2.145e-3  c840:62@2.978e-3  c860:336@3.328e-3  c880:1600@5.696e-2
    887      28    34  4.547768e-4  7.645743e-1    7.0244e-6   0.9999991568   0.9999991454              -       10    -17.18
  cohorts 6 alive | c340:1980@4.548e-4  c660:4@1.186e-3  c840:62@4.536e-3  c860:336@8.078e-3  c820:18@8.179e-3  c880:1600@5.696e-2
    888      28    34  4.547768e-4  6.880118e-1    7.0244e-6   0.9999991568   0.9999991454              -       10    -17.18
  cohorts 6 alive | c340:1980@4.548e-4  c820:18@4.548e-4  c660:4@1.186e-3  c840:62@2.050e-2  c860:336@2.556e-2  c880:1600@5.696e-2
    889      28    34  4.547768e-4  6.970610e-1    7.0244e-6   0.9999991568   0.9999991454              -       10    -17.18
  cohorts 6 alive | c340:1980@4.548e-4  c660:4@1.186e-3  c820:18@1.575e-2  c840:62@2.050e-2  c860:336@2.172e-2  c880:1600@5.696e-2
    890      28    34  4.547768e-4  6.946779e-1    7.0244e-6   0.9999991568   0.9999991454              -       10    -17.18
  cohorts 6 alive | c340:1980@4.548e-4  c840:62@4.548e-4  c660:4@1.186e-3  c820:18@3.416e-3  c860:336@2.556e-2  c880:1600@5.653e-2
    891      28    34  4.547768e-4  6.804562e-1    7.0244e-6   0.9999991568   0.9999991454              -       10    -17.18
  cohorts 6 alive | c340:1980@4.548e-4  c660:4@1.186e-3  c820:18@2.695e-3  c840:62@2.781e-3  c860:336@1.693e-2  c880:1600@5.642e-2
    892      28    34  4.547768e-4  6.689269e-1    7.0244e-6   0.9999991568   0.9999991454              -       10    -17.18
  cohorts 6 alive | c340:1980@4.548e-4  c660:4@1.186e-3  c820:18@2.003e-3  c840:62@2.540e-3  c860:336@8.648e-3  c880:1600@5.639e-2
    893      28    34  4.547768e-4  6.546846e-1    7.0244e-6   0.9999991568   0.9999991454              -       10    -17.18
  cohorts 6 alive | c340:1980@4.548e-4  c840:62@4.669e-4  c660:4@1.186e-3  c820:18@3.252e-3  c860:336@2.556e-2  c880:1600@5.639e-2
    894      28    34  4.547768e-4  6.686123e-1    7.0244e-6   0.9999991568   0.9999991454              -       10    -17.18
  cohorts 6 alive | c340:1980@4.548e-4  c820:18@9.996e-4  c660:4@1.186e-3  c840:62@1.582e-2  c860:336@1.921e-2  c880:1600@5.597e-2
    895      28    34  4.547768e-4  6.654181e-1    7.0244e-6   0.9999991568   0.9999991454              -       10    -17.18
  cohorts 6 alive | c340:1980@4.548e-4  c660:4@1.186e-3  c860:336@4.497e-3  c840:62@4.946e-3  c820:18@2.050e-2  c880:1600@4.953e-2
    896      28    34  4.547768e-4  7.029181e-1    7.0244e-6   0.9999991568   0.9999991454              -       10    -17.18
  cohorts 6 alive | c340:1980@4.548e-4  c660:4@1.186e-3  c840:62@2.019e-3  c820:18@1.833e-2  c860:336@2.050e-2  c880:1600@4.953e-2
    897      28    34  4.547768e-4  7.198600e-1    7.0244e-6   0.9999991568   0.9999991454              -       10    -17.18
  cohorts 6 alive | c340:1980@4.548e-4  c660:4@1.186e-3  c860:336@1.489e-3  c840:62@2.015e-3  c820:18@2.050e-2  c880:1600@4.953e-2
    898      28    34  4.547768e-4  7.129761e-1    7.0244e-6   0.9999991568   0.9999991454              -       10    -17.18
  cohorts 6 alive | c340:1980@4.548e-4  c660:4@1.186e-3  c820:18@1.664e-3  c860:336@2.613e-3  c840:62@1.825e-2  c880:1600@4.953e-2
    899      28    34  4.547768e-4  7.252731e-1    7.0244e-6   0.9999991568   0.9999991454              -       10    -17.18
  cohorts 6 alive | c340:1980@4.548e-4  c660:4@1.186e-3  c820:18@3.571e-3  c840:62@6.261e-3  c860:336@1.511e-2  c880:1600@4.855e-2
    900      28    34  4.547768e-4  9.266459e-1    7.0244e-6   0.9999991568   0.9999991454              -       10    -17.18
  cohorts 6 alive | c340:1980@4.548e-4  c660:4@1.186e-3  c860:91@1.924e-2  c840:11@2.050e-2  c880:314@4.489e-2  c900:1600@9.222e-2
    901      29    34  4.547768e-4  7.774139e-1    7.0244e-6   0.9999991568   0.9999991454              -       10    -17.18
  cohorts 6 alive | c340:1980@4.548e-4  c880:314@4.552e-4  c660:4@1.186e-3  c840:11@2.133e-3  c860:91@5.556e-3  c900:1600@9.094e-2
    902      29    34  4.547768e-4  7.779995e-1    7.0244e-6   0.9999991568   0.9999991454              -       10    -17.18
  cohorts 6 alive | c340:1980@4.548e-4  c660:4@1.186e-3  c840:11@6.440e-3  c860:91@1.924e-2  c880:314@4.489e-2  c900:1600@8.415e-2
    903      29    34  4.547768e-4  7.328168e-1    7.0244e-6   0.9999991568   0.9999991454              -       10    -17.18
  cohorts 6 alive | c340:1980@4.548e-4  c860:91@4.548e-4  c660:4@1.186e-3  c840:11@2.799e-3  c880:314@1.652e-2  c900:1600@7.806e-2
    904      29    34  4.547768e-4  7.036513e-1    7.0244e-6   0.9999991568   0.9999991454              -       10    -17.18
  cohorts 6 alive | c340:1980@4.548e-4  c840:11@4.548e-4  c860:91@4.686e-4  c660:4@1.186e-3  c880:314@1.954e-2  c900:1600@6.921e-2
    905      29    34  4.547768e-4  7.514018e-1    7.0244e-6   0.9999991568   0.9999991454              -       10    -17.18
  cohorts 6 alive | c340:1980@4.548e-4  c840:11@8.048e-4  c660:4@1.186e-3  c880:314@3.840e-3  c860:91@1.924e-2  c900:1600@6.868e-2
    906      29    34  4.547768e-4  7.901927e-1    7.0244e-6   0.9999991568   0.9999991454              -       10    -17.18
  cohorts 6 alive | c340:1980@4.548e-4  c880:314@4.572e-4  c660:4@1.186e-3  c860:91@7.373e-3  c840:11@9.496e-3  c900:1600@5.607e-2
    907      29    34  4.547768e-4  7.533908e-1    7.0244e-6   0.9999991568   0.9999991454              -       10    -17.18
  cohorts 6 alive | c340:1980@4.548e-4  c660:4@1.186e-3  c880:314@8.631e-3  c860:91@1.826e-2  c840:11@1.924e-2  c900:1600@4.192e-2
    908      29    34  4.547768e-4  7.628349e-1    7.0244e-6   0.9999991568   0.9999991454              -       10    -17.18
  cohorts 6 alive | c340:1980@4.548e-4  c660:4@1.186e-3  c880:314@1.150e-2  c840:11@1.709e-2  c860:91@1.906e-2  c900:1600@3.871e-2
    909      29    34  4.547768e-4  7.736859e-1    7.0244e-6   0.9999991568   0.9999991454              -       10    -17.18
  cohorts 6 alive | c340:1980@4.548e-4  c660:4@1.186e-3  c880:314@3.837e-3  c860:91@1.602e-2  c840:11@2.113e-2  c900:1600@3.869e-2
    910      29    34  4.547768e-4  7.551854e-1    7.0244e-6   0.9999991568   0.9999991454              -       10    -17.18
  cohorts 6 alive | c340:1980@4.548e-4  c660:4@1.186e-3  c840:11@1.518e-3  c860:91@4.223e-3  c880:314@7.644e-3  c900:1600@3.744e-2
    911      29    34  4.547768e-4  7.746478e-1    7.0244e-6   0.9999991568   0.9999991454              -       10    -17.18
  cohorts 6 alive | c340:1980@4.548e-4  c840:11@4.552e-4  c860:91@7.423e-4  c660:4@1.186e-3  c880:314@4.092e-3  c900:1600@3.705e-2
    912      29    34  4.547768e-4  8.213797e-1    7.0244e-6   0.9999991568   0.9999991454              -       10    -17.18
  cohorts 6 alive | c340:1980@4.548e-4  c660:4@1.186e-3  c840:11@3.065e-3  c860:91@1.906e-2  c900:1600@3.309e-2  c880:314@4.316e-2
    913      29    34  4.547768e-4  8.267900e-1    7.0244e-6   0.9999991568   0.9999991454              -       10    -17.18
  cohorts 6 alive | c340:1980@4.548e-4  c840:11@4.548e-4  c660:4@1.186e-3  c860:91@1.264e-2  c900:1600@3.082e-2  c880:314@4.316e-2
    914      29    34  4.547768e-4  8.178156e-1    7.0244e-6   0.9999991568   0.9999991454              -       10    -17.18
  cohorts 6 alive | c340:1980@4.548e-4  c660:4@1.186e-3  c840:11@3.541e-3  c860:91@1.906e-2  c880:314@2.090e-2  c900:1600@3.058e-2
    915      29    34  4.547768e-4  8.134209e-1    7.0244e-6   0.9999991568   0.9999991454              -       10    -17.18
  cohorts 6 alive | c340:1980@4.548e-4  c660:4@1.186e-3  c860:91@1.989e-3  c840:11@4.341e-3  c880:314@1.685e-2  c900:1600@3.047e-2
    916      29    34  4.547768e-4  8.264992e-1    7.0244e-6   0.9999991568   0.9999991454              -       10    -17.18
  cohorts 6 alive | c340:1980@4.548e-4  c660:4@1.186e-3  c840:11@3.448e-3  c880:314@3.889e-3  c860:91@1.861e-2  c900:1600@3.040e-2
    917      29    34  4.547768e-4  8.362147e-1    7.0244e-6   0.9999991568   0.9999991454              -       10    -17.18
  cohorts 6 alive | c340:1980@4.548e-4  c660:4@1.186e-3  c840:11@5.346e-3  c860:91@8.644e-3  c880:314@1.811e-2  c900:1600@3.040e-2
    918      29    34  4.547768e-4  8.331921e-1    7.0244e-6   0.9999991568   0.9999991454              -       10    -17.18
  cohorts 6 alive | c340:1980@4.548e-4  c860:91@4.548e-4  c660:4@1.186e-3  c880:314@1.391e-2  c840:11@2.173e-2  c900:1600@2.998e-2
    919      29    34  4.547768e-4  8.879624e-1    7.0244e-6   0.9999991568   0.9999991454              -       10    -17.18
  cohorts 6 alive | c340:1980@4.548e-4  c660:4@1.186e-3  c840:11@3.947e-3  c880:314@1.752e-2  c860:91@1.826e-2  c900:1600@2.998e-2
    920      29    34  4.547768e-4  9.039432e-1    7.0244e-6   0.9999991568   0.9999991454              -       10    -17.18
  cohorts 7 alive | c340:1965@4.548e-4  c840:9@5.998e-4  c660:5@1.186e-3  c860:28@1.500e-3  c880:88@4.593e-3  c900:305@2.997e-2
    921      29    34  4.547768e-4  7.457825e-1    7.0244e-6   0.9999991568   0.9999991454              -       10    -17.18
  cohorts 7 alive | c340:1965@4.548e-4  c900:305@4.610e-4  c660:5@1.186e-3  c860:28@2.944e-3  c880:88@4.912e-3  c920:1600@8.245e-2
    922      29    34  4.547768e-4  7.113236e-1    7.0244e-6   0.9999991568   0.9999991454              -       10    -17.18
  cohorts 7 alive | c340:1965@4.548e-4  c660:5@1.186e-3  c860:28@1.410e-3  c840:9@2.090e-3  c900:305@5.574e-3  c880:88@1.702e-2
    923      29    34  4.547768e-4  7.341406e-1    7.0244e-6   0.9999991568   0.9999991454              -       10    -17.18
  cohorts 7 alive | c340:1965@4.548e-4  c660:5@1.186e-3  c840:9@1.311e-3  c880:88@3.265e-3  c860:28@4.383e-3  c900:305@2.997e-2
    924      29    34  4.547768e-4  7.063692e-1    7.0244e-6   0.9999991568   0.9999991454              -       10    -17.18
  cohorts 7 alive | c340:1965@4.548e-4  c860:28@4.548e-4  c660:5@1.186e-3  c840:9@2.361e-3  c900:305@3.165e-3  c880:88@4.417e-3
    925      29    34  4.547768e-4  7.516701e-1    7.0244e-6   0.9999991568   0.9999991454              -       10    -17.18
  cohorts 7 alive | c340:1965@4.548e-4  c840:9@4.548e-4  c660:5@1.186e-3  c880:88@3.114e-3  c860:28@4.204e-3  c900:305@2.997e-2
    926      29    34  4.547768e-4  7.876227e-1    7.0244e-6   0.9999991568   0.9999991454              -       10    -17.18
  cohorts 7 alive | c340:1965@4.548e-4  c660:5@1.186e-3  c840:9@2.585e-3  c880:88@3.455e-3  c860:28@1.585e-2  c900:305@2.586e-2
    927      29    34  4.547768e-4  7.509192e-1    7.0244e-6   0.9999991568   0.9999991454              -       10    -17.18
  cohorts 7 alive | c340:1965@4.548e-4  c860:28@4.548e-4  c880:88@9.981e-4  c660:5@1.186e-3  c840:9@3.654e-3  c900:305@3.949e-3
    928      29    34  4.547768e-4  7.360708e-1    7.0244e-6   0.9999991568   0.9999991454              -       10    -17.18
  cohorts 7 alive | c340:1965@4.548e-4  c860:28@4.548e-4  c660:5@1.186e-3  c880:88@1.697e-3  c840:9@4.526e-3  c900:305@1.213e-2
    929      29    34  4.547768e-4  8.001483e-1    7.0244e-6   0.9999991568   0.9999991454              -       10    -17.18
  cohorts 7 alive | c340:1965@4.548e-4  c860:28@1.148e-3  c660:5@1.186e-3  c840:9@3.752e-3  c880:88@1.459e-2  c900:305@1.817e-2
    930      29    34  4.547768e-4  7.777958e-1    7.0244e-6   0.9999991568   0.9999991454              -       10    -17.18
  cohorts 7 alive | c340:1965@4.548e-4  c840:9@4.548e-4  c900:305@4.677e-4  c660:5@1.186e-3  c860:28@2.395e-3  c880:88@1.837e-2
    931      30    34  4.547768e-4  8.085924e-1    7.0244e-6   0.9999991568   0.9999991454              -       10    -17.18
  cohorts 7 alive | c340:1965@4.548e-4  c660:5@1.186e-3  c900:305@2.023e-3  c860:28@1.301e-2  c880:88@1.699e-2  c840:9@2.314e-2
    932      30    34  4.547768e-4  7.440405e-1    7.0244e-6   0.9999991568   0.9999991454              -       10    -17.18
  cohorts 7 alive | c340:1965@4.548e-4  c840:9@6.849e-4  c660:5@1.186e-3  c880:88@1.194e-3  c860:28@3.371e-3  c900:305@2.997e-2
    933      30    34  4.547768e-4  7.761401e-1    7.0244e-6   0.9999991568   0.9999991454              -       10    -17.18
  cohorts 7 alive | c340:1965@4.548e-4  c660:5@1.186e-3  c840:9@2.544e-3  c860:28@2.694e-3  c900:305@2.784e-3  c880:88@3.352e-3
    934      30    34  4.547768e-4  7.748443e-1    7.0244e-6   0.9999991568   0.9999991454              -       10    -17.18
  cohorts 7 alive | c340:1965@4.548e-4  c660:5@1.186e-3  c880:88@2.653e-3  c840:9@2.808e-3  c900:305@1.636e-2  c860:28@3.311e-2
    935      30    34  4.547768e-4  7.865164e-1    7.0244e-6   0.9999991568   0.9999991454              -       10    -17.18
  cohorts 7 alive | c340:1965@4.548e-4  c840:9@8.048e-4  c660:5@1.186e-3  c860:28@4.107e-3  c880:88@9.345e-3  c900:305@2.997e-2
    936      30    34  4.547768e-4  7.658024e-1    7.0244e-6   0.9999991568   0.9999991454              -       10    -17.18
  cohorts 7 alive | c340:1965@4.548e-4  c660:5@6.589e-4  c900:305@6.849e-4  c840:9@1.960e-3  c880:88@3.127e-3  c860:28@7.641e-3
    937      30    34  4.547768e-4  7.771739e-1    7.0244e-6   0.9999991568   0.9999991454              -       10    -17.18
  cohorts 7 alive | c340:1965@4.548e-4  c660:5@1.186e-3  c900:305@2.454e-3  c840:9@3.057e-3  c880:88@3.183e-3  c860:28@9.279e-3
    938      30    34  4.547768e-4  7.667690e-1    7.0244e-6   0.9999991568   0.9999991454              -       10    -17.18
  cohorts 7 alive | c340:1965@4.548e-4  c660:5@1.186e-3  c880:88@1.910e-3  c860:28@4.436e-3  c900:305@1.628e-2  c920:1600@3.691e-2
    939      30    34  4.547768e-4  7.587962e-1    7.0244e-6   0.9999991568   0.9999991454              -       10    -17.18
  cohorts 7 alive | c340:1965@4.548e-4  c900:305@6.848e-4  c660:5@1.186e-3  c880:88@1.782e-3  c840:9@2.384e-3  c860:28@1.495e-2
    940      30    34  4.547768e-4  9.524283e-1    7.0244e-6   0.9999991568   0.9999991454              -       10    -17.18
  cohorts 8 alive | c340:1949@4.548e-4  c660:7@1.186e-3  c860:16@1.627e-3  c880:32@3.182e-3  c840:7@1.879e-2  c900:45@2.997e-2
    941      30    34  4.547768e-4  7.154433e-1    7.0244e-6   0.9999991568   0.9999991454              -       10    -17.18
  cohorts 8 alive | c340:1949@4.548e-4  c660:7@4.741e-4  c880:32@1.148e-3  c840:7@2.810e-3  c900:45@3.400e-3  c860:16@7.683e-3
    942      30    34  4.547768e-4  6.947113e-1    7.0244e-6   0.9999991568   0.9999991454              -       10    -17.18
  cohorts 8 alive | c340:1949@4.548e-4  c660:7@1.186e-3  c860:16@1.672e-3  c880:32@1.772e-3  c920:344@3.394e-3  c900:45@5.823e-3
    943      30    34  4.547768e-4  7.300449e-1    7.0244e-6   0.9999991568   0.9999991454              -       10    -17.18
  cohorts 8 alive | c340:1949@4.548e-4  c660:7@4.605e-4  c840:7@1.028e-3  c880:32@1.518e-3  c860:16@2.623e-3  c920:344@3.464e-3
    944      30    34  4.547768e-4  7.540008e-1    7.0244e-6   0.9999991568   0.9999991454              -       10    -17.18
  cohorts 8 alive | c340:1949@4.548e-4  c840:7@1.024e-3  c860:16@1.059e-3  c660:7@1.186e-3  c900:45@2.098e-3  c880:32@2.218e-3
    945      30    34  4.547768e-4  6.838944e-1    7.0244e-6   0.9999991568   0.9999991454              -       10    -17.18
  cohorts 8 alive | c340:1949@4.548e-4  c900:45@4.678e-4  c840:7@1.135e-3  c660:7@1.186e-3  c920:344@2.219e-3  c860:16@2.473e-3
    946      30    34  4.547768e-4  6.696620e-1    7.0244e-6   0.9999991568   0.9999991454              -       10    -17.18
  cohorts 8 alive | c340:1949@4.548e-4  c880:32@1.172e-3  c660:7@1.186e-3  c860:16@3.851e-3  c920:344@1.825e-2  c900:45@1.976e-2
    946      30    34  4.547768e-4  6.696620e-1    7.0244e-6   0.9999991568   0.9999991454              -       10    -17.18
  cohorts 8 alive | c340:1949@4.548e-4  c880:32@1.172e-3  c660:7@1.186e-3  c860:16@3.851e-3  c920:344@1.825e-2  c900:45@1.976e-2
dataset /tmp/bacres1.tsv
rows: train 180, validation 45, unseen test 75
population 1 x (2000+2000) = 4000 | 946 generations in 30.0 s = 31.7 ms per generation | 3788000 individuals = 126224 per second | stopped by time
seconds: variation 0.20 | read-back 9.50 | decode 6.69 | evaluate 6.61 | link+scale+metrics 0.00 | HFF 4.66 | pump 0.75 | cross 0.00
seconds: snap 0.41 (0.006 per beat in the snap step itself)
SNAP	47	2256	234	194	0	166	head_oversize=0/no_rnc_slot=0/unmappable_op=0/not_closed=0/unchanged=28/model_oversize=274
SNAP_DETAIL	rows=752	rows_skipped=0	genes_examined=2256	genes_with_nonwhole_literal=786	literals_offered=597	literals_matched=234	by_family=Pi=94/E=12/Root=83/Rational=21/Physical=19/Other=5	band_overflows=0	kept_by_device=194	refused_by_f64=0	written_back=166	rows_changed=163	seconds_per_beat=0.0056
genes evaluated 3342737 (unique per generation), over the 64-node limit 0
1 - R²: train 8.433e-7, validation 8.548e-7
FOLD	2	0.006737947	exp((-5.0))
model: (((-2.959864967933)*(((((x_1 - (1/(x_0 + log((1/(x_0 + (x_1 + (1.5707963267948966 + Piecewise((acos(Piecewise((-1, ((sin((x_0 + tan((sin(tanh(sin(x_1))) - 19.0))))*19.0)**3) < -1), (1, ((sin((x_0 + tan((sin(tanh(sin(x_1))) - 19.0))))*19.0)**3) > 1), (((sin((x_0 + tan((sin(tanh(sin(x_1))) - 19.0))))*19.0)**3), True))), Abs(((sin((x_0 + tan((sin(tanh(sin(x_1))) - 19.0))))*19.0)**3)) < 1.7976931348623157e308), (0, True))))))))))/x_0) + (((x_1 - (1/((x_1 - sqrt(x_0))/x_0))) + x_0)/x_0)) + (x_0 + (1/tanh(asin(cos(tanh((tanh((((x_1 + log((-tan((0.006737946999085467 + (x_0/(-100.0))))))) - sqrt(((-1.5707963267948966)*(x_0 - x_1))))/(-10.0))) + log(x_0)))))))))/3.0)) + 22.4875610141329)
GENERATIONS	946	time	8.548e-7
HFF	0.000455	8.433e-7	8.548e-7	-
MSE	7.025e-6	2.742e-6	-
TOWER	10	reported only
PVALUE	6.615e-18	-17.18	6
GENES	3342737	0	3788000
MODEL_INFIX	(((-2.959864967933)*(((((x_1 - (1/(x_0 + log((1/(x_0 + (x_1 + (1.5707963267948966 + Piecewise((acos(Piecewise((-1, ((sin((x_0 + tan((sin(tanh(sin(x_1))) - 19.0))))*19.0)**3) < -1), (1, ((sin((x_0 + tan((sin(tanh(sin(x_1))) - 19.0))))*19.0)**3) > 1), (((sin((x_0 + tan((sin(tanh(sin(x_1))) - 19.0))))*19.0)**3), True))), Abs(((sin((x_0 + tan((sin(tanh(sin(x_1))) - 19.0))))*19.0)**3)) < 1.7976931348623157e308), (0, True))))))))))/x_0) + (((x_1 - (1/((x_1 - sqrt(x_0))/x_0))) + x_0)/x_0)) + (x_0 + (1/tanh(asin(cos(tanh((tanh((((x_1 + log((-tan((0.006737946999085467 + (x_0/(-100.0))))))) - sqrt(((-1.5707963267948966)*(x_0 - x_1))))/(-10.0))) + log(x_0)))))))))/3.0)) + 22.4875610141329)
MODEL_PLAIN	(((-2.959864967933)*(((((x_1 - (1/(x_0 + log((1/(x_0 + (x_1 + (1.5707963267948966 + acos(((sin((x_0 + tan((sin(tanh(sin(x_1))) - 19.0))))*19.0)**3))))))))))/x_0) + (((x_1 - (1/((x_1 - sqrt(x_0))/x_0))) + x_0)/x_0)) + (x_0 + (1/tanh(asin(cos(tanh((tanh((((x_1 + log((-tan((0.006737946999085467 + (x_0/(-100.0))))))) - sqrt(((-1.5707963267948966)*(x_0 - x_1))))/(-10.0))) + log(x_0)))))))))/3.0)) + 22.4875610141329)
RAW_MATH	(Add (Mul (Num -2.959864967933) (Div (Add (Add (ProtectedDiv (Sub (Var "x_1") (ProtectedInv (Add (Var "x_0") (ProtectedLog (ProtectedInv (Add (Var "x_0") (Abs (Add (Var "x_1") (Add (ProtectedAsin (Abs (Var "x_1"))) (ProtectedAcos (Sub (Pow3 (Mul (Sin (Add (Var "x_0") (Tan (Sub (Sin (Tanh (Sin (Var "x_1")))) (Num 19.0))))) (Num 19.0))) (ProtectedLog (Var "x_1"))))))))))))) (Var "x_0")) (ProtectedDiv (Add (Sub (Var "x_1") (ProtectedInv (ProtectedDiv (Sub (Var "x_1") (ProtectedSqrt (Var "x_0"))) (Var "x_0")))) (Var "x_0")) (Var "x_0"))) (Add (Var "x_0") (ProtectedDiv (ProtectedDiv (Var "x_1") (Tanh (Abs (ProtectedAsin (Cos (Tanh (Sub (Tanh (Abs (Neg (ProtectedDiv (Sub (Add (Var "x_1") (ProtectedLog (Tan (Add (ProtectedExp (Num -5.0)) (ProtectedDiv (Var "x_0") (Num -100.0)))))) (ProtectedSqrt (Mul (ProtectedAsin (Var "x_0")) (Neg (Sub (Var "x_0") (Var "x_1")))))) (Num -10.0))))) (ProtectedLog (Var "x_0"))))))))) (Var "x_1")))) (Num 3.0))) (Num 22.4875610141329))
R² on the unseen test rows: 1.000000
